{
  "head": {
    "optimistic": {
      "inverse_arithmetic_mean_rank": 0.0001544518426877092,
      "z_inverse_harmonic_mean_rank": 346.4978358203292,
      "geometric_mean_rank": 1096.0851867983336,
      "adjusted_arithmetic_mean_rank_index": 0.5695561538015013,
      "count": 500.0,
      "standard_deviation": 7435.159309786173,
      "adjusted_inverse_harmonic_mean_rank": 0.11470478712887519,
      "median_rank": 3489.5,
      "z_arithmetic_mean_rank": 22.01909192394586,
      "adjusted_arithmetic_mean_rank": 0.43048171524341744,
      "median_absolute_deviation": 5124.614568264613,
      "z_geometric_mean_rank": 20.195142837116382,
      "inverse_geometric_mean_rank": 0.0009123378474997928,
      "arithmetic_mean_rank": 6474.51,
      "adjusted_geometric_mean_rank_index": 0.9009668092122156,
      "variance": 55281593.96190001,
      "harmonic_mean_rank": 8.69366538627658,
      "inverse_median_rank": 0.0002865740077374982,
      "inverse_harmonic_mean_rank": 0.11502628127125228,
      "hits_at_1": 0.104,
      "hits_at_3": 0.116,
      "hits_at_5": 0.128,
      "hits_at_10": 0.134,
      "z_hits_at_k": 163.6504854169563,
      "adjusted_hits_at_k": 0.13371094017586793
    },
    "realistic": {
      "inverse_arithmetic_mean_rank": 0.0001544517872389406,
      "z_inverse_harmonic_mean_rank": 346.4978103220217,
      "geometric_mean_rank": 1096.0853271484375,
      "adjusted_arithmetic_mean_rank_index": 0.5695560070491181,
      "count": 500.0,
      "standard_deviation": 7435.15966796875,
      "adjusted_inverse_harmonic_mean_rank": 0.11470477868790491,
      "median_rank": 3489.5,
      "z_arithmetic_mean_rank": 22.019086250485582,
      "adjusted_arithmetic_mean_rank": 0.4304818619860432,
      "median_absolute_deviation": 5124.614568264613,
      "z_geometric_mean_rank": 20.195142552615415,
      "inverse_geometric_mean_rank": 0.0009123377385549247,
      "arithmetic_mean_rank": 6474.51220703125,
      "adjusted_geometric_mean_rank_index": 0.9009667965197614,
      "variance": 55281600.0,
      "harmonic_mean_rank": 8.693666024011947,
      "inverse_median_rank": 0.00028657400980591774,
      "inverse_harmonic_mean_rank": 0.11502627283334732,
      "hits_at_1": 0.104,
      "hits_at_3": 0.116,
      "hits_at_5": 0.128,
      "hits_at_10": 0.134,
      "z_hits_at_k": 163.6504854169563,
      "adjusted_hits_at_k": 0.13371094017586793
    },
    "pessimistic": {
      "inverse_arithmetic_mean_rank": 0.0001544517472662813,
      "z_inverse_harmonic_mean_rank": 346.49783537683754,
      "geometric_mean_rank": 1096.0859614564615,
      "adjusted_arithmetic_mean_rank_index": 0.5695558878290404,
      "count": 500.0,
      "standard_deviation": 7435.159518517676,
      "adjusted_inverse_harmonic_mean_rank": 0.11470478698206152,
      "median_rank": 3489.5,
      "z_arithmetic_mean_rank": 22.019081641426702,
      "adjusted_arithmetic_mean_rank": 0.4304819811981941,
      "median_absolute_deviation": 5124.614568264613,
      "z_geometric_mean_rank": 20.195141266821963,
      "inverse_geometric_mean_rank": 0.0009123372027055396,
      "arithmetic_mean_rank": 6474.514,
      "adjusted_geometric_mean_rank_index": 0.9009667391566006,
      "variance": 55281597.065804,
      "harmonic_mean_rank": 8.6936653973687,
      "inverse_median_rank": 0.0002865740077374982,
      "inverse_harmonic_mean_rank": 0.11502628112449192,
      "hits_at_1": 0.104,
      "hits_at_3": 0.116,
      "hits_at_5": 0.128,
      "hits_at_10": 0.134,
      "z_hits_at_k": 163.6504854169563,
      "adjusted_hits_at_k": 0.13371094017586793
    }
  },
  "tail": {
    "optimistic": {
      "inverse_arithmetic_mean_rank": 0.0005133601991837573,
      "z_inverse_harmonic_mean_rank": 695.4420688406822,
      "geometric_mean_rank": 96.8435887272724,
      "adjusted_arithmetic_mean_rank_index": 0.8767644826497722,
      "count": 500.0,
      "standard_deviation": 4453.278192017651,
      "adjusted_inverse_harmonic_mean_rank": 0.224214990827497,
      "median_rank": 152.5,
      "z_arithmetic_mean_rank": 33.955867725377864,
      "adjusted_arithmetic_mean_rank": 0.12329101013942684,
      "median_absolute_deviation": 224.6142361035987,
      "z_geometric_mean_rank": 22.229502525271137,
      "inverse_geometric_mean_rank": 0.010325928780026581,
      "arithmetic_mean_rank": 1947.95,
      "adjusted_geometric_mean_rank_index": 0.9917640153850914,
      "variance": 19831686.6555,
      "harmonic_mean_rank": 4.454669639221596,
      "inverse_median_rank": 0.006557377049180328,
      "inverse_harmonic_mean_rank": 0.22448353772306648,
      "hits_at_1": 0.182,
      "hits_at_3": 0.234,
      "hits_at_5": 0.27,
      "hits_at_10": 0.312,
      "z_hits_at_k": 391.8311022038143,
      "adjusted_hits_at_k": 0.3117821973007097
    },
    "realistic": {
      "inverse_arithmetic_mean_rank": 0.0005133601953275502,
      "z_inverse_harmonic_mean_rank": 695.4421056759397,
      "geometric_mean_rank": 96.84358978271484,
      "adjusted_arithmetic_mean_rank_index": 0.8767644857404316,
      "count": 500.0,
      "standard_deviation": 4453.2783203125,
      "adjusted_inverse_harmonic_mean_rank": 0.22421500270342068,
      "median_rank": 152.5,
      "z_arithmetic_mean_rank": 33.9558678450748,
      "adjusted_arithmetic_mean_rank": 0.12329100704896309,
      "median_absolute_deviation": 224.6142361035987,
      "z_geometric_mean_rank": 22.22950252323827,
      "inverse_geometric_mean_rank": 0.010325928218662739,
      "arithmetic_mean_rank": 1947.949951171875,
      "adjusted_geometric_mean_rank_index": 0.9917640152943956,
      "variance": 19831688.0,
      "harmonic_mean_rank": 4.454669403636388,
      "inverse_median_rank": 0.006557377055287361,
      "inverse_harmonic_mean_rank": 0.22448354959487918,
      "hits_at_1": 0.182,
      "hits_at_3": 0.234,
      "hits_at_5": 0.27,
      "hits_at_10": 0.312,
      "z_hits_at_k": 391.8311022038143,
      "adjusted_hits_at_k": 0.3117821973007097
    },
    "pessimistic": {
      "inverse_arithmetic_mean_rank": 0.0005133601991837573,
      "z_inverse_harmonic_mean_rank": 695.4420688406822,
      "geometric_mean_rank": 96.8435887272724,
      "adjusted_arithmetic_mean_rank_index": 0.8767644826497722,
      "count": 500.0,
      "standard_deviation": 4453.278192017651,
      "adjusted_inverse_harmonic_mean_rank": 0.224214990827497,
      "median_rank": 152.5,
      "z_arithmetic_mean_rank": 33.955867725377864,
      "adjusted_arithmetic_mean_rank": 0.12329101013942684,
      "median_absolute_deviation": 224.6142361035987,
      "z_geometric_mean_rank": 22.229502525271137,
      "inverse_geometric_mean_rank": 0.010325928780026581,
      "arithmetic_mean_rank": 1947.95,
      "adjusted_geometric_mean_rank_index": 0.9917640153850914,
      "variance": 19831686.6555,
      "harmonic_mean_rank": 4.454669639221596,
      "inverse_median_rank": 0.006557377049180328,
      "inverse_harmonic_mean_rank": 0.22448353772306648,
      "hits_at_1": 0.182,
      "hits_at_3": 0.234,
      "hits_at_5": 0.27,
      "hits_at_10": 0.312,
      "z_hits_at_k": 391.8311022038143,
      "adjusted_hits_at_k": 0.3117821973007097
    }
  },
  "both": {
    "optimistic": {
      "inverse_arithmetic_mean_rank": 0.00023746031444494843,
      "z_inverse_harmonic_mean_rank": 733.4407447590144,
      "geometric_mean_rank": 325.804884924019,
      "adjusted_arithmetic_mean_rank_index": 0.726943219809531,
      "count": 1000.0,
      "standard_deviation": 6532.922521130952,
      "adjusted_inverse_harmonic_mean_rank": 0.16946035422177577,
      "median_rank": 868.5,
      "z_arithmetic_mean_rank": 39.76946811777265,
      "adjusted_arithmetic_mean_rank": 0.2731039234349474,
      "median_absolute_deviation": 1286.1574245536096,
      "z_geometric_mean_rank": 30.76806157860827,
      "inverse_geometric_mean_rank": 0.0030693216899838997,
      "arithmetic_mean_rank": 4211.23,
      "adjusted_geometric_mean_rank_index": 0.9713528447326653,
      "variance": 42679076.6671,