{
  "head": {
    "optimistic": {
      "adjusted_arithmetic_mean_rank_index": 0.745575320313472,
      "count": 500.0,
      "standard_deviation": 1038.80423908261,
      "adjusted_inverse_harmonic_mean_rank": 0.003648299161096826,
      "median_rank": 1042.0,
      "z_arithmetic_mean_rank": 28.871882969931008,
      "adjusted_arithmetic_mean_rank": 0.25457922228670926,
      "median_absolute_deviation": 836.1876512371595,
      "z_geometric_mean_rank": 17.467696153416558,
      "inverse_geometric_mean_rank": 0.0012673158274263874,
      "arithmetic_mean_rank": 1228.192,
      "adjusted_geometric_mean_rank_index": 0.7782361943402442,
      "variance": 1079114.247136,
      "harmonic_mean_rank": 214.80180669350688,
      "inverse_median_rank": 0.0009596928982725527,
      "inverse_harmonic_mean_rank": 0.004655454325050742,
      "inverse_arithmetic_mean_rank": 0.0008142049451551549,
      "z_inverse_harmonic_mean_rank": 6.260050118345626,
      "geometric_mean_rank": 789.069289879192,
      "hits_at_1": 0.0,
      "hits_at_3": 0.002,
      "hits_at_5": 0.004,
      "hits_at_10": 0.006,
      "z_hits_at_k": 3.448953285670388,
      "adjusted_hits_at_k": 0.0049685618310604095
    },
    "realistic": {
      "adjusted_arithmetic_mean_rank_index": 0.7455753168715923,
      "count": 500.0,
      "standard_deviation": 1038.80419921875,
      "adjusted_inverse_harmonic_mean_rank": 0.0036482991438231936,
      "median_rank": 1042.0,
      "z_arithmetic_mean_rank": 28.87188283664662,
      "adjusted_arithmetic_mean_rank": 0.2545792257278755,
      "median_absolute_deviation": 836.1876512371595,
      "z_geometric_mean_rank": 17.467693934979426,
      "inverse_geometric_mean_rank": 0.0012673152377828956,
      "arithmetic_mean_rank": 1228.1920166015625,
      "adjusted_geometric_mean_rank_index": 0.7782360955024779,
      "variance": 1079114.25,
      "harmonic_mean_rank": 214.80180748970344,
      "inverse_median_rank": 0.0009596928721293807,
      "inverse_harmonic_mean_rank": 0.004655454307794571,
      "inverse_arithmetic_mean_rank": 0.0008142049191519618,
      "z_inverse_harmonic_mean_rank": 6.260050088706115,
      "geometric_mean_rank": 789.0696411132812,
      "hits_at_1": 0.0,
      "hits_at_3": 0.002,
      "hits_at_5": 0.004,
      "hits_at_10": 0.006,
      "z_hits_at_k": 3.448953285670388,
      "adjusted_hits_at_k": 0.0049685618310604095
    },
    "pessimistic": {
      "adjusted_arithmetic_mean_rank_index": 0.745575320313472,
      "count": 500.0,
      "standard_deviation": 1038.80423908261,
      "adjusted_inverse_harmonic_mean_rank": 0.003648299161096826,
      "median_rank": 1042.0,
      "z_arithmetic_mean_rank": 28.871882969931008,
      "adjusted_arithmetic_mean_rank": 0.25457922228670926,
      "median_absolute_deviation": 836.1876512371595,
      "z_geometric_mean_rank": 17.467696153416558,
      "inverse_geometric_mean_rank": 0.0012673158274263874,
      "arithmetic_mean_rank": 1228.192,
      "adjusted_geometric_mean_rank_index": 0.7782361943402442,
      "variance": 1079114.247136,
      "harmonic_mean_rank": 214.80180669350688,
      "inverse_median_rank": 0.0009596928982725527,
      "inverse_harmonic_mean_rank": 0.004655454325050742,
      "inverse_arithmetic_mean_rank": 0.0008142049451551549,
      "z_inverse_harmonic_mean_rank": 6.260050118345626,
      "geometric_mean_rank": 789.069289879192,
      "hits_at_1": 0.0,
      "hits_at_3": 0.002,
      "hits_at_5": 0.004,
      "hits_at_10": 0.006,
      "z_hits_at_k": 3.448953285670388,
      "adjusted_hits_at_k": 0.0049685618310604095
    }
  },
  "tail": {
    "optimistic": {
      "adjusted_arithmetic_mean_rank_index": 0.8294342694275563,
      "count": 500.0,
      "standard_deviation": 1225.7834778116403,
      "adjusted_inverse_harmonic_mean_rank": 0.10199109535276599,
      "median_rank": 323.5,
      "z_arithmetic_mean_rank": 32.12053972218334,
      "adjusted_arithmetic_mean_rank": 0.17073670479862402,
      "median_absolute_deviation": 475.17401103104544,
      "z_geometric_mean_rank": 21.547146594425453,
      "inverse_geometric_mean_rank": 0.006946746980098625,
      "arithmetic_mean_rank": 828.282,
      "adjusted_geometric_mean_rank_index": 0.9599970158127307,
      "variance": 1502545.134476,
      "harmonic_mean_rank": 9.718713797124295,
      "inverse_median_rank": 0.0030911901081916537,
      "inverse_harmonic_mean_rank": 0.10289427396204358,
      "inverse_arithmetic_mean_rank": 0.0012073182804890122,
      "z_inverse_harmonic_mean_rank": 175.49603678368632,
      "geometric_mean_rank": 143.95227044613085,
      "hits_at_1": 0.054,
      "hits_at_3": 0.114,
      "hits_at_5": 0.138,
      "hits_at_10": 0.212,
      "z_hits_at_k": 147.0098155122619,
      "adjusted_hits_at_k": 0.21118691199072687
    },
    "realistic": {
      "adjusted_arithmetic_mean_rank_index": 0.8294342730517447,
      "count": 500.0,
      "standard_deviation": 1225.783447265625,
      "adjusted_inverse_harmonic_mean_rank": 0.1019910903156146,
      "median_rank": 323.5,
      "z_arithmetic_mean_rank": 32.12053986253308,
      "adjusted_arithmetic_mean_rank": 0.1707367011751828,
      "median_absolute_deviation": 475.17401103104544,
      "z_geometric_mean_rank": 21.547146498199254,
      "inverse_geometric_mean_rank": 0.00694674625992775,
      "arithmetic_mean_rank": 828.281982421875,
      "adjusted_geometric_mean_rank_index": 0.9599970115255336,
      "variance": 1502545.0,
      "harmonic_mean_rank": 9.718714272421867,
      "inverse_median_rank": 0.0030911900103092194,
      "inverse_harmonic_mean_rank": 0.10289426892995834,
      "inverse_arithmetic_mean_rank": 0.0012073182733729482,
      "z_inverse_harmonic_mean_rank": 175.49602811626198,
      "geometric_mean_rank": 143.95228576660156,
      "hits_at_1": 0.054,
      "hits_at_3": 0.114,
      "hits_at_5": 0.138,
      "hits_at_10": 0.212,
      "z_hits_at_k": 147.0098155122619,
      "adjusted_hits_at_k": 0.21118691199072687
    },
    "pessimistic": {
      "adjusted_arithmetic_mean_rank_index": 0.8294342694275563,
      "count": 500.0,
      "standard_deviation": 1225.7834778116403,
      "adjusted_inverse_harmonic_mean_rank": 0.10199109535276599,
      "median_rank": 323.5,
      "z_arithmetic_mean_rank": 32.12053972218334,
      "adjusted_arithmetic_mean_rank": 0.17073670479862402,
      "median_absolute_deviation": 475.17401103104544,
      "z_geometric_mean_rank": 21.547146594425453,
      "inverse_geometric_mean_rank": 0.006946746980098625,
      "arithmetic_mean_rank": 828.282,
      "adjusted_geometric_mean_rank_index": 0.9599970158127307,
      "variance": 1502545.134476,
      "harmonic_mean_rank": 9.718713797124295,
      "inverse_median_rank": 0.0030911901081916537,
      "inverse_harmonic_mean_rank": 0.10289427396204358,
      "inverse_arithmetic_mean_rank": 0.0012073182804890122,
      "z_inverse_harmonic_mean_rank": 175.49603678368632,
      "geometric_mean_rank": 143.95227044613085,
      "hits_at_1": 0.054,
      "hits_at_3": 0.114,
      "hits_at_5": 0.138,
      "hits_at_10": 0.212,
      "z_hits_at_k": 147.0098155122619,
      "adjusted_hits_at_k": 0.21118691199072687
    }
  },
  "both": {
    "optimistic": {
      "adjusted_arithmetic_mean_rank_index": 0.7876210611452337,
      "count": 1000.0,
      "standard_deviation": 1153.6081192636432,
      "adjusted_inverse_harmonic_mean_rank": 0.052819822430173746,
      "median_rank": 772.0,
      "z_arithmetic_mean_rank": 43.134316304423876,
      "adjusted_arithmetic_mean_rank": 0.21254174407769466,
      "median_absolute_deviation": 981.4826686507084,
      "z_geometric_mean_rank": 28.726588574136173,
      "inverse_geometric_mean_rank": 0.0029671067383910256,
      "arithmetic_mean_rank": 1028.237,
      "adjusted_geometric_mean_rank_index": 0.9056578482781791,
      "variance": 1330811.6928309998,
      "harmonic_mean_rank": 18.59604884041343,
      "inverse_median_rank": 0.0012953367875647669,
      "inverse_harmonic_mean_rank": 0.053774864143547166,