{
  "head": {
    "optimistic": {
      "adjusted_inverse_harmonic_mean_rank": 0.12734093352879008,
      "inverse_median_rank": 0.000354924578527063,
      "arithmetic_mean_rank": 5481.922,
      "median_rank": 2817.5,
      "inverse_harmonic_mean_rank": 0.12765523500128817,
      "inverse_arithmetic_mean_rank": 0.00018241777245280033,
      "variance": 44180567.595916,
      "harmonic_mean_rank": 7.8335996168892645,
      "adjusted_arithmetic_mean_rank_index": 0.6388059589363781,
      "count": 500.0,
      "standard_deviation": 6646.846439922921,
      "adjusted_arithmetic_mean_rank": 0.3612361357515983,
      "z_geometric_mean_rank": 20.636359720049843,
      "z_inverse_harmonic_mean_rank": 386.41867253065004,
      "inverse_geometric_mean_rank": 0.0011282660039671792,
      "adjusted_geometric_mean_rank_index": 0.9206570540201697,
      "geometric_mean_rank": 886.3158124802364,
      "z_arithmetic_mean_rank": 24.69868879435076,
      "median_absolute_deviation": 4136.460189630629,
      "hits_at_1": 0.118,
      "hits_at_3": 0.128,
      "hits_at_5": 0.136,
      "hits_at_10": 0.144,
      "z_hits_at_k": 176.69834329625155,
      "adjusted_hits_at_k": 0.14371686418223403
    },
    "realistic": {
      "adjusted_inverse_harmonic_mean_rank": 0.12734093644168276,
      "inverse_median_rank": 0.0003549245884642005,
      "arithmetic_mean_rank": 5481.923828125,
      "median_rank": 2817.5,
      "inverse_harmonic_mean_rank": 0.1276552379131317,
      "inverse_arithmetic_mean_rank": 0.00018241771613247693,
      "variance": 44180580.0,
      "harmonic_mean_rank": 7.83359956741333,
      "adjusted_arithmetic_mean_rank_index": 0.6388058384625133,
      "count": 500.0,
      "standard_deviation": 6646.84716796875,
      "adjusted_arithmetic_mean_rank": 0.3612362562175244,
      "z_geometric_mean_rank": 20.636359262920614,
      "z_inverse_harmonic_mean_rank": 386.4186813698825,
      "inverse_geometric_mean_rank": 0.0011282657505944371,
      "adjusted_geometric_mean_rank_index": 0.9206570336261054,
      "geometric_mean_rank": 886.3160400390625,
      "z_arithmetic_mean_rank": 24.698684136369014,
      "median_absolute_deviation": 4136.46044921875,
      "hits_at_1": 0.118,
      "hits_at_3": 0.128,
      "hits_at_5": 0.136,
      "hits_at_10": 0.144,
      "z_hits_at_k": 176.69834329625155,
      "adjusted_hits_at_k": 0.14371686418223403
    },
    "pessimistic": {
      "adjusted_inverse_harmonic_mean_rank": 0.12734093342161937,
      "inverse_median_rank": 0.000354924578527063,
      "arithmetic_mean_rank": 5481.926,
      "median_rank": 2817.5,
      "inverse_harmonic_mean_rank": 0.12765523489415606,
      "inverse_arithmetic_mean_rank": 0.0001824176393479226,
      "variance": 44180585.448524006,
      "harmonic_mean_rank": 7.833599623463456,
      "adjusted_arithmetic_mean_rank_index": 0.6388056953354431,
      "count": 500.0,
      "standard_deviation": 6646.847782860986,
      "adjusted_arithmetic_mean_rank": 0.3612363993351632,
      "z_geometric_mean_rank": 20.63635863335637,
      "z_inverse_harmonic_mean_rank": 386.4186722054383,
      "inverse_geometric_mean_rank": 0.0011282653153394712,
      "adjusted_geometric_mean_rank_index": 0.920657005539138,
      "geometric_mean_rank": 886.3163534360011,
      "z_arithmetic_mean_rank": 24.69867860252745,
      "median_absolute_deviation": 4136.460189630629,
      "hits_at_1": 0.118,
      "hits_at_3": 0.128,
      "hits_at_5": 0.136,
      "hits_at_10": 0.144,
      "z_hits_at_k": 176.69834329625155,
      "adjusted_hits_at_k": 0.14371686418223403
    }
  },
  "tail": {
    "optimistic": {
      "adjusted_inverse_harmonic_mean_rank": 0.26190327780574674,
      "inverse_median_rank": 0.009345794392523364,
      "arithmetic_mean_rank": 2200.848,
      "median_rank": 107.0,
      "inverse_harmonic_mean_rank": 0.26215877220851663,
      "inverse_arithmetic_mean_rank": 0.0004543703154420478,
      "variance": 22373138.088896003,
      "harmonic_mean_rank": 3.814482313811788,
      "adjusted_arithmetic_mean_rank_index": 0.8607606273724151,
      "count": 500.0,
      "standard_deviation": 4730.025167892451,
      "adjusted_arithmetic_mean_rank": 0.1392938510207286,
      "z_geometric_mean_rank": 22.24944789788777,
      "z_inverse_harmonic_mean_rank": 812.3498302623406,
      "inverse_geometric_mean_rank": 0.011561995867906386,
      "adjusted_geometric_mean_rank_index": 0.992653890862182,
      "geometric_mean_rank": 86.49025751477606,
      "z_arithmetic_mean_rank": 33.336060717858096,
      "median_absolute_deviation": 157.1558351615938,
      "hits_at_1": 0.222,
      "hits_at_3": 0.272,
      "hits_at_5": 0.298,
      "hits_at_10": 0.334,
      "z_hits_at_k": 419.4939364177057,
      "adjusted_hits_at_k": 0.33378916760846206
    },
    "realistic": {
      "adjusted_inverse_harmonic_mean_rank": 0.261903257077787,
      "inverse_median_rank": 0.009345794096589088,
      "arithmetic_mean_rank": 2200.847900390625,
      "median_rank": 107.0,
      "inverse_harmonic_mean_rank": 0.26215875148773193,
      "inverse_arithmetic_mean_rank": 0.0004543703398667276,
      "variance": 22373138.0,
      "harmonic_mean_rank": 3.8144826889038086,
      "adjusted_arithmetic_mean_rank_index": 0.8607606336771902,
      "count": 500.0,
      "standard_deviation": 4730.025390625,
      "adjusted_arithmetic_mean_rank": 0.13929384471635256,
      "z_geometric_mean_rank": 22.249447780817047,
      "z_inverse_harmonic_mean_rank": 812.349765970077,
      "inverse_geometric_mean_rank": 0.011561987921595573,
      "adjusted_geometric_mean_rank_index": 0.9926538856390992,
      "geometric_mean_rank": 86.49031829833984,
      "z_arithmetic_mean_rank": 33.33606096203326,
      "median_absolute_deviation": 157.1558380126953,
      "hits_at_1": 0.222,
      "hits_at_3": 0.272,
      "hits_at_5": 0.298,
      "hits_at_10": 0.334,
      "z_hits_at_k": 419.4939364177057,
      "adjusted_hits_at_k": 0.33378916760846206
    },
    "pessimistic": {
      "adjusted_inverse_harmonic_mean_rank": 0.26190327780574674,
      "inverse_median_rank": 0.009345794392523364,
      "arithmetic_mean_rank": 2200.848,
      "median_rank": 107.0,
      "inverse_harmonic_mean_rank": 0.26215877220851663,
      "inverse_arithmetic_mean_rank": 0.0004543703154420478,
      "variance": 22373138.088896003,
      "harmonic_mean_rank": 3.814482313811788,
      "adjusted_arithmetic_mean_rank_index": 0.8607606273724151,
      "count": 500.0,
      "standard_deviation": 4730.025167892451,
      "adjusted_arithmetic_mean_rank": 0.1392938510207286,
      "z_geometric_mean_rank": 22.24944789788777,
      "z_inverse_harmonic_mean_rank": 812.3498302623406,
      "inverse_geometric_mean_rank": 0.011561995867906386,
      "adjusted_geometric_mean_rank_index": 0.992653890862182,
      "geometric_mean_rank": 86.49025751477606,
      "z_arithmetic_mean_rank": 33.336060717858096,
      "median_absolute_deviation": 157.1558351615938,
      "hits_at_1": 0.222,
      "hits_at_3": 0.272,
      "hits_at_5": 0.298,
      "hits_at_10": 0.334,
      "z_hits_at_k": 419.4939364177057,
      "adjusted_hits_at_k": 0.33378916760846206
    }
  },
  "both": {
    "optimistic": {
      "adjusted_inverse_harmonic_mean_rank": 0.19462257721379658,
      "inverse_median_rank": 0.0013020833333333333,
      "arithmetic_mean_rank": 3841.385,
      "median_rank": 768.0,
      "inverse_harmonic_mean_rank": 0.19490700360490237,
      "inverse_arithmetic_mean_rank": 0.0002603227742077402,
      "variance": 35968214.490775004,
      "harmonic_mean_rank": 5.130651959675643,
      "adjusted_arithmetic_mean_rank_index": 0.7520211639050038,
      "count": 1000.0,
      "standard_deviation": 5997.350622631214,
      "adjusted_arithmetic_mean_rank": 0.24802739197991705,
      "z_geometric_mean_rank": 30.908145748005822,
      "z_inverse_harmonic_mean_rank": 844.310754383368,
      "inverse_geometric_mean_rank": 0.003611787213522934,
      "adjusted_geometric_mean_rank_index": 0.9757786613178774,