{
  "losses": [
    0.8690038837638556,
    0.2202148653712927,
    0.081593845112651
  ],
  "metrics": {
    "both": {
      "optimistic": {
        "adjusted_arithmetic_mean_rank": 0.21254174407769466,
        "adjusted_arithmetic_mean_rank_index": 0.7876210611452337,
        "adjusted_geometric_mean_rank_index": 0.9056578482781791,
        "adjusted_hits_at_k": 0.10807803698724805,
        "adjusted_inverse_harmonic_mean_rank": 0.052819822430173746,
        "arithmetic_mean_rank": 1028.237,
        "count": 1000.0,
        "geometric_mean_rank": 337.0286572643728,
        "harmonic_mean_rank": 18.59604884041343,
        "hits_at_1": 0.027,
        "hits_at_10": 0.109,
        "hits_at_3": 0.058,
        "hits_at_5": 0.071,
        "inverse_arithmetic_mean_rank": 0.0009725384322874978,
        "inverse_geometric_mean_rank": 0.0029671067383910256,
        "inverse_harmonic_mean_rank": 0.053774864143547166,
        "inverse_median_rank": 0.0012953367875647669,
        "median_absolute_deviation": 981.4826686507084,
        "median_rank": 772.0,
        "standard_deviation": 1153.6081192636432,
        "variance": 1330811.6928309998,
        "z_arithmetic_mean_rank": 43.134316304423876,
        "z_geometric_mean_rank": 28.726588574136173,
        "z_hits_at_k": 106.24770596743957,
        "z_inverse_harmonic_mean_rank": 128.3533760526369
      },
      "pessimistic": {
        "adjusted_arithmetic_mean_rank": 0.21254174407769466,
        "adjusted_arithmetic_mean_rank_index": 0.7876210611452337,
        "adjusted_geometric_mean_rank_index": 0.9056578482781791,
        "adjusted_hits_at_k": 0.10807803698724805,
        "adjusted_inverse_harmonic_mean_rank": 0.052819822430173746,
        "arithmetic_mean_rank": 1028.237,
        "count": 1000.0,
        "geometric_mean_rank": 337.0286572643728,
        "harmonic_mean_rank": 18.59604884041343,
        "hits_at_1": 0.027,
        "hits_at_10": 0.109,
        "hits_at_3": 0.058,
        "hits_at_5": 0.071,
        "inverse_arithmetic_mean_rank": 0.0009725384322874978,
        "inverse_geometric_mean_rank": 0.0029671067383910256,
        "inverse_harmonic_mean_rank": 0.053774864143547166,
        "inverse_median_rank": 0.0012953367875647669,
        "median_absolute_deviation": 981.4826686507084,
        "median_rank": 772.0,
        "standard_deviation": 1153.6081192636432,
        "variance": 1330811.6928309998,
        "z_arithmetic_mean_rank": 43.134316304423876,
        "z_geometric_mean_rank": 28.726588574136173,
        "z_hits_at_k": 106.24770596743957,
        "z_inverse_harmonic_mean_rank": 128.3533760526369
      },
      "realistic": {
        "adjusted_arithmetic_mean_rank": 0.2125417565930373,
        "adjusted_arithmetic_mean_rank_index": 0.7876210486273035,
        "adjusted_geometric_mean_rank_index": 0.9056578400635132,
        "adjusted_hits_at_k": 0.10807803698724805,
        "adjusted_inverse_harmonic_mean_rank": 0.05281982549653029,
        "arithmetic_mean_rank": 1028.237060546875,
        "count": 1000.0,
        "geometric_mean_rank": 337.0286865234375,
        "harmonic_mean_rank": 18.596047781096622,
        "hits_at_1": 0.027,
        "hits_at_10": 0.109,
        "hits_at_3": 0.058,
        "hits_at_5": 0.071,
        "inverse_arithmetic_mean_rank": 0.0009725383715704083,
        "inverse_geometric_mean_rank": 0.0029671064112335443,
        "inverse_harmonic_mean_rank": 0.053774867206811905,
        "inverse_median_rank": 0.0012953367549926043,
        "median_absolute_deviation": 981.4826686507084,
        "median_rank": 772.0,
        "standard_deviation": 1153.6080322265625,
        "variance": 1330811.625,
        "z_arithmetic_mean_rank": 43.134315618875476,
        "z_geometric_mean_rank": 28.726588313574943,
        "z_hits_at_k": 106.24770596743957,
        "z_inverse_harmonic_mean_rank": 128.3533835039534
      }
    },
    "head": {
      "optimistic": {
        "adjusted_arithmetic_mean_rank": 0.25457922228670926,
        "adjusted_arithmetic_mean_rank_index": 0.745575320313472,
        "adjusted_geometric_mean_rank_index": 0.7782361943402442,
        "adjusted_hits_at_k": 0.0049685618310604095,
        "adjusted_inverse_harmonic_mean_rank": 0.003648299161096826,
        "arithmetic_mean_rank": 1228.192,
        "count": 500.0,
        "geometric_mean_rank": 789.069289879192,
        "harmonic_mean_rank": 214.80180669350688,
        "hits_at_1": 0.0,
        "hits_at_10": 0.006,
        "hits_at_3": 0.002,
        "hits_at_5": 0.004,
        "inverse_arithmetic_mean_rank": 0.0008142049451551549,
        "inverse_geometric_mean_rank": 0.0012673158274263874,
        "inverse_harmonic_mean_rank": 0.004655454325050742,
        "inverse_median_rank": 0.0009596928982725527,
        "median_absolute_deviation": 836.1876512371595,
        "median_rank": 1042.0,
        "standard_deviation": 1038.80423908261,
        "variance": 1079114.247136,
        "z_arithmetic_mean_rank": 28.871882969931008,
        "z_geometric_mean_rank": 17.467696153416558,
        "z_hits_at_k": 3.448953285670388,
        "z_inverse_harmonic_mean_rank": 6.260050118345626
      },
      "pessimistic": {
        "adjusted_arithmetic_mean_rank": 0.25457922228670926,
        "adjusted_arithmetic_mean_rank_index": 0.745575320313472,
        "adjusted_geometric_mean_rank_index": 0.7782361943402442,
        "adjusted_hits_at_k": 0.0049685618310604095,
        "adjusted_inverse_harmonic_mean_rank": 0.003648299161096826,
        "arithmetic_mean_rank": 1228.192,
        "count": 500.0,
        "geometric_mean_rank": 789.069289879192,
        "harmonic_mean_rank": 214.80180669350688,
        "hits_at_1": 0.0,
        "hits_at_10": 0.006,
        "hits_at_3": 0.002,
        "hits_at_5": 0.004,
        "inverse_arithmetic_mean_rank": 0.0008142049451551549,
        "inverse_geometric_mean_rank": 0.0012673158274263874,
        "inverse_harmonic_mean_rank": 0.004655454325050742,
        "inverse_median_rank": 0.0009596928982725527,
        "median_absolute_deviation": 836.1876512371595,
        "median_rank": 1042.0,
        "standard_deviation": 1038.80423908261,
        "variance": 1079114.247136,
        "z_arithmetic_mean_rank": 28.871882969931008,
        "z_geometric_mean_rank": 17.467696153416558,
        "z_hits_at_k": 3.448953285670388,
        "z_inverse_harmonic_mean_rank": 6.260050118345626
      },
      "realistic": {
        "adjusted_arithmetic_mean_rank": 0.2545792257278755,
        "adjusted_arithmetic_mean_rank_index": 0.7455753168715923,
        "adjusted_geometric_mean_rank_index": 0.7782360955024779,
        "adjusted_hits_at_k": 0.0049685618310604095,
        "adjusted_inverse_harmonic_mean_rank": 0.0036482991438231936,
        "arithmetic_mean_rank": 1228.1920166015625,
        "count": 500.0,
        "geometric_mean_rank": 789.0696411132812,
        "harmonic_mean_rank": 214.80180748970344,
        "hits_at_1": 0.0,
        "hits_at_10": 0.006,
        "hits_at_3": 0.002,
        "hits_at_5": 0.004,
        "inverse_arithmetic_mean_rank": 0.0008142049191519618,
        "inverse_geometric_mean_rank": 0.0012673152377828956,
        "inverse_harmonic_mean_rank": 0.004655454307794571,
        "inverse_median_rank": 0.0009596928721293807,
        "median_absolute_deviation": 836.1876512371595,
        "median_rank": 1042.0,
        "standard_deviation": 1038.80419921875,
        "variance": 1079114.25,
        "z_arithmetic_mean_rank": 28.87188283664662,
        "z_geometric_mean_rank": 17.467693934979426,
        "z_hits_at_k": 3.448953285670388,
        "z_inverse_harmonic_mean_rank": 6.260050088706115
      }
    },
    "tail": {
      "optimistic": {
        "adjusted_arithmetic_mean_rank": 0.17073670479862402,
        "adjusted_arithmetic_mean_rank_index": 0.8294342694275563,
        "adjusted_geometric_mean_rank_index": 0.9599970158127307,
        "adjusted_hits_at_k": 0.21118691199072687,
        "adjusted_inverse_harmonic_mean_rank": 0.10199109535276599,