{
  "losses": [
    0.8344553954461041,
    0.2418961543224606,
    0.13391072697499218
  ],
  "metrics": {
    "both": {
      "optimistic": {
        "adjusted_arithmetic_mean_rank": 0.24802739197991705,
        "adjusted_arithmetic_mean_rank_index": 0.7520211639050038,
        "adjusted_geometric_mean_rank_index": 0.9757786613178774,
        "adjusted_hits_at_k": 0.23875369048071804,
        "adjusted_inverse_harmonic_mean_rank": 0.19462257721379658,
        "arithmetic_mean_rank": 3841.385,
        "count": 1000.0,
        "geometric_mean_rank": 276.8712387750553,
        "harmonic_mean_rank": 5.130651959675643,
        "hits_at_1": 0.17,
        "hits_at_10": 0.239,
        "hits_at_3": 0.2,
        "hits_at_5": 0.217,
        "inverse_arithmetic_mean_rank": 0.0002603227742077402,
        "inverse_geometric_mean_rank": 0.003611787213522934,
        "inverse_harmonic_mean_rank": 0.19490700360490237,
        "inverse_median_rank": 0.0013020833333333333,
        "median_absolute_deviation": 1137.1559015937967,
        "median_rank": 768.0,
        "standard_deviation": 5997.350622631214,
        "variance": 35968214.490775004,
        "z_arithmetic_mean_rank": 41.14712929228037,
        "z_geometric_mean_rank": 30.908145748005822,
        "z_hits_at_k": 419.6642684547142,
        "z_inverse_harmonic_mean_rank": 844.310754383368
      },
      "pessimistic": {
        "adjusted_arithmetic_mean_rank": 0.24802752111427456,
        "adjusted_arithmetic_mean_rank_index": 0.752021034762308,
        "adjusted_geometric_mean_rank_index": 0.9757786538994345,
        "adjusted_hits_at_k": 0.23875369048071804,
        "adjusted_inverse_harmonic_mean_rank": 0.19462257716021159,
        "arithmetic_mean_rank": 3841.387,
        "count": 1000.0,
        "geometric_mean_rank": 276.8713232681151,
        "harmonic_mean_rank": 5.130651961085694,
        "hits_at_1": 0.17,
        "hits_at_10": 0.239,
        "hits_at_3": 0.2,
        "hits_at_5": 0.217,
        "inverse_arithmetic_mean_rank": 0.00026032263867191717,
        "inverse_geometric_mean_rank": 0.003611786111310725,
        "inverse_harmonic_mean_rank": 0.1949070035513363,
        "inverse_median_rank": 0.0013020833333333333,
        "median_absolute_deviation": 1137.1559015937967,
        "median_rank": 768.0,
        "standard_deviation": 5997.35191390592,
        "variance": 35968229.979231,
        "z_arithmetic_mean_rank": 41.14712222618774,
        "z_geometric_mean_rank": 30.908145513023936,
        "z_hits_at_k": 419.6642684547142,
        "z_inverse_harmonic_mean_rank": 844.310754150906
      },
      "realistic": {
        "adjusted_arithmetic_mean_rank": 0.2480274556643414,
        "adjusted_arithmetic_mean_rank_index": 0.7520211002164674,
        "adjusted_geometric_mean_rank_index": 0.9757786552950125,
        "adjusted_hits_at_k": 0.23875369048071804,
        "adjusted_inverse_harmonic_mean_rank": 0.1946225533997547,
        "arithmetic_mean_rank": 3841.385986328125,
        "count": 1000.0,
        "geometric_mean_rank": 276.8713073730469,
        "harmonic_mean_rank": 5.13065242767334,
        "hits_at_1": 0.17,
        "hits_at_10": 0.239,
        "hits_at_3": 0.2,
        "hits_at_5": 0.217,
        "inverse_arithmetic_mean_rank": 0.0002603227039799094,
        "inverse_geometric_mean_rank": 0.0036117862910032272,
        "inverse_harmonic_mean_rank": 0.19490697979927063,
        "inverse_median_rank": 0.0013020833721384406,
        "median_absolute_deviation": 1137.1558837890625,
        "median_rank": 768.0,
        "standard_deviation": 5997.35107421875,
        "variance": 35968220.0,
        "z_arithmetic_mean_rank": 41.14712580753742,
        "z_geometric_mean_rank": 30.90814555722938,
        "z_hits_at_k": 419.6642684547142,
        "z_inverse_harmonic_mean_rank": 844.3106510734029
      }
    },
    "head": {
      "optimistic": {
        "adjusted_arithmetic_mean_rank": 0.3612361357515983,
        "adjusted_arithmetic_mean_rank_index": 0.6388059589363781,
        "adjusted_geometric_mean_rank_index": 0.9206570540201697,
        "adjusted_hits_at_k": 0.14371686418223403,
        "adjusted_inverse_harmonic_mean_rank": 0.12734093352879008,
        "arithmetic_mean_rank": 5481.922,
        "count": 500.0,
        "geometric_mean_rank": 886.3158124802364,
        "harmonic_mean_rank": 7.8335996168892645,
        "hits_at_1": 0.118,
        "hits_at_10": 0.144,
        "hits_at_3": 0.128,
        "hits_at_5": 0.136,
        "inverse_arithmetic_mean_rank": 0.00018241777245280033,
        "inverse_geometric_mean_rank": 0.0011282660039671792,
        "inverse_harmonic_mean_rank": 0.12765523500128817,
        "inverse_median_rank": 0.000354924578527063,
        "median_absolute_deviation": 4136.460189630629,
        "median_rank": 2817.5,
        "standard_deviation": 6646.846439922921,
        "variance": 44180567.595916,
        "z_arithmetic_mean_rank": 24.69868879435076,
        "z_geometric_mean_rank": 20.636359720049843,
        "z_hits_at_k": 176.69834329625155,
        "z_inverse_harmonic_mean_rank": 386.41867253065004
      },
      "pessimistic": {
        "adjusted_arithmetic_mean_rank": 0.3612363993351632,
        "adjusted_arithmetic_mean_rank_index": 0.6388056953354431,
        "adjusted_geometric_mean_rank_index": 0.920657005539138,
        "adjusted_hits_at_k": 0.14371686418223403,
        "adjusted_inverse_harmonic_mean_rank": 0.12734093342161937,
        "arithmetic_mean_rank": 5481.926,
        "count": 500.0,
        "geometric_mean_rank": 886.3163534360011,
        "harmonic_mean_rank": 7.833599623463456,
        "hits_at_1": 0.118,
        "hits_at_10": 0.144,
        "hits_at_3": 0.128,
        "hits_at_5": 0.136,
        "inverse_arithmetic_mean_rank": 0.0001824176393479226,
        "inverse_geometric_mean_rank": 0.0011282653153394712,
        "inverse_harmonic_mean_rank": 0.12765523489415606,
        "inverse_median_rank": 0.000354924578527063,
        "median_absolute_deviation": 4136.460189630629,
        "median_rank": 2817.5,
        "standard_deviation": 6646.847782860986,
        "variance": 44180585.448524006,
        "z_arithmetic_mean_rank": 24.69867860252745,
        "z_geometric_mean_rank": 20.63635863335637,
        "z_hits_at_k": 176.69834329625155,
        "z_inverse_harmonic_mean_rank": 386.4186722054383
      },
      "realistic": {
        "adjusted_arithmetic_mean_rank": 0.3612362562175244,
        "adjusted_arithmetic_mean_rank_index": 0.6388058384625133,
        "adjusted_geometric_mean_rank_index": 0.9206570336261054,
        "adjusted_hits_at_k": 0.14371686418223403,
        "adjusted_inverse_harmonic_mean_rank": 0.12734093644168276,
        "arithmetic_mean_rank": 5481.923828125,
        "count": 500.0,
        "geometric_mean_rank": 886.3160400390625,
        "harmonic_mean_rank": 7.83359956741333,
        "hits_at_1": 0.118,
        "hits_at_10": 0.144,
        "hits_at_3": 0.128,
        "hits_at_5": 0.136,
        "inverse_arithmetic_mean_rank": 0.00018241771613247693,
        "inverse_geometric_mean_rank": 0.0011282657505944371,
        "inverse_harmonic_mean_rank": 0.1276552379131317,
        "inverse_median_rank": 0.0003549245884642005,
        "median_absolute_deviation": 4136.46044921875,
        "median_rank": 2817.5,
        "standard_deviation": 6646.84716796875,
        "variance": 44180580.0,
        "z_arithmetic_mean_rank": 24.698684136369014,
        "z_geometric_mean_rank": 20.636359262920614,
        "z_hits_at_k": 176.69834329625155,
        "z_inverse_harmonic_mean_rank": 386.4186813698825
      }
    },
    "tail": {
      "optimistic": {
        "adjusted_arithmetic_mean_rank": 0.1392938510207286,
        "adjusted_arithmetic_mean_rank_index": 0.8607606273724151,
        "adjusted_geometric_mean_rank_index": 0.992653890862182,
        "adjusted_hits_at_k": 0.33378916760846206,
        "adjusted_inverse_harmonic_mean_rank": 0.26190327780574674,
        "arithmetic_mean_rank": 2200.848,
        "count": 500.0,