{
  "losses": [
    0.8334566600182477,
    0.23745501311678513,
    0.13083314296661638
  ],
  "metrics": {
    "both": {
      "optimistic": {
        "adjusted_arithmetic_mean_rank": 0.2731039234349474,
        "adjusted_arithmetic_mean_rank_index": 0.726943219809531,
        "adjusted_geometric_mean_rank_index": 0.9713528447326653,
        "adjusted_hits_at_k": 0.22274733480258385,
        "adjusted_inverse_harmonic_mean_rank": 0.16946035422177577,
        "arithmetic_mean_rank": 4211.23,
        "count": 1000.0,
        "geometric_mean_rank": 325.804884924019,
        "harmonic_mean_rank": 5.890845825679837,
        "hits_at_1": 0.143,
        "hits_at_10": 0.223,
        "hits_at_3": 0.175,
        "hits_at_5": 0.199,
        "inverse_arithmetic_mean_rank": 0.00023746031444494843,
        "inverse_geometric_mean_rank": 0.0030693216899838997,
        "inverse_harmonic_mean_rank": 0.1697549094971594,
        "inverse_median_rank": 0.0011514104778353484,
        "median_absolute_deviation": 1286.1574245536096,
        "median_rank": 868.5,
        "standard_deviation": 6532.922521130952,
        "variance": 42679076.6671,
        "z_arithmetic_mean_rank": 39.76946811777265,
        "z_geometric_mean_rank": 30.76806157860827,
        "z_hits_at_k": 390.6164269992118,
        "z_inverse_harmonic_mean_rank": 733.4407447590144
      },
      "pessimistic": {
        "adjusted_arithmetic_mean_rank": 0.2731040531376345,
        "adjusted_arithmetic_mean_rank_index": 0.7269430900984319,
        "adjusted_geometric_mean_rank_index": 0.9713528345783126,
        "adjusted_hits_at_k": 0.22274733480258385,
        "adjusted_inverse_harmonic_mean_rank": 0.16946035414836955,
        "arithmetic_mean_rank": 4211.232,
        "count": 1000.0,
        "geometric_mean_rank": 325.8050000552883,
        "harmonic_mean_rank": 5.890845828226281,
        "hits_at_1": 0.143,
        "hits_at_10": 0.223,
        "hits_at_3": 0.175,
        "hits_at_5": 0.199,
        "inverse_arithmetic_mean_rank": 0.00023746020167020006,
        "inverse_geometric_mean_rank": 0.0030693206053630314,
        "inverse_harmonic_mean_rank": 0.16975490942377922,
        "inverse_median_rank": 0.0011514104778353484,
        "median_absolute_deviation": 1286.1574245536096,
        "median_rank": 868.5,
        "standard_deviation": 6532.923332794898,
        "variance": 42679087.272176,
        "z_arithmetic_mean_rank": 39.7694610215631,
        "z_geometric_mean_rank": 30.768061256964337,
        "z_hits_at_k": 390.6164269992118,
        "z_inverse_harmonic_mean_rank": 733.4407444413051
      },
      "realistic": {
        "adjusted_arithmetic_mean_rank": 0.27310398549970977,
        "adjusted_arithmetic_mean_rank_index": 0.7269431577407435,
        "adjusted_geometric_mean_rank_index": 0.9713528433039427,
        "adjusted_hits_at_k": 0.22274733480258385,
        "adjusted_inverse_harmonic_mean_rank": 0.16946035221272676,
        "arithmetic_mean_rank": 4211.23095703125,
        "count": 1000.0,
        "geometric_mean_rank": 325.8049011230469,
        "harmonic_mean_rank": 5.89084589537326,
        "hits_at_1": 0.143,
        "hits_at_10": 0.223,
        "hits_at_3": 0.175,
        "hits_at_5": 0.199,
        "inverse_arithmetic_mean_rank": 0.0002374602627241984,
        "inverse_geometric_mean_rank": 0.0030693216249346733,
        "inverse_harmonic_mean_rank": 0.16975490748882294,
        "inverse_median_rank": 0.0011514105135574937,
        "median_absolute_deviation": 1286.1574245536096,
        "median_rank": 868.5,
        "standard_deviation": 6532.9228515625,
        "variance": 42679084.0,
        "z_arithmetic_mean_rank": 39.769464722125505,
        "z_geometric_mean_rank": 30.768061533352803,
        "z_hits_at_k": 390.6164269992118,
        "z_inverse_harmonic_mean_rank": 733.4407360636567
      }
    },
    "head": {
      "optimistic": {
        "adjusted_arithmetic_mean_rank": 0.43048171524341744,
        "adjusted_arithmetic_mean_rank_index": 0.5695561538015013,
        "adjusted_geometric_mean_rank_index": 0.9009668092122156,
        "adjusted_hits_at_k": 0.13371094017586793,
        "adjusted_inverse_harmonic_mean_rank": 0.11470478712887519,
        "arithmetic_mean_rank": 6474.51,
        "count": 500.0,
        "geometric_mean_rank": 1096.0851867983336,
        "harmonic_mean_rank": 8.69366538627658,
        "hits_at_1": 0.104,
        "hits_at_10": 0.134,
        "hits_at_3": 0.116,
        "hits_at_5": 0.128,
        "inverse_arithmetic_mean_rank": 0.0001544518426877092,
        "inverse_geometric_mean_rank": 0.0009123378474997928,
        "inverse_harmonic_mean_rank": 0.11502628127125228,
        "inverse_median_rank": 0.0002865740077374982,
        "median_absolute_deviation": 5124.614568264613,
        "median_rank": 3489.5,
        "standard_deviation": 7435.159309786173,
        "variance": 55281593.96190001,
        "z_arithmetic_mean_rank": 22.01909192394586,
        "z_geometric_mean_rank": 20.195142837116382,
        "z_hits_at_k": 163.6504854169563,
        "z_inverse_harmonic_mean_rank": 346.4978358203292
      },
      "pessimistic": {
        "adjusted_arithmetic_mean_rank": 0.4304819811981941,
        "adjusted_arithmetic_mean_rank_index": 0.5695558878290404,
        "adjusted_geometric_mean_rank_index": 0.9009667391566006,
        "adjusted_hits_at_k": 0.13371094017586793,
        "adjusted_inverse_harmonic_mean_rank": 0.11470478698206152,
        "arithmetic_mean_rank": 6474.514,
        "count": 500.0,
        "geometric_mean_rank": 1096.0859614564615,
        "harmonic_mean_rank": 8.6936653973687,
        "hits_at_1": 0.104,
        "hits_at_10": 0.134,
        "hits_at_3": 0.116,
        "hits_at_5": 0.128,
        "inverse_arithmetic_mean_rank": 0.0001544517472662813,
        "inverse_geometric_mean_rank": 0.0009123372027055396,
        "inverse_harmonic_mean_rank": 0.11502628112449192,
        "inverse_median_rank": 0.0002865740077374982,
        "median_absolute_deviation": 5124.614568264613,
        "median_rank": 3489.5,
        "standard_deviation": 7435.159518517676,
        "variance": 55281597.065804,
        "z_arithmetic_mean_rank": 22.019081641426702,
        "z_geometric_mean_rank": 20.195141266821963,
        "z_hits_at_k": 163.6504854169563,
        "z_inverse_harmonic_mean_rank": 346.49783537683754
      },
      "realistic": {
        "adjusted_arithmetic_mean_rank": 0.4304818619860432,
        "adjusted_arithmetic_mean_rank_index": 0.5695560070491181,
        "adjusted_geometric_mean_rank_index": 0.9009667965197614,
        "adjusted_hits_at_k": 0.13371094017586793,
        "adjusted_inverse_harmonic_mean_rank": 0.11470477868790491,
        "arithmetic_mean_rank": 6474.51220703125,
        "count": 500.0,
        "geometric_mean_rank": 1096.0853271484375,
        "harmonic_mean_rank": 8.693666024011947,
        "hits_at_1": 0.104,
        "hits_at_10": 0.134,
        "hits_at_3": 0.116,
        "hits_at_5": 0.128,
        "inverse_arithmetic_mean_rank": 0.0001544517872389406,
        "inverse_geometric_mean_rank": 0.0009123377385549247,
        "inverse_harmonic_mean_rank": 0.11502627283334732,
        "inverse_median_rank": 0.00028657400980591774,
        "median_absolute_deviation": 5124.614568264613,
        "median_rank": 3489.5,
        "standard_deviation": 7435.15966796875,
        "variance": 55281600.0,
        "z_arithmetic_mean_rank": 22.019086250485582,
        "z_geometric_mean_rank": 20.195142552615415,
        "z_hits_at_k": 163.6504854169563,
        "z_inverse_harmonic_mean_rank": 346.4978103220217
      }
    },
    "tail": {
      "optimistic": {
        "adjusted_arithmetic_mean_rank": 0.12329101013942684,
        "adjusted_arithmetic_mean_rank_index": 0.8767644826497722,
        "adjusted_geometric_mean_rank_index": 0.9917640153850914,
        "adjusted_hits_at_k": 0.3117821973007097,
        "adjusted_inverse_harmonic_mean_rank": 0.224214990827497,
        "arithmetic_mean_rank": 1947.95,