{
  "head": {
    "optimistic": {
      "adjusted_inverse_harmonic_mean_rank": 7.033915677262786e-05,
      "inverse_median_rank": 7.81188969611749e-05,
      "arithmetic_mean_rank": 13705.216,
      "median_rank": 12801.0,
      "inverse_harmonic_mean_rank": 0.0004304790749521088,
      "inverse_arithmetic_mean_rank": 7.296492080095636e-05,
      "variance": 79277355.577344,
      "harmonic_mean_rank": 2322.9932839621783,
      "adjusted_arithmetic_mean_rank_index": 0.09688896199421493,
      "count": 500.0,
      "standard_deviation": 8903.783217113049,
      "adjusted_arithmetic_mean_rank": 0.9031174225902845,
      "z_geometric_mean_rank": 3.9330742134974273,
      "z_inverse_harmonic_mean_rank": 0.21344561276409224,
      "inverse_geometric_mean_rank": 0.00010868138704260493,
      "adjusted_geometric_mean_rank_index": 0.17546760028238606,
      "geometric_mean_rank": 9201.207559193032,
      "z_arithmetic_mean_rank": 3.7460989310231554,
      "median_absolute_deviation": 10722.920545341765,
      "hits_at_1": 0.0,
      "hits_at_3": 0.0,
      "hits_at_5": 0.0,
      "hits_at_10": 0.0,
      "z_hits_at_k": -0.40667342476909046,
      "adjusted_hits_at_k": -0.0003307661422499777
    },
    "realistic": {
      "adjusted_inverse_harmonic_mean_rank": 7.033917458322005e-05,
      "inverse_median_rank": 7.811889372533187e-05,
      "arithmetic_mean_rank": 13705.2158203125,
      "median_rank": 12801.0,
      "inverse_harmonic_mean_rank": 0.00043047909275628626,
      "inverse_arithmetic_mean_rank": 7.296491821762174e-05,
      "variance": 79277360.0,
      "harmonic_mean_rank": 2322.9931640625,
      "adjusted_arithmetic_mean_rank_index": 0.0968889738356632,
      "count": 500.0,
      "standard_deviation": 8903.783203125,
      "adjusted_arithmetic_mean_rank": 0.9031174107496165,
      "z_geometric_mean_rank": 3.9330831210808874,
      "z_inverse_harmonic_mean_rank": 0.21344566681069943,
      "inverse_geometric_mean_rank": 0.00010868143726838753,
      "adjusted_geometric_mean_rank_index": 0.17546799767948795,
      "geometric_mean_rank": 9201.203125,
      "z_arithmetic_mean_rank": 3.7460993888589726,
      "median_absolute_deviation": 10722.9208984375,
      "hits_at_1": 0.0,
      "hits_at_3": 0.0,
      "hits_at_5": 0.0,
      "hits_at_10": 0.0,
      "z_hits_at_k": -0.40667342476909046,
      "adjusted_hits_at_k": -0.0003307661422499777
    },
    "pessimistic": {
      "adjusted_inverse_harmonic_mean_rank": 7.033915677262786e-05,
      "inverse_median_rank": 7.81188969611749e-05,
      "arithmetic_mean_rank": 13705.216,
      "median_rank": 12801.0,
      "inverse_harmonic_mean_rank": 0.0004304790749521088,
      "inverse_arithmetic_mean_rank": 7.296492080095636e-05,
      "variance": 79277355.577344,
      "harmonic_mean_rank": 2322.9932839621783,
      "adjusted_arithmetic_mean_rank_index": 0.09688896199421493,
      "count": 500.0,
      "standard_deviation": 8903.783217113049,
      "adjusted_arithmetic_mean_rank": 0.9031174225902845,
      "z_geometric_mean_rank": 3.9330742134974273,
      "z_inverse_harmonic_mean_rank": 0.21344561276409224,
      "inverse_geometric_mean_rank": 0.00010868138704260493,
      "adjusted_geometric_mean_rank_index": 0.17546760028238606,
      "geometric_mean_rank": 9201.207559193032,
      "z_arithmetic_mean_rank": 3.7460989310231554,
      "median_absolute_deviation": 10722.920545341765,
      "hits_at_1": 0.0,
      "hits_at_3": 0.0,
      "hits_at_5": 0.0,
      "hits_at_10": 0.0,
      "z_hits_at_k": -0.40667342476909046,
      "adjusted_hits_at_k": -0.0003307661422499777
    }
  },
  "tail": {
    "optimistic": {
      "adjusted_inverse_harmonic_mean_rank": -5.93233339038197e-05,
      "inverse_median_rank": 7.105300554213443e-05,
      "arithmetic_mean_rank": 14506.234,
      "median_rank": 14074.0,
      "inverse_harmonic_mean_rank": 0.00028685021201037573,
      "inverse_arithmetic_mean_rank": 6.893587956736393e-05,
      "variance": 74777040.883244,
      "harmonic_mean_rank": 3486.1400066311567,
      "adjusted_arithmetic_mean_rank_index": 0.08189125704307165,
      "count": 500.0,
      "standard_deviation": 8647.371906148364,
      "adjusted_arithmetic_mean_rank": 0.918113925935743,
      "z_geometric_mean_rank": 2.462866954004319,
      "z_inverse_harmonic_mean_rank": -0.1840041889934172,
      "inverse_geometric_mean_rank": 9.65273494002803e-05,
      "adjusted_geometric_mean_rank_index": 0.1098802305472204,
      "geometric_mean_rank": 10359.75820545111,
      "z_arithmetic_mean_rank": 3.1715343734796946,
      "median_absolute_deviation": 10332.25486076554,
      "hits_at_1": 0.0,
      "hits_at_3": 0.0,
      "hits_at_5": 0.0,
      "hits_at_10": 0.0,
      "z_hits_at_k": -0.3978474283313355,
      "adjusted_hits_at_k": -0.000316565152459445
    },
    "realistic": {
      "adjusted_inverse_harmonic_mean_rank": -5.932334075961645e-05,
      "inverse_median_rank": 7.105300755938515e-05,
      "arithmetic_mean_rank": 14506.234375,
      "median_rank": 14074.0,
      "inverse_harmonic_mean_rank": 0.00028685020515695214,
      "inverse_arithmetic_mean_rank": 6.893587851664051e-05,
      "variance": 74777032.0,
      "harmonic_mean_rank": 3486.14013671875,
      "adjusted_arithmetic_mean_rank_index": 0.08189123330744774,
      "count": 500.0,
      "standard_deviation": 8647.37109375,
      "adjusted_arithmetic_mean_rank": 0.9181139496698646,
      "z_geometric_mean_rank": 2.4628564255298997,
      "z_inverse_harmonic_mean_rank": -0.18400421025815805,
      "inverse_geometric_mean_rank": 9.65272993198596e-05,
      "adjusted_geometric_mean_rank_index": 0.10987976082180761,
      "geometric_mean_rank": 10359.763671875,
      "z_arithmetic_mean_rank": 3.1715334542320264,
      "median_absolute_deviation": 10332.2548828125,
      "hits_at_1": 0.0,
      "hits_at_3": 0.0,
      "hits_at_5": 0.0,
      "hits_at_10": 0.0,
      "z_hits_at_k": -0.3978474283313355,
      "adjusted_hits_at_k": -0.000316565152459445
    },
    "pessimistic": {
      "adjusted_inverse_harmonic_mean_rank": -5.93233339038197e-05,
      "inverse_median_rank": 7.105300554213443e-05,
      "arithmetic_mean_rank": 14506.234,
      "median_rank": 14074.0,
      "inverse_harmonic_mean_rank": 0.00028685021201037573,
      "inverse_arithmetic_mean_rank": 6.893587956736393e-05,
      "variance": 74777040.883244,
      "harmonic_mean_rank": 3486.1400066311567,
      "adjusted_arithmetic_mean_rank_index": 0.08189125704307165,
      "count": 500.0,
      "standard_deviation": 8647.371906148364,
      "adjusted_arithmetic_mean_rank": 0.918113925935743,
      "z_geometric_mean_rank": 2.462866954004319,
      "z_inverse_harmonic_mean_rank": -0.1840041889934172,
      "inverse_geometric_mean_rank": 9.65273494002803e-05,
      "adjusted_geometric_mean_rank_index": 0.1098802305472204,
      "geometric_mean_rank": 10359.75820545111,
      "z_arithmetic_mean_rank": 3.1715343734796946,
      "median_absolute_deviation": 10332.25486076554,
      "hits_at_1": 0.0,
      "hits_at_3": 0.0,
      "hits_at_5": 0.0,
      "hits_at_10": 0.0,
      "z_hits_at_k": -0.3978474283313355,
      "adjusted_hits_at_k": -0.000316565152459445
    }
  },
  "both": {
    "optimistic": {
      "adjusted_inverse_harmonic_mean_rank": 5.50745705842217e-06,
      "inverse_median_rank": 7.335680751173709e-05,
      "arithmetic_mean_rank": 14105.725,
      "median_rank": 13632.0,
      "inverse_harmonic_mean_rank": 0.00035866464348124227,
      "inverse_arithmetic_mean_rank": 7.08932011647753e-05,
      "variance": 77187605.689375,
      "harmonic_mean_rank": 2788.119816589334,
      "adjusted_arithmetic_mean_rank_index": 0.08923889429315202,
      "count": 1000.0,
      "standard_deviation": 8785.647710292908,
      "adjusted_arithmetic_mean_rank": 0.9107668676104882,
      "z_geometric_mean_rank": 4.52559948875016,
      "z_inverse_harmonic_mean_rank": 0.02389242445711881,
      "inverse_geometric_mean_rank": 0.00010242424625238243,