{
  "head": {
    "optimistic": {
      "adjusted_arithmetic_mean_rank_index": -0.012609362690218617,
      "count": 500.0,
      "standard_deviation": 2758.736759388253,
      "adjusted_inverse_harmonic_mean_rank": -0.0004202222985796013,
      "median_rank": 5118.0,
      "z_arithmetic_mean_rank": -0.48828875366253044,
      "adjusted_arithmetic_mean_rank": 1.0126067490257857,
      "median_absolute_deviation": 3551.5736144301695,
      "z_geometric_mean_rank": -0.8347555829885458,
      "inverse_geometric_mean_rank": 0.00027123754644783394,
      "arithmetic_mean_rank": 4885.22,
      "adjusted_geometric_mean_rank_index": -0.03719076645274799,
      "variance": 7610628.5076,
      "harmonic_mean_rank": 1691.9171143077067,
      "inverse_median_rank": 0.00019538882375928098,
      "inverse_harmonic_mean_rank": 0.0005910455019004739,
      "inverse_arithmetic_mean_rank": 0.00020469907189440802,
      "z_inverse_harmonic_mean_rank": -0.7210517925738953,
      "geometric_mean_rank": 3686.8052122434533,
      "hits_at_1": 0.0,
      "hits_at_3": 0.0,
      "hits_at_5": 0.0,
      "hits_at_10": 0.0,
      "z_hits_at_k": -0.7203000213290213,
      "adjusted_hits_at_k": -0.0010376641538627671
    },
    "realistic": {
      "adjusted_arithmetic_mean_rank_index": -0.01260940723219095,
      "count": 500.0,
      "standard_deviation": 2758.73681640625,
      "adjusted_inverse_harmonic_mean_rank": -0.0004202223221450314,
      "median_rank": 5118.0,
      "z_arithmetic_mean_rank": -0.4882904785192679,
      "adjusted_arithmetic_mean_rank": 1.0126067935585255,
      "median_absolute_deviation": 3551.5736144301695,
      "z_geometric_mean_rank": -0.8347615207761052,
      "inverse_geometric_mean_rank": 0.0002712374844122678,
      "arithmetic_mean_rank": 4885.22021484375,
      "adjusted_geometric_mean_rank_index": -0.037191030998292796,
      "variance": 7610628.5,
      "harmonic_mean_rank": 1691.9171816975318,
      "inverse_median_rank": 0.00019538882770575583,
      "inverse_harmonic_mean_rank": 0.0005910454783588648,
      "inverse_arithmetic_mean_rank": 0.00020469905575737357,
      "z_inverse_harmonic_mean_rank": -0.7210518330093876,
      "geometric_mean_rank": 3686.80615234375,
      "hits_at_1": 0.0,
      "hits_at_3": 0.0,
      "hits_at_5": 0.0,
      "hits_at_10": 0.0,
      "z_hits_at_k": -0.7203000213290213,
      "adjusted_hits_at_k": -0.0010376641538627671
    },
    "pessimistic": {
      "adjusted_arithmetic_mean_rank_index": -0.012609362690218617,
      "count": 500.0,
      "standard_deviation": 2758.736759388253,
      "adjusted_inverse_harmonic_mean_rank": -0.0004202222985796013,
      "median_rank": 5118.0,
      "z_arithmetic_mean_rank": -0.48828875366253044,
      "adjusted_arithmetic_mean_rank": 1.0126067490257857,
      "median_absolute_deviation": 3551.5736144301695,
      "z_geometric_mean_rank": -0.8347555829885458,
      "inverse_geometric_mean_rank": 0.00027123754644783394,
      "arithmetic_mean_rank": 4885.22,
      "adjusted_geometric_mean_rank_index": -0.03719076645274799,
      "variance": 7610628.5076,
      "harmonic_mean_rank": 1691.9171143077067,
      "inverse_median_rank": 0.00019538882375928098,
      "inverse_harmonic_mean_rank": 0.0005910455019004739,
      "inverse_arithmetic_mean_rank": 0.00020469907189440802,
      "z_inverse_harmonic_mean_rank": -0.7210517925738953,
      "geometric_mean_rank": 3686.8052122434533,
      "hits_at_1": 0.0,
      "hits_at_3": 0.0,
      "hits_at_5": 0.0,
      "hits_at_10": 0.0,
      "z_hits_at_k": -0.7203000213290213,
      "adjusted_hits_at_k": -0.0010376641538627671
    }
  },
  "tail": {
    "optimistic": {
      "adjusted_arithmetic_mean_rank_index": -0.012366851510363208,
      "count": 500.0,
      "standard_deviation": 2764.127117837383,
      "adjusted_inverse_harmonic_mean_rank": -0.00035049848427353716,
      "median_rank": 5074.0,
      "z_arithmetic_mean_rank": -0.4789167265190457,
      "adjusted_arithmetic_mean_rank": 1.0123643022874227,
      "median_absolute_deviation": 3610.136402061141,
      "z_geometric_mean_rank": -0.840319744574046,
      "inverse_geometric_mean_rank": 0.00026966315899608974,
      "arithmetic_mean_rank": 4911.206,
      "adjusted_geometric_mean_rank_index": -0.03743903832390982,
      "variance": 7640398.723563999,
      "harmonic_mean_rank": 1525.2949942958483,
      "inverse_median_rank": 0.00019708316909735908,
      "inverse_harmonic_mean_rank": 0.0006556108842812072,
      "inverse_arithmetic_mean_rank": 0.00020361597538364303,
      "z_inverse_harmonic_mean_rank": -0.6031026010255198,
      "geometric_mean_rank": 3708.330065266722,
      "hits_at_1": 0.0,
      "hits_at_3": 0.0,
      "hits_at_5": 0.0,
      "hits_at_10": 0.0,
      "z_hits_at_k": -0.7182748691279413,
      "adjusted_hits_at_k": -0.0010318375752197382
    },
    "realistic": {
      "adjusted_arithmetic_mean_rank_index": -0.012366862785615718,
      "count": 500.0,
      "standard_deviation": 2764.127197265625,
      "adjusted_inverse_harmonic_mean_rank": -0.00035049849753247396,
      "median_rank": 5074.0,
      "z_arithmetic_mean_rank": -0.4789171631626772,
      "adjusted_arithmetic_mean_rank": 1.0123643135603508,
      "median_absolute_deviation": 3610.136402061141,
      "z_geometric_mean_rank": -0.8403228921765056,
      "inverse_geometric_mean_rank": 0.0002696631127037108,
      "arithmetic_mean_rank": 4911.2060546875,
      "adjusted_geometric_mean_rank_index": -0.037439178560063624,
      "variance": 7640399.0,
      "harmonic_mean_rank": 1525.2950251120697,
      "inverse_median_rank": 0.0001970831654034555,
      "inverse_harmonic_mean_rank": 0.0006556108710356057,
      "inverse_arithmetic_mean_rank": 0.00020361597125884145,
      "z_inverse_harmonic_mean_rank": -0.6031026238401671,
      "geometric_mean_rank": 3708.33056640625,
      "hits_at_1": 0.0,
      "hits_at_3": 0.0,
      "hits_at_5": 0.0,
      "hits_at_10": 0.0,
      "z_hits_at_k": -0.7182748691279413,
      "adjusted_hits_at_k": -0.0010318375752197382
    },
    "pessimistic": {
      "adjusted_arithmetic_mean_rank_index": -0.012366851510363208,
      "count": 500.0,
      "standard_deviation": 2764.127117837383,
      "adjusted_inverse_harmonic_mean_rank": -0.00035049848427353716,
      "median_rank": 5074.0,
      "z_arithmetic_mean_rank": -0.4789167265190457,
      "adjusted_arithmetic_mean_rank": 1.0123643022874227,
      "median_absolute_deviation": 3610.136402061141,
      "z_geometric_mean_rank": -0.840319744574046,
      "inverse_geometric_mean_rank": 0.00026966315899608974,
      "arithmetic_mean_rank": 4911.206,
      "adjusted_geometric_mean_rank_index": -0.03743903832390982,
      "variance": 7640398.723563999,
      "harmonic_mean_rank": 1525.2949942958483,
      "inverse_median_rank": 0.00019708316909735908,
      "inverse_harmonic_mean_rank": 0.0006556108842812072,
      "inverse_arithmetic_mean_rank": 0.00020361597538364303,
      "z_inverse_harmonic_mean_rank": -0.6031026010255198,
      "geometric_mean_rank": 3708.330065266722,
      "hits_at_1": 0.0,
      "hits_at_3": 0.0,
      "hits_at_5": 0.0,
      "hits_at_10": 0.0,
      "z_hits_at_k": -0.7182748691279413,
      "adjusted_hits_at_k": -0.0010318375752197382
    }
  },
  "both": {
    "optimistic": {
      "adjusted_arithmetic_mean_rank_index": -0.012487770870565074,
      "count": 1000.0,
      "standard_deviation": 2761.4638208079064,
      "adjusted_inverse_harmonic_mean_rank": -0.00038536030268030363,
      "median_rank": 5091.5,
      "z_arithmetic_mean_rank": -0.6838967179025204,
      "adjusted_arithmetic_mean_rank": 1.0124851895857052,
      "median_absolute_deviation": 3576.036551035512,
      "z_geometric_mean_rank": -1.19993524943132,
      "inverse_geometric_mean_rank": 0.00027044920708604674,
      "arithmetic_mean_rank": 4898.213,
      "adjusted_geometric_mean_rank_index": -0.037830136817970095,
      "variance": 7625682.433631,
      "harmonic_mean_rank": 1604.2913044593593,