{
  "head": {
    "optimistic": {
      "inverse_arithmetic_mean_rank": 6.957525558818017e-05,
      "z_inverse_harmonic_mean_rank": 0.5264881404646238,
      "geometric_mean_rank": 10125.052689992059,
      "adjusted_arithmetic_mean_rank_index": 0.04436586879139659,
      "count": 500.0,
      "standard_deviation": 8763.86484472028,
      "adjusted_inverse_harmonic_mean_rank": 0.00017428885215083024,
      "median_rank": 13483.5,
      "z_arithmetic_mean_rank": 1.7151884615471005,
      "adjusted_arithmetic_mean_rank": 0.9556370810372847,
      "median_absolute_deviation": 11293.722399466424,
      "z_geometric_mean_rank": 1.892698507309671,
      "inverse_geometric_mean_rank": 9.876491813108622e-05,
      "arithmetic_mean_rank": 14372.926,
      "adjusted_geometric_mean_rank_index": 0.08443904302560556,
      "variance": 76805327.016524,
      "harmonic_mean_rank": 1860.8991311101622,
      "inverse_median_rank": 7.416471984277079e-05,
      "inverse_harmonic_mean_rank": 0.0005373746396471403,
      "hits_at_1": 0.0,
      "hits_at_3": 0.0,
      "hits_at_5": 0.0,
      "hits_at_10": 0.002,
      "z_hits_at_k": 2.040115502140143,
      "adjusted_hits_at_k": 0.0016668802488639446
    },
    "realistic": {
      "inverse_arithmetic_mean_rank": 6.957525329198688e-05,
      "z_inverse_harmonic_mean_rank": 0.5264881383649469,
      "geometric_mean_rank": 10125.0595703125,
      "adjusted_arithmetic_mean_rank_index": 0.0443658833367655,
      "count": 500.0,
      "standard_deviation": 8763.865234375,
      "adjusted_inverse_harmonic_mean_rank": 0.00017428885145575235,
      "median_rank": 13483.5,
      "z_arithmetic_mean_rank": 1.7151890238723695,
      "adjusted_arithmetic_mean_rank": 0.9556370664928829,
      "median_absolute_deviation": 11293.722399466424,
      "z_geometric_mean_rank": 1.892684560345991,
      "inverse_geometric_mean_rank": 9.876485273707658e-05,
      "arithmetic_mean_rank": 14372.92578125,
      "adjusted_geometric_mean_rank_index": 0.08443842080909203,
      "variance": 76805328.0,
      "harmonic_mean_rank": 1860.899133516305,
      "inverse_median_rank": 7.416471635224298e-05,
      "inverse_harmonic_mean_rank": 0.0005373746389523149,
      "hits_at_1": 0.0,
      "hits_at_3": 0.0,
      "hits_at_5": 0.0,
      "hits_at_10": 0.002,
      "z_hits_at_k": 2.040115502140143,
      "adjusted_hits_at_k": 0.0016668802488639446
    },
    "pessimistic": {
      "inverse_arithmetic_mean_rank": 6.957525558818017e-05,
      "z_inverse_harmonic_mean_rank": 0.5264881404646238,
      "geometric_mean_rank": 10125.052689992059,
      "adjusted_arithmetic_mean_rank_index": 0.04436586879139659,
      "count": 500.0,
      "standard_deviation": 8763.86484472028,
      "adjusted_inverse_harmonic_mean_rank": 0.00017428885215083024,
      "median_rank": 13483.5,
      "z_arithmetic_mean_rank": 1.7151884615471005,
      "adjusted_arithmetic_mean_rank": 0.9556370810372847,
      "median_absolute_deviation": 11293.722399466424,
      "z_geometric_mean_rank": 1.892698507309671,
      "inverse_geometric_mean_rank": 9.876491813108622e-05,
      "arithmetic_mean_rank": 14372.926,
      "adjusted_geometric_mean_rank_index": 0.08443904302560556,
      "variance": 76805327.016524,
      "harmonic_mean_rank": 1860.8991311101622,
      "inverse_median_rank": 7.416471984277079e-05,
      "inverse_harmonic_mean_rank": 0.0005373746396471403,
      "hits_at_1": 0.0,
      "hits_at_3": 0.0,
      "hits_at_5": 0.0,
      "hits_at_10": 0.002,
      "z_hits_at_k": 2.040115502140143,
      "adjusted_hits_at_k": 0.0016668802488639446
    }
  },
  "tail": {
    "optimistic": {
      "inverse_arithmetic_mean_rank": 6.536867146280967e-05,
      "z_inverse_harmonic_mean_rank": -0.3612641728074959,
      "geometric_mean_rank": 11673.562485642537,
      "adjusted_arithmetic_mean_rank_index": 0.03175994395963044,
      "count": 500.0,
      "standard_deviation": 8423.178763916625,
      "adjusted_inverse_harmonic_mean_rank": -0.00011647389023699168,
      "median_rank": 14776.0,
      "z_arithmetic_mean_rank": 1.2300184113290626,
      "adjusted_arithmetic_mean_rank": 0.9682420662128959,
      "median_absolute_deviation": 10285.552890882613,
      "z_geometric_mean_rank": -0.06816034954194805,
      "inverse_geometric_mean_rank": 8.566365248225747e-05,
      "arithmetic_mean_rank": 15297.848,
      "adjusted_geometric_mean_rank_index": -0.0030409579285421984,
      "variance": 70949940.488896,
      "harmonic_mean_rank": 4352.975474003424,
      "inverse_median_rank": 6.76773145641581e-05,
      "inverse_harmonic_mean_rank": 0.0002297279196660168,
      "hits_at_1": 0.0,
      "hits_at_3": 0.0,
      "hits_at_5": 0.0,
      "hits_at_10": 0.0,
      "z_hits_at_k": -0.3978527936493195,
      "adjusted_hits_at_k": -0.0003165736908288828
    },
    "realistic": {
      "inverse_arithmetic_mean_rank": 6.536867294926196e-05,
      "z_inverse_harmonic_mean_rank": -0.36126414712105726,
      "geometric_mean_rank": 11673.560546875,
      "adjusted_arithmetic_mean_rank_index": 0.03175996571787232,
      "count": 500.0,
      "standard_deviation": 8423.1787109375,
      "adjusted_inverse_harmonic_mean_rank": -0.00011647388195551881,
      "median_rank": 14776.0,
      "z_arithmetic_mean_rank": 1.2300192539954793,
      "adjusted_arithmetic_mean_rank": 0.9682420444560311,
      "median_absolute_deviation": 10285.552890882613,
      "z_geometric_mean_rank": -0.06815661532456829,
      "inverse_geometric_mean_rank": 8.566366886952892e-05,
      "arithmetic_mean_rank": 15297.84765625,
      "adjusted_geometric_mean_rank_index": -0.00304079132731383,
      "variance": 70949936.0,
      "harmonic_mean_rank": 4352.975317137127,
      "inverse_median_rank": 6.767731247236952e-05,
      "inverse_harmonic_mean_rank": 0.00022972792794462293,
      "hits_at_1": 0.0,
      "hits_at_3": 0.0,
      "hits_at_5": 0.0,
      "hits_at_10": 0.0,
      "z_hits_at_k": -0.3978527936493195,
      "adjusted_hits_at_k": -0.0003165736908288828
    },
    "pessimistic": {
      "inverse_arithmetic_mean_rank": 6.536867146280967e-05,
      "z_inverse_harmonic_mean_rank": -0.3612641728074959,
      "geometric_mean_rank": 11673.562485642537,
      "adjusted_arithmetic_mean_rank_index": 0.03175994395963044,
      "count": 500.0,
      "standard_deviation": 8423.178763916625,
      "adjusted_inverse_harmonic_mean_rank": -0.00011647389023699168,
      "median_rank": 14776.0,
      "z_arithmetic_mean_rank": 1.2300184113290626,
      "adjusted_arithmetic_mean_rank": 0.9682420662128959,
      "median_absolute_deviation": 10285.552890882613,
      "z_geometric_mean_rank": -0.06816034954194805,
      "inverse_geometric_mean_rank": 8.566365248225747e-05,
      "arithmetic_mean_rank": 15297.848,
      "adjusted_geometric_mean_rank_index": -0.0030409579285421984,
      "variance": 70949940.488896,
      "harmonic_mean_rank": 4352.975474003424,
      "inverse_median_rank": 6.76773145641581e-05,
      "inverse_harmonic_mean_rank": 0.0002297279196660168,
      "hits_at_1": 0.0,
      "hits_at_3": 0.0,
      "hits_at_5": 0.0,
      "hits_at_10": 0.0,
      "z_hits_at_k": -0.3978527936493195,
      "adjusted_hits_at_k": -0.0003165736908288828
    }
  },
  "both": {
    "optimistic": {
      "inverse_arithmetic_mean_rank": 6.740639795914997e-05,
      "z_inverse_harmonic_mean_rank": 0.12510901713021383,
      "geometric_mean_rank": 10871.772405962385,
      "adjusted_arithmetic_mean_rank_index": 0.03790767955210239,
      "count": 1000.0,
      "standard_deviation": 8607.642181760984,
      "adjusted_inverse_harmonic_mean_rank": 2.890624567931558e-05,
      "median_rank": 14275.5,
      "z_arithmetic_mean_rank": 2.073845951491343,
      "adjusted_arithmetic_mean_rank": 0.962094778811847,
      "median_absolute_deviation": 10791.120247393024,
      "z_geometric_mean_rank": 1.3056359751892828,
      "inverse_geometric_mean_rank": 9.198132214868404e-05,
      "arithmetic_mean_rank": 14835.387,