{
  "losses": [
    12.21521770252901,
    6.333615424586277,
    3.7536816737231087
  ],
  "metrics": {
    "both": {
      "optimistic": {
        "adjusted_arithmetic_mean_rank": 1.0124851895857052,
        "adjusted_arithmetic_mean_rank_index": -0.012487770870565074,
        "adjusted_geometric_mean_rank_index": -0.037830136817970095,
        "adjusted_hits_at_k": -0.0010347508560627709,
        "adjusted_inverse_harmonic_mean_rank": -0.00038536030268030363,
        "arithmetic_mean_rank": 4898.213,
        "count": 1000.0,
        "geometric_mean_rank": 3697.5519757461802,
        "harmonic_mean_rank": 1604.2913044593593,
        "hits_at_1": 0.0,
        "hits_at_10": 0.0,
        "hits_at_3": 0.0,
        "hits_at_5": 0.0,
        "inverse_arithmetic_mean_rank": 0.00020415608712810162,
        "inverse_geometric_mean_rank": 0.00027044920708604674,
        "inverse_harmonic_mean_rank": 0.0006233281930908406,
        "inverse_median_rank": 0.0001964057743297653,
        "median_absolute_deviation": 3576.036551035512,
        "median_rank": 5091.5,
        "standard_deviation": 2761.4638208079064,
        "variance": 7625682.433631,
        "z_arithmetic_mean_rank": -0.6838967179025204,
        "z_geometric_mean_rank": -1.19993524943132,
        "z_hits_at_k": -1.0172270682292768,
        "z_inverse_harmonic_mean_rank": -0.9364343454783608
      },
      "pessimistic": {
        "adjusted_arithmetic_mean_rank": 1.0124851895857052,
        "adjusted_arithmetic_mean_rank_index": -0.012487770870565074,
        "adjusted_geometric_mean_rank_index": -0.037830136817970095,
        "adjusted_hits_at_k": -0.0010347508560627709,
        "adjusted_inverse_harmonic_mean_rank": -0.00038536030268030363,
        "arithmetic_mean_rank": 4898.213,
        "count": 1000.0,
        "geometric_mean_rank": 3697.5519757461802,
        "harmonic_mean_rank": 1604.2913044593593,
        "hits_at_1": 0.0,
        "hits_at_10": 0.0,
        "hits_at_3": 0.0,
        "hits_at_5": 0.0,
        "inverse_arithmetic_mean_rank": 0.00020415608712810162,
        "inverse_geometric_mean_rank": 0.00027044920708604674,
        "inverse_harmonic_mean_rank": 0.0006233281930908406,
        "inverse_median_rank": 0.0001964057743297653,
        "median_absolute_deviation": 3576.036551035512,
        "median_rank": 5091.5,
        "standard_deviation": 2761.4638208079064,
        "variance": 7625682.433631,
        "z_arithmetic_mean_rank": -0.6838967179025204,
        "z_geometric_mean_rank": -1.19993524943132,
        "z_hits_at_k": -1.0172270682292768,
        "z_inverse_harmonic_mean_rank": -0.9364343454783608
      },
      "realistic": {
        "adjusted_arithmetic_mean_rank": 1.0124851669773445,
        "adjusted_arithmetic_mean_rank_index": -0.012487748257530074,
        "adjusted_geometric_mean_rank_index": -0.03783034980776634,
        "adjusted_hits_at_k": -0.0010347508560627709,
        "adjusted_inverse_harmonic_mean_rank": -0.00038536029195926846,
        "arithmetic_mean_rank": 4898.212890625,
        "count": 1000.0,
        "geometric_mean_rank": 3697.552734375,
        "harmonic_mean_rank": 1604.2912768939116,
        "hits_at_1": 0.0,
        "hits_at_10": 0.0,
        "hits_at_3": 0.0,
        "hits_at_5": 0.0,
        "inverse_arithmetic_mean_rank": 0.00020415609469637275,
        "inverse_geometric_mean_rank": 0.00027044914895668626,
        "inverse_harmonic_mean_rank": 0.0006233282038010657,
        "inverse_median_rank": 0.00019640577374957502,
        "median_absolute_deviation": 3576.036551035512,
        "median_rank": 5091.5,
        "standard_deviation": 2761.4638671875,
        "variance": 7625682.5,
        "z_arithmetic_mean_rank": -0.6838954794925058,
        "z_geometric_mean_rank": -1.1999420052610787,
        "z_hits_at_k": -1.0172270682292768,
        "z_inverse_harmonic_mean_rank": -0.9364343194260003
      }
    },
    "head": {
      "optimistic": {
        "adjusted_arithmetic_mean_rank": 1.0126067490257857,
        "adjusted_arithmetic_mean_rank_index": -0.012609362690218617,
        "adjusted_geometric_mean_rank_index": -0.03719076645274799,
        "adjusted_hits_at_k": -0.0010376641538627671,
        "adjusted_inverse_harmonic_mean_rank": -0.0004202222985796013,
        "arithmetic_mean_rank": 4885.22,
        "count": 500.0,
        "geometric_mean_rank": 3686.8052122434533,
        "harmonic_mean_rank": 1691.9171143077067,
        "hits_at_1": 0.0,
        "hits_at_10": 0.0,
        "hits_at_3": 0.0,
        "hits_at_5": 0.0,
        "inverse_arithmetic_mean_rank": 0.00020469907189440802,
        "inverse_geometric_mean_rank": 0.00027123754644783394,
        "inverse_harmonic_mean_rank": 0.0005910455019004739,
        "inverse_median_rank": 0.00019538882375928098,
        "median_absolute_deviation": 3551.5736144301695,
        "median_rank": 5118.0,
        "standard_deviation": 2758.736759388253,
        "variance": 7610628.5076,
        "z_arithmetic_mean_rank": -0.48828875366253044,
        "z_geometric_mean_rank": -0.8347555829885458,
        "z_hits_at_k": -0.7203000213290213,
        "z_inverse_harmonic_mean_rank": -0.7210517925738953
      },
      "pessimistic": {
        "adjusted_arithmetic_mean_rank": 1.0126067490257857,
        "adjusted_arithmetic_mean_rank_index": -0.012609362690218617,
        "adjusted_geometric_mean_rank_index": -0.03719076645274799,
        "adjusted_hits_at_k": -0.0010376641538627671,
        "adjusted_inverse_harmonic_mean_rank": -0.0004202222985796013,
        "arithmetic_mean_rank": 4885.22,
        "count": 500.0,
        "geometric_mean_rank": 3686.8052122434533,
        "harmonic_mean_rank": 1691.9171143077067,
        "hits_at_1": 0.0,
        "hits_at_10": 0.0,
        "hits_at_3": 0.0,
        "hits_at_5": 0.0,
        "inverse_arithmetic_mean_rank": 0.00020469907189440802,
        "inverse_geometric_mean_rank": 0.00027123754644783394,
        "inverse_harmonic_mean_rank": 0.0005910455019004739,
        "inverse_median_rank": 0.00019538882375928098,
        "median_absolute_deviation": 3551.5736144301695,
        "median_rank": 5118.0,
        "standard_deviation": 2758.736759388253,
        "variance": 7610628.5076,
        "z_arithmetic_mean_rank": -0.48828875366253044,
        "z_geometric_mean_rank": -0.8347555829885458,
        "z_hits_at_k": -0.7203000213290213,
        "z_inverse_harmonic_mean_rank": -0.7210517925738953
      },
      "realistic": {
        "adjusted_arithmetic_mean_rank": 1.0126067935585255,
        "adjusted_arithmetic_mean_rank_index": -0.01260940723219095,
        "adjusted_geometric_mean_rank_index": -0.037191030998292796,
        "adjusted_hits_at_k": -0.0010376641538627671,
        "adjusted_inverse_harmonic_mean_rank": -0.0004202223221450314,
        "arithmetic_mean_rank": 4885.22021484375,
        "count": 500.0,
        "geometric_mean_rank": 3686.80615234375,
        "harmonic_mean_rank": 1691.9171816975318,
        "hits_at_1": 0.0,
        "hits_at_10": 0.0,
        "hits_at_3": 0.0,
        "hits_at_5": 0.0,
        "inverse_arithmetic_mean_rank": 0.00020469905575737357,
        "inverse_geometric_mean_rank": 0.0002712374844122678,
        "inverse_harmonic_mean_rank": 0.0005910454783588648,
        "inverse_median_rank": 0.00019538882770575583,
        "median_absolute_deviation": 3551.5736144301695,
        "median_rank": 5118.0,
        "standard_deviation": 2758.73681640625,
        "variance": 7610628.5,
        "z_arithmetic_mean_rank": -0.4882904785192679,
        "z_geometric_mean_rank": -0.8347615207761052,
        "z_hits_at_k": -0.7203000213290213,
        "z_inverse_harmonic_mean_rank": -0.7210518330093876
      }
    },
    "tail": {
      "optimistic": {
        "adjusted_arithmetic_mean_rank": 1.0123643022874227,
        "adjusted_arithmetic_mean_rank_index": -0.012366851510363208,
        "adjusted_geometric_mean_rank_index": -0.03743903832390982,
        "adjusted_hits_at_k": -0.0010318375752197382,