{
  "losses": [
    10.677117663271288,
    3.442729930082957,
    1.463400403658549
  ],
  "metrics": {
    "both": {
      "optimistic": {
        "adjusted_arithmetic_mean_rank": 0.962094778811847,
        "adjusted_arithmetic_mean_rank_index": 0.03790767955210239,
        "adjusted_geometric_mean_rank_index": 0.04121914588103803,
        "adjusted_hits_at_k": 0.0006751447461792248,
        "adjusted_inverse_harmonic_mean_rank": 2.890624567931558e-05,
        "arithmetic_mean_rank": 14835.387,
        "count": 1000.0,
        "geometric_mean_rank": 10871.772405962385,
        "harmonic_mean_rank": 2607.2133063807605,
        "hits_at_1": 0.0,
        "hits_at_10": 0.001,
        "hits_at_3": 0.0,
        "hits_at_5": 0.0,
        "inverse_arithmetic_mean_rank": 6.740639795914997e-05,
        "inverse_geometric_mean_rank": 9.198132214868404e-05,
        "inverse_harmonic_mean_rank": 0.0003835512796565786,
        "inverse_median_rank": 7.005008581135511e-05,
        "median_absolute_deviation": 10791.120247393024,
        "median_rank": 14275.5,
        "standard_deviation": 8607.642181760984,
        "variance": 74091503.929231,
        "z_arithmetic_mean_rank": 2.073845951491343,
        "z_geometric_mean_rank": 1.3056359751892828,
        "z_hits_at_k": 1.1839541366164952,
        "z_inverse_harmonic_mean_rank": 0.12510901713021383
      },
      "pessimistic": {
        "adjusted_arithmetic_mean_rank": 0.962094778811847,
        "adjusted_arithmetic_mean_rank_index": 0.03790767955210239,
        "adjusted_geometric_mean_rank_index": 0.04121914588103803,
        "adjusted_hits_at_k": 0.0006751447461792248,
        "adjusted_inverse_harmonic_mean_rank": 2.890624567931558e-05,
        "arithmetic_mean_rank": 14835.387,
        "count": 1000.0,
        "geometric_mean_rank": 10871.772405962385,
        "harmonic_mean_rank": 2607.2133063807605,
        "hits_at_1": 0.0,
        "hits_at_10": 0.001,
        "hits_at_3": 0.0,
        "hits_at_5": 0.0,
        "inverse_arithmetic_mean_rank": 6.740639795914997e-05,
        "inverse_geometric_mean_rank": 9.198132214868404e-05,
        "inverse_harmonic_mean_rank": 0.0003835512796565786,
        "inverse_median_rank": 7.005008581135511e-05,
        "median_absolute_deviation": 10791.120247393024,
        "median_rank": 14275.5,
        "standard_deviation": 8607.642181760984,
        "variance": 74091503.929231,
        "z_arithmetic_mean_rank": 2.073845951491343,
        "z_geometric_mean_rank": 1.3056359751892828,
        "z_hits_at_k": 1.1839541366164952,
        "z_inverse_harmonic_mean_rank": 0.12510901713021383
      },
      "realistic": {
        "adjusted_arithmetic_mean_rank": 0.9620947605724066,
        "adjusted_arithmetic_mean_rank_index": 0.037907697792725736,
        "adjusted_geometric_mean_rank_index": 0.04121983007955288,
        "adjusted_hits_at_k": 0.0006751447461792248,
        "adjusted_inverse_harmonic_mean_rank": 2.8906256751090153e-05,
        "arithmetic_mean_rank": 14835.38671875,
        "count": 1000.0,
        "geometric_mean_rank": 10871.7646484375,
        "harmonic_mean_rank": 2607.213231146389,
        "hits_at_1": 0.0,
        "hits_at_10": 0.001,
        "hits_at_3": 0.0,
        "hits_at_5": 0.0,
        "inverse_arithmetic_mean_rank": 6.740639946656302e-05,
        "inverse_geometric_mean_rank": 9.1981390141882e-05,
        "inverse_harmonic_mean_rank": 0.0003835512907244265,
        "inverse_median_rank": 7.005008228588849e-05,
        "median_absolute_deviation": 10791.120247393024,
        "median_rank": 14275.5,
        "standard_deviation": 8607.642578125,
        "variance": 74091512.0,
        "z_arithmetic_mean_rank": 2.073846949395815,
        "z_geometric_mean_rank": 1.305657647501409,
        "z_hits_at_k": 1.1839541366164952,
        "z_inverse_harmonic_mean_rank": 0.12510906504992136
      }
    },
    "head": {
      "optimistic": {
        "adjusted_arithmetic_mean_rank": 0.9556370810372847,
        "adjusted_arithmetic_mean_rank_index": 0.04436586879139659,
        "adjusted_geometric_mean_rank_index": 0.08443904302560556,
        "adjusted_hits_at_k": 0.0016668802488639446,
        "adjusted_inverse_harmonic_mean_rank": 0.00017428885215083024,
        "arithmetic_mean_rank": 14372.926,
        "count": 500.0,
        "geometric_mean_rank": 10125.052689992059,
        "harmonic_mean_rank": 1860.8991311101622,
        "hits_at_1": 0.0,
        "hits_at_10": 0.002,
        "hits_at_3": 0.0,
        "hits_at_5": 0.0,
        "inverse_arithmetic_mean_rank": 6.957525558818017e-05,
        "inverse_geometric_mean_rank": 9.876491813108622e-05,
        "inverse_harmonic_mean_rank": 0.0005373746396471403,
        "inverse_median_rank": 7.416471984277079e-05,
        "median_absolute_deviation": 11293.722399466424,
        "median_rank": 13483.5,
        "standard_deviation": 8763.86484472028,
        "variance": 76805327.016524,
        "z_arithmetic_mean_rank": 1.7151884615471005,
        "z_geometric_mean_rank": 1.892698507309671,
        "z_hits_at_k": 2.040115502140143,
        "z_inverse_harmonic_mean_rank": 0.5264881404646238
      },
      "pessimistic": {
        "adjusted_arithmetic_mean_rank": 0.9556370810372847,
        "adjusted_arithmetic_mean_rank_index": 0.04436586879139659,
        "adjusted_geometric_mean_rank_index": 0.08443904302560556,
        "adjusted_hits_at_k": 0.0016668802488639446,
        "adjusted_inverse_harmonic_mean_rank": 0.00017428885215083024,
        "arithmetic_mean_rank": 14372.926,
        "count": 500.0,
        "geometric_mean_rank": 10125.052689992059,
        "harmonic_mean_rank": 1860.8991311101622,
        "hits_at_1": 0.0,
        "hits_at_10": 0.002,
        "hits_at_3": 0.0,
        "hits_at_5": 0.0,
        "inverse_arithmetic_mean_rank": 6.957525558818017e-05,
        "inverse_geometric_mean_rank": 9.876491813108622e-05,
        "inverse_harmonic_mean_rank": 0.0005373746396471403,
        "inverse_median_rank": 7.416471984277079e-05,
        "median_absolute_deviation": 11293.722399466424,
        "median_rank": 13483.5,
        "standard_deviation": 8763.86484472028,
        "variance": 76805327.016524,
        "z_arithmetic_mean_rank": 1.7151884615471005,
        "z_geometric_mean_rank": 1.892698507309671,
        "z_hits_at_k": 2.040115502140143,
        "z_inverse_harmonic_mean_rank": 0.5264881404646238
      },
      "realistic": {
        "adjusted_arithmetic_mean_rank": 0.9556370664928829,
        "adjusted_arithmetic_mean_rank_index": 0.0443658833367655,
        "adjusted_geometric_mean_rank_index": 0.08443842080909203,
        "adjusted_hits_at_k": 0.0016668802488639446,
        "adjusted_inverse_harmonic_mean_rank": 0.00017428885145575235,
        "arithmetic_mean_rank": 14372.92578125,
        "count": 500.0,
        "geometric_mean_rank": 10125.0595703125,
        "harmonic_mean_rank": 1860.899133516305,
        "hits_at_1": 0.0,
        "hits_at_10": 0.002,
        "hits_at_3": 0.0,
        "hits_at_5": 0.0,
        "inverse_arithmetic_mean_rank": 6.957525329198688e-05,
        "inverse_geometric_mean_rank": 9.876485273707658e-05,
        "inverse_harmonic_mean_rank": 0.0005373746389523149,
        "inverse_median_rank": 7.416471635224298e-05,
        "median_absolute_deviation": 11293.722399466424,
        "median_rank": 13483.5,
        "standard_deviation": 8763.865234375,
        "variance": 76805328.0,
        "z_arithmetic_mean_rank": 1.7151890238723695,
        "z_geometric_mean_rank": 1.892684560345991,
        "z_hits_at_k": 2.040115502140143,
        "z_inverse_harmonic_mean_rank": 0.5264881383649469
      }
    },
    "tail": {
      "optimistic": {
        "adjusted_arithmetic_mean_rank": 0.9682420662128959,
        "adjusted_arithmetic_mean_rank_index": 0.03175994395963044,
        "adjusted_geometric_mean_rank_index": -0.0030409579285421984,
        "adjusted_hits_at_k": -0.0003165736908288828,
        "adjusted_inverse_harmonic_mean_rank": -0.00011647389023699168,