{
  "losses": [
    10.713694705682641,
    3.463672495355793,
    1.4625977324504478
  ],
  "metrics": {
    "both": {
      "optimistic": {
        "adjusted_arithmetic_mean_rank": 0.9107668676104882,
        "adjusted_arithmetic_mean_rank_index": 0.08923889429315202,
        "adjusted_geometric_mean_rank_index": 0.14287442044556864,
        "adjusted_hits_at_k": -0.0003236655969539966,
        "adjusted_inverse_harmonic_mean_rank": 5.50745705842217e-06,
        "arithmetic_mean_rank": 14105.725,
        "count": 1000.0,
        "geometric_mean_rank": 9763.313244560388,
        "harmonic_mean_rank": 2788.119816589334,
        "hits_at_1": 0.0,
        "hits_at_10": 0.0,
        "hits_at_3": 0.0,
        "hits_at_5": 0.0,
        "inverse_arithmetic_mean_rank": 7.08932011647753e-05,
        "inverse_geometric_mean_rank": 0.00010242424625238243,
        "inverse_harmonic_mean_rank": 0.00035866464348124227,
        "inverse_median_rank": 7.335680751173709e-05,
        "median_absolute_deviation": 10397.489358379786,
        "median_rank": 13632.0,
        "standard_deviation": 8785.647710292908,
        "variance": 77187605.689375,
        "z_arithmetic_mean_rank": 4.882740669575497,
        "z_geometric_mean_rank": 4.52559948875016,
        "z_hits_at_k": -0.568916382805095,
        "z_inverse_harmonic_mean_rank": 0.02389242445711881
      },
      "pessimistic": {
        "adjusted_arithmetic_mean_rank": 0.9107668676104882,
        "adjusted_arithmetic_mean_rank_index": 0.08923889429315202,
        "adjusted_geometric_mean_rank_index": 0.14287442044556864,
        "adjusted_hits_at_k": -0.0003236655969539966,
        "adjusted_inverse_harmonic_mean_rank": 5.50745705842217e-06,
        "arithmetic_mean_rank": 14105.725,
        "count": 1000.0,
        "geometric_mean_rank": 9763.313244560388,
        "harmonic_mean_rank": 2788.119816589334,
        "hits_at_1": 0.0,
        "hits_at_10": 0.0,
        "hits_at_3": 0.0,
        "hits_at_5": 0.0,
        "inverse_arithmetic_mean_rank": 7.08932011647753e-05,
        "inverse_geometric_mean_rank": 0.00010242424625238243,
        "inverse_harmonic_mean_rank": 0.00035866464348124227,
        "inverse_median_rank": 7.335680751173709e-05,
        "median_absolute_deviation": 10397.489358379786,
        "median_rank": 13632.0,
        "standard_deviation": 8785.647710292908,
        "variance": 77187605.689375,
        "z_arithmetic_mean_rank": 4.882740669575497,
        "z_geometric_mean_rank": 4.52559948875016,
        "z_hits_at_k": -0.568916382805095,
        "z_inverse_harmonic_mean_rank": 0.02389242445711881
      },
      "realistic": {
        "adjusted_arithmetic_mean_rank": 0.910766842388934,
        "adjusted_arithmetic_mean_rank_index": 0.08923891951633489,
        "adjusted_geometric_mean_rank_index": 0.14287448581754947,
        "adjusted_hits_at_k": -0.0003236655969539966,
        "adjusted_inverse_harmonic_mean_rank": 5.507447978677293e-06,
        "arithmetic_mean_rank": 14105.724609375,
        "count": 1000.0,
        "geometric_mean_rank": 9763.3125,
        "harmonic_mean_rank": 2788.119873046875,
        "hits_at_1": 0.0,
        "hits_at_10": 0.0,
        "hits_at_3": 0.0,
        "hits_at_5": 0.0,
        "inverse_arithmetic_mean_rank": 7.089320570230484e-05,
        "inverse_geometric_mean_rank": 0.00010242425196338445,
        "inverse_harmonic_mean_rank": 0.000358664634404704,
        "inverse_median_rank": 7.335680857067928e-05,
        "median_absolute_deviation": 10397.4892578125,
        "median_rank": 13632.0,
        "standard_deviation": 8785.6484375,
        "variance": 77187616.0,
        "z_arithmetic_mean_rank": 4.8827420496717195,
        "z_geometric_mean_rank": 4.525601559431543,
        "z_hits_at_k": -0.568916382805095,
        "z_inverse_harmonic_mean_rank": 0.02389238506741198
      }
    },
    "head": {
      "optimistic": {
        "adjusted_arithmetic_mean_rank": 0.9031174225902845,
        "adjusted_arithmetic_mean_rank_index": 0.09688896199421493,
        "adjusted_geometric_mean_rank_index": 0.17546760028238606,
        "adjusted_hits_at_k": -0.0003307661422499777,
        "adjusted_inverse_harmonic_mean_rank": 7.033915677262786e-05,
        "arithmetic_mean_rank": 13705.216,
        "count": 500.0,
        "geometric_mean_rank": 9201.207559193032,
        "harmonic_mean_rank": 2322.9932839621783,
        "hits_at_1": 0.0,
        "hits_at_10": 0.0,
        "hits_at_3": 0.0,
        "hits_at_5": 0.0,
        "inverse_arithmetic_mean_rank": 7.296492080095636e-05,
        "inverse_geometric_mean_rank": 0.00010868138704260493,
        "inverse_harmonic_mean_rank": 0.0004304790749521088,
        "inverse_median_rank": 7.81188969611749e-05,
        "median_absolute_deviation": 10722.920545341765,
        "median_rank": 12801.0,
        "standard_deviation": 8903.783217113049,
        "variance": 79277355.577344,
        "z_arithmetic_mean_rank": 3.7460989310231554,
        "z_geometric_mean_rank": 3.9330742134974273,
        "z_hits_at_k": -0.40667342476909046,
        "z_inverse_harmonic_mean_rank": 0.21344561276409224
      },
      "pessimistic": {
        "adjusted_arithmetic_mean_rank": 0.9031174225902845,
        "adjusted_arithmetic_mean_rank_index": 0.09688896199421493,
        "adjusted_geometric_mean_rank_index": 0.17546760028238606,
        "adjusted_hits_at_k": -0.0003307661422499777,
        "adjusted_inverse_harmonic_mean_rank": 7.033915677262786e-05,
        "arithmetic_mean_rank": 13705.216,
        "count": 500.0,
        "geometric_mean_rank": 9201.207559193032,
        "harmonic_mean_rank": 2322.9932839621783,
        "hits_at_1": 0.0,
        "hits_at_10": 0.0,
        "hits_at_3": 0.0,
        "hits_at_5": 0.0,
        "inverse_arithmetic_mean_rank": 7.296492080095636e-05,
        "inverse_geometric_mean_rank": 0.00010868138704260493,
        "inverse_harmonic_mean_rank": 0.0004304790749521088,
        "inverse_median_rank": 7.81188969611749e-05,
        "median_absolute_deviation": 10722.920545341765,
        "median_rank": 12801.0,
        "standard_deviation": 8903.783217113049,
        "variance": 79277355.577344,
        "z_arithmetic_mean_rank": 3.7460989310231554,
        "z_geometric_mean_rank": 3.9330742134974273,
        "z_hits_at_k": -0.40667342476909046,
        "z_inverse_harmonic_mean_rank": 0.21344561276409224
      },
      "realistic": {
        "adjusted_arithmetic_mean_rank": 0.9031174107496165,
        "adjusted_arithmetic_mean_rank_index": 0.0968889738356632,
        "adjusted_geometric_mean_rank_index": 0.17546799767948795,
        "adjusted_hits_at_k": -0.0003307661422499777,
        "adjusted_inverse_harmonic_mean_rank": 7.033917458322005e-05,
        "arithmetic_mean_rank": 13705.2158203125,
        "count": 500.0,
        "geometric_mean_rank": 9201.203125,
        "harmonic_mean_rank": 2322.9931640625,
        "hits_at_1": 0.0,
        "hits_at_10": 0.0,
        "hits_at_3": 0.0,
        "hits_at_5": 0.0,
        "inverse_arithmetic_mean_rank": 7.296491821762174e-05,
        "inverse_geometric_mean_rank": 0.00010868143726838753,
        "inverse_harmonic_mean_rank": 0.00043047909275628626,
        "inverse_median_rank": 7.811889372533187e-05,
        "median_absolute_deviation": 10722.9208984375,
        "median_rank": 12801.0,
        "standard_deviation": 8903.783203125,
        "variance": 79277360.0,
        "z_arithmetic_mean_rank": 3.7460993888589726,
        "z_geometric_mean_rank": 3.9330831210808874,
        "z_hits_at_k": -0.40667342476909046,
        "z_inverse_harmonic_mean_rank": 0.21344566681069943
      }
    },
    "tail": {
      "optimistic": {
        "adjusted_arithmetic_mean_rank": 0.918113925935743,
        "adjusted_arithmetic_mean_rank_index": 0.08189125704307165,
        "adjusted_geometric_mean_rank_index": 0.1098802305472204,
        "adjusted_hits_at_k": -0.000316565152459445,
        "adjusted_inverse_harmonic_mean_rank": -5.93233339038197e-05,