{
  "head": {
    "optimistic": {
      "inverse_arithmetic_mean_rank": 7.59817911157227e-05,
      "z_inverse_harmonic_mean_rank": 0.28398803517401316,
      "geometric_mean_rank": 8851.11649101163,
      "adjusted_arithmetic_mean_rank_index": 0.12494741225751371,
      "count": 500.0,
      "standard_deviation": 8685.788560959563,
      "adjusted_inverse_harmonic_mean_rank": 9.401151682423154e-05,
      "median_rank": 12419.0,
      "z_arithmetic_mean_rank": 4.830478150037152,
      "adjusted_arithmetic_mean_rank": 0.8750608953327663,
      "median_absolute_deviation": 10989.047643563521,
      "z_geometric_mean_rank": 4.475069786563637,
      "inverse_geometric_mean_rank": 0.00011298009703244861,
      "arithmetic_mean_rank": 13161.048,
      "adjusted_geometric_mean_rank_index": 0.19964648822349884,
      "variance": 75442922.925696,
      "harmonic_mean_rank": 2187.5784802480475,
      "inverse_median_rank": 8.052178114179885e-05,
      "inverse_harmonic_mean_rank": 0.00045712645696103707,
      "hits_at_1": 0.0,
      "hits_at_3": 0.0,
      "hits_at_5": 0.0,
      "hits_at_10": 0.0,
      "z_hits_at_k": -0.40852646626616174,
      "adjusted_hits_at_k": -0.0003337873257876306
    },
    "realistic": {
      "inverse_arithmetic_mean_rank": 7.598178490297869e-05,
      "z_inverse_harmonic_mean_rank": 0.28398799451802614,
      "geometric_mean_rank": 8851.115234375,
      "adjusted_arithmetic_mean_rank_index": 0.12494735719290273,
      "count": 500.0,
      "standard_deviation": 8685.7900390625,
      "adjusted_inverse_harmonic_mean_rank": 9.401150336545676e-05,
      "median_rank": 12419.0,
      "z_arithmetic_mean_rank": 4.830476021234361,
      "adjusted_arithmetic_mean_rank": 0.8750609503937161,
      "median_absolute_deviation": 10989.047643563521,
      "z_geometric_mean_rank": 4.4750723338672955,
      "inverse_geometric_mean_rank": 0.00011298011668259278,
      "arithmetic_mean_rank": 13161.048828125,
      "adjusted_geometric_mean_rank_index": 0.19964660186647065,
      "variance": 75442944.0,
      "harmonic_mean_rank": 2187.5785446316218,
      "inverse_median_rank": 8.052177872741595e-05,
      "inverse_harmonic_mean_rank": 0.0004571264435071498,
      "hits_at_1": 0.0,
      "hits_at_3": 0.0,
      "hits_at_5": 0.0,
      "hits_at_10": 0.0,
      "z_hits_at_k": -0.40852646626616174,
      "adjusted_hits_at_k": -0.0003337873257876306
    },
    "pessimistic": {
      "inverse_arithmetic_mean_rank": 7.59817795692593e-05,
      "z_inverse_harmonic_mean_rank": 0.28398802603818507,
      "geometric_mean_rank": 8851.117179265506,
      "adjusted_arithmetic_mean_rank_index": 0.12494727927128346,
      "count": 500.0,
      "standard_deviation": 8685.7914529132,
      "adjusted_inverse_harmonic_mean_rank": 9.401151379990325e-05,
      "median_rank": 12419.0,
      "z_arithmetic_mean_rank": 4.830473008777581,
      "adjusted_arithmetic_mean_rank": 0.8750610283101545,
      "median_absolute_deviation": 10989.047643563521,
      "z_geometric_mean_rank": 4.475068391417597,
      "inverse_geometric_mean_rank": 0.00011298008824723109,
      "arithmetic_mean_rank": 13161.05,
      "adjusted_geometric_mean_rank_index": 0.19964642598178628,
      "variance": 75442973.1635,
      "harmonic_mean_rank": 2187.5784947157135,
      "inverse_median_rank": 8.052178114179885e-05,
      "inverse_harmonic_mean_rank": 0.0004571264539378071,
      "hits_at_1": 0.0,
      "hits_at_3": 0.0,
      "hits_at_5": 0.0,
      "hits_at_10": 0.0,
      "z_hits_at_k": -0.40852646626616174,
      "adjusted_hits_at_k": -0.0003337873257876306
    }
  },
  "tail": {
    "optimistic": {
      "inverse_arithmetic_mean_rank": 7.068188796411848e-05,
      "z_inverse_harmonic_mean_rank": -0.27628876228089794,
      "geometric_mean_rank": 10162.989694693455,
      "adjusted_arithmetic_mean_rank_index": 0.1045481150209977,
      "count": 500.0,
      "standard_deviation": 8557.106177042797,
      "adjusted_inverse_harmonic_mean_rank": -8.907727196288387e-05,
      "median_rank": 13760.0,
      "z_arithmetic_mean_rank": 4.04900293618379,
      "adjusted_arithmetic_mean_rank": 0.8954585021112228,
      "median_absolute_deviation": 10897.126306016175,
      "z_geometric_mean_rank": 2.841320578549265,
      "inverse_geometric_mean_rank": 9.839624264522714e-05,
      "arithmetic_mean_rank": 14147.896,
      "adjusted_geometric_mean_rank_index": 0.12676484787614217,
      "variance": 73224066.12518398,
      "harmonic_mean_rank": 3889.309409662499,
      "inverse_median_rank": 7.267441860465116e-05,
      "inverse_harmonic_mean_rank": 0.000257115054285891,
      "hits_at_1": 0.0,
      "hits_at_3": 0.0,
      "hits_at_5": 0.0,
      "hits_at_10": 0.0,
      "z_hits_at_k": -0.3978527936493195,
      "adjusted_hits_at_k": -0.0003165736908288828
    },
    "realistic": {
      "inverse_arithmetic_mean_rank": 7.06818827893585e-05,
      "z_inverse_harmonic_mean_rank": -0.27628876189597085,
      "geometric_mean_rank": 10162.9921875,
      "adjusted_arithmetic_mean_rank_index": 0.10454808436165686,
      "count": 500.0,
      "standard_deviation": 8557.1064453125,
      "adjusted_inverse_harmonic_mean_rank": -8.907727183878094e-05,
      "median_rank": 13760.0,
      "z_arithmetic_mean_rank": 4.049001748790204,
      "adjusted_arithmetic_mean_rank": 0.8954585327686232,
      "median_absolute_deviation": 10897.126306016175,
      "z_geometric_mean_rank": 2.841315777209573,
      "inverse_geometric_mean_rank": 9.839621634455398e-05,
      "arithmetic_mean_rank": 14147.896484375,
      "adjusted_geometric_mean_rank_index": 0.1267646336655035,
      "variance": 73224072.0,
      "harmonic_mean_rank": 3889.3094077858773,
      "inverse_median_rank": 7.267441833391786e-05,
      "inverse_harmonic_mean_rank": 0.00025711505440995097,
      "hits_at_1": 0.0,
      "hits_at_3": 0.0,
      "hits_at_5": 0.0,
      "hits_at_10": 0.0,
      "z_hits_at_k": -0.3978527936493195,
      "adjusted_hits_at_k": -0.0003165736908288828
    },
    "pessimistic": {
      "inverse_arithmetic_mean_rank": 7.068188796411848e-05,
      "z_inverse_harmonic_mean_rank": -0.27628876228089794,
      "geometric_mean_rank": 10162.989694693455,
      "adjusted_arithmetic_mean_rank_index": 0.1045481150209977,
      "count": 500.0,
      "standard_deviation": 8557.106177042797,
      "adjusted_inverse_harmonic_mean_rank": -8.907727196288387e-05,
      "median_rank": 13760.0,
      "z_arithmetic_mean_rank": 4.04900293618379,
      "adjusted_arithmetic_mean_rank": 0.8954585021112228,
      "median_absolute_deviation": 10897.126306016175,
      "z_geometric_mean_rank": 2.841320578549265,
      "inverse_geometric_mean_rank": 9.839624264522714e-05,
      "arithmetic_mean_rank": 14147.896,
      "adjusted_geometric_mean_rank_index": 0.12676484787614217,
      "variance": 73224066.12518398,
      "harmonic_mean_rank": 3889.309409662499,
      "inverse_median_rank": 7.267441860465116e-05,
      "inverse_harmonic_mean_rank": 0.000257115054285891,
      "hits_at_1": 0.0,
      "hits_at_3": 0.0,
      "hits_at_5": 0.0,
      "hits_at_10": 0.0,
      "z_hits_at_k": -0.3978527936493195,
      "adjusted_hits_at_k": -0.0003165736908288828
    }
  },
  "both": {
    "optimistic": {
      "inverse_arithmetic_mean_rank": 7.323607972538228e-05,
      "z_inverse_harmonic_mean_rank": 0.010674577102610439,
      "geometric_mean_rank": 9484.398013826814,
      "adjusted_arithmetic_mean_rank_index": 0.11449657079524778,
      "count": 1000.0,
      "standard_deviation": 8635.795375598937,
      "adjusted_inverse_harmonic_mean_rank": 2.4663445955274733e-06,
      "median_rank": 13077.0,
      "z_arithmetic_mean_rank": 6.263856100107759,
      "adjusted_arithmetic_mean_rank": 0.8855108544611986,
      "median_absolute_deviation": 11100.984111060694,
      "z_geometric_mean_rank": 5.181564355476791,
      "inverse_geometric_mean_rank": 0.00010543631747024445,
      "arithmetic_mean_rank": 13654.472,