{
  "head": {
    "optimistic": {
      "adjusted_inverse_harmonic_mean_rank": 9.812793263466431e-05,
      "inverse_median_rank": 8.801654711085684e-05,
      "arithmetic_mean_rank": 12999.62,
      "median_rank": 11361.5,
      "inverse_harmonic_mean_rank": 0.00045825784226268695,
      "inverse_arithmetic_mean_rank": 7.692532550951489e-05,
      "variance": 87360038.7316,
      "harmonic_mean_rank": 2182.1776034697305,
      "adjusted_arithmetic_mean_rank_index": 0.14338790333990947,
      "count": 500.0,
      "standard_deviation": 9346.659228387434,
      "adjusted_arithmetic_mean_rank": 0.8566215453337703,
      "z_geometric_mean_rank": 6.155407065816867,
      "z_inverse_harmonic_mean_rank": 0.2977712226233302,
      "inverse_geometric_mean_rank": 0.00012353410160718766,
      "adjusted_geometric_mean_rank_index": 0.2746133044969138,
      "geometric_mean_rank": 8094.930768022167,
      "z_arithmetic_mean_rank": 5.5439263706361,
      "median_absolute_deviation": 11377.489424811989,
      "hits_at_1": 0.0,
      "hits_at_3": 0.0,
      "hits_at_5": 0.0,
      "hits_at_10": 0.0,
      "z_hits_at_k": -0.40667342476909046,
      "adjusted_hits_at_k": -0.0003307661422499777
    },
    "realistic": {
      "adjusted_inverse_harmonic_mean_rank": 9.812791617837529e-05,
      "inverse_median_rank": 8.801654621493071e-05,
      "arithmetic_mean_rank": 12999.62109375,
      "median_rank": 11361.5,
      "inverse_harmonic_mean_rank": 0.0004582578258123249,
      "inverse_arithmetic_mean_rank": 7.692531653447077e-05,
      "variance": 87360024.0,
      "harmonic_mean_rank": 2182.177734375,
      "adjusted_arithmetic_mean_rank_index": 0.14338783126152888,
      "count": 500.0,
      "standard_deviation": 9346.658203125,
      "adjusted_arithmetic_mean_rank": 0.8566216174074013,
      "z_geometric_mean_rank": 6.155414140806858,
      "z_inverse_harmonic_mean_rank": 0.29777117268638387,
      "inverse_geometric_mean_rank": 0.00012353416241239756,
      "adjusted_geometric_mean_rank_index": 0.2746136201358894,
      "geometric_mean_rank": 8094.92724609375,
      "z_arithmetic_mean_rank": 5.543923583809416,
      "median_absolute_deviation": 11377.119140625,
      "hits_at_1": 0.0,
      "hits_at_3": 0.0,
      "hits_at_5": 0.0,
      "hits_at_10": 0.0,
      "z_hits_at_k": -0.40667342476909046,
      "adjusted_hits_at_k": -0.0003307661422499777
    },
    "pessimistic": {
      "adjusted_inverse_harmonic_mean_rank": 9.812778405045221e-05,
      "inverse_median_rank": 8.801654711085684e-05,
      "arithmetic_mean_rank": 12999.622,
      "median_rank": 11361.5,
      "inverse_harmonic_mean_rank": 0.0004582576937319897,
      "inverse_arithmetic_mean_rank": 7.692531367450531e-05,
      "variance": 87360001.411116,
      "harmonic_mean_rank": 2182.1783107581523,
      "adjusted_arithmetic_mean_rank_index": 0.14338777153944204,
      "count": 500.0,
      "standard_deviation": 9346.657231926076,
      "adjusted_arithmetic_mean_rank": 0.8566216771255526,
      "z_geometric_mean_rank": 6.1553982027980965,
      "z_inverse_harmonic_mean_rank": 0.29777077174149347,
      "inverse_geometric_mean_rank": 0.00012353403427699616,
      "adjusted_geometric_mean_rank_index": 0.27461290908799185,
      "geometric_mean_rank": 8094.935180030906,
      "z_arithmetic_mean_rank": 5.543921274724454,
      "median_absolute_deviation": 11376.748123702737,
      "hits_at_1": 0.0,
      "hits_at_3": 0.0,
      "hits_at_5": 0.0,
      "hits_at_10": 0.0,
      "z_hits_at_k": -0.40667342476909046,
      "adjusted_hits_at_k": -0.0003307661422499777
    }
  },
  "tail": {
    "optimistic": {
      "adjusted_inverse_harmonic_mean_rank": 8.703572854416289e-06,
      "inverse_median_rank": 7.8000078000078e-05,
      "arithmetic_mean_rank": 13858.446,
      "median_rank": 12820.5,
      "inverse_harmonic_mean_rank": 0.0003548535710500108,
      "inverse_arithmetic_mean_rank": 7.215816261072851e-05,
      "variance": 83737572.675084,
      "harmonic_mean_rank": 2818.063791893097,
      "adjusted_arithmetic_mean_rank_index": 0.12289299657947506,
      "count": 500.0,
      "standard_deviation": 9150.823606380138,
      "adjusted_arithmetic_mean_rank": 0.8771147814400687,
      "z_geometric_mean_rank": 4.694445939566904,
      "z_inverse_harmonic_mean_rank": 0.026996019256410486,
      "inverse_geometric_mean_rank": 0.0001086824930427397,
      "adjusted_geometric_mean_rank_index": 0.2094416027193038,
      "geometric_mean_rank": 9201.11392371858,
      "z_arithmetic_mean_rank": 4.7594746617056956,
      "median_absolute_deviation": 11413.813179165376,
      "hits_at_1": 0.0,
      "hits_at_3": 0.0,
      "hits_at_5": 0.0,
      "hits_at_10": 0.0,
      "z_hits_at_k": -0.3978474283313355,
      "adjusted_hits_at_k": -0.000316565152459445
    },
    "realistic": {
      "adjusted_inverse_harmonic_mean_rank": 8.703576923700153e-06,
      "inverse_median_rank": 7.800007733749226e-05,
      "arithmetic_mean_rank": 13858.4462890625,
      "median_rank": 12820.5,
      "inverse_harmonic_mean_rank": 0.00035485357511788607,
      "inverse_arithmetic_mean_rank": 7.215816003736109e-05,
      "variance": 83737576.0,
      "harmonic_mean_rank": 2818.063720703125,
      "adjusted_arithmetic_mean_rank_index": 0.12289297828326495,
      "count": 500.0,
      "standard_deviation": 9150.82421875,
      "adjusted_arithmetic_mean_rank": 0.8771147997351207,
      "z_geometric_mean_rank": 4.6944434152085925,
      "z_inverse_harmonic_mean_rank": 0.02699603187817723,
      "inverse_geometric_mean_rank": 0.00010868247773032635,
      "adjusted_geometric_mean_rank_index": 0.20944149009565072,
      "geometric_mean_rank": 9201.115234375,
      "z_arithmetic_mean_rank": 4.759473953118949,
      "median_absolute_deviation": 11413.8134765625,
      "hits_at_1": 0.0,
      "hits_at_3": 0.0,
      "hits_at_5": 0.0,
      "hits_at_10": 0.0,
      "z_hits_at_k": -0.3978474283313355,
      "adjusted_hits_at_k": -0.000316565152459445
    },
    "pessimistic": {
      "adjusted_inverse_harmonic_mean_rank": 8.703572854416289e-06,
      "inverse_median_rank": 7.8000078000078e-05,
      "arithmetic_mean_rank": 13858.446,
      "median_rank": 12820.5,
      "inverse_harmonic_mean_rank": 0.0003548535710500108,
      "inverse_arithmetic_mean_rank": 7.215816261072851e-05,
      "variance": 83737572.675084,
      "harmonic_mean_rank": 2818.063791893097,
      "adjusted_arithmetic_mean_rank_index": 0.12289299657947506,
      "count": 500.0,
      "standard_deviation": 9150.823606380138,
      "adjusted_arithmetic_mean_rank": 0.8771147814400687,
      "z_geometric_mean_rank": 4.694445939566904,
      "z_inverse_harmonic_mean_rank": 0.026996019256410486,
      "inverse_geometric_mean_rank": 0.0001086824930427397,
      "adjusted_geometric_mean_rank_index": 0.2094416027193038,
      "geometric_mean_rank": 9201.11392371858,
      "z_arithmetic_mean_rank": 4.7594746617056956,
      "median_absolute_deviation": 11413.813179165376,
      "hits_at_1": 0.0,
      "hits_at_3": 0.0,
      "hits_at_5": 0.0,
      "hits_at_10": 0.0,
      "z_hits_at_k": -0.3978474283313355,
      "adjusted_hits_at_k": -0.000316565152459445
    }
  },
  "both": {
    "optimistic": {
      "adjusted_inverse_harmonic_mean_rank": 5.34154393749524e-05,
      "inverse_median_rank": 8.148631029986962e-05,
      "arithmetic_mean_rank": 13429.033,
      "median_rank": 12272.0,
      "inverse_harmonic_mean_rank": 0.00040655570665634896,
      "inverse_arithmetic_mean_rank": 7.446552555198874e-05,
      "variance": 85733201.22791101,
      "harmonic_mean_rank": 2459.6875252947175,
      "adjusted_arithmetic_mean_rank_index": 0.13293380887978734,
      "count": 1000.0,
      "standard_deviation": 9259.22249586384,
      "adjusted_arithmetic_mean_rank": 0.8670747742812139,
      "z_geometric_mean_rank": 7.676550345474883,
      "z_inverse_harmonic_mean_rank": 0.23172660931749323,
      "inverse_geometric_mean_rank": 0.00011587059220727351,