{
  "head": {
    "optimistic": {
      "adjusted_arithmetic_mean_rank_index": 0.04425923622341088,
      "count": 500.0,
      "standard_deviation": 2854.8252839009256,
      "adjusted_inverse_harmonic_mean_rank": -0.00036809238323993576,
      "median_rank": 4450.0,
      "z_arithmetic_mean_rank": 1.7139079765188399,
      "adjusted_arithmetic_mean_rank": 0.9557499378161016,
      "median_absolute_deviation": 3662.027479708837,
      "z_geometric_mean_rank": 1.4006835950372825,
      "inverse_geometric_mean_rank": 0.00030004087093421695,
      "arithmetic_mean_rank": 4610.92,
      "adjusted_geometric_mean_rank_index": 0.062404490031355175,
      "variance": 8150027.4016,
      "harmonic_mean_rank": 1554.9131847920737,
      "inverse_median_rank": 0.00022471910112359551,
      "inverse_harmonic_mean_rank": 0.0006431227220789964,
      "inverse_arithmetic_mean_rank": 0.00021687645849418336,
      "z_inverse_harmonic_mean_rank": -0.6316030197947158,
      "geometric_mean_rank": 3332.879273701505,
      "hits_at_1": 0.0,
      "hits_at_3": 0.0,
      "hits_at_5": 0.0,
      "hits_at_10": 0.0,
      "z_hits_at_k": -0.7203000213290213,
      "adjusted_hits_at_k": -0.0010376641538627671
    },
    "realistic": {
      "adjusted_arithmetic_mean_rank_index": 0.04425925242049178,
      "count": 500.0,
      "standard_deviation": 2854.825439453125,
      "adjusted_inverse_harmonic_mean_rank": -0.0003680924551743818,
      "median_rank": 4450.0,
      "z_arithmetic_mean_rank": 1.713908603739469,
      "adjusted_arithmetic_mean_rank": 0.955749921622378,
      "median_absolute_deviation": 3662.027479708837,
      "z_geometric_mean_rank": 1.4006951680364708,
      "inverse_geometric_mean_rank": 0.00030004102154634893,
      "arithmetic_mean_rank": 4610.919921875,
      "adjusted_geometric_mean_rank_index": 0.06240500564181495,
      "variance": 8150028.0,
      "harmonic_mean_rank": 1554.9133585361546,
      "inverse_median_rank": 0.00022471910051535815,
      "inverse_harmonic_mean_rank": 0.0006431226502172649,
      "inverse_arithmetic_mean_rank": 0.00021687646221835166,
      "z_inverse_harmonic_mean_rank": -0.6316031432257221,
      "geometric_mean_rank": 3332.87744140625,
      "hits_at_1": 0.0,
      "hits_at_3": 0.0,
      "hits_at_5": 0.0,
      "hits_at_10": 0.0,
      "z_hits_at_k": -0.7203000213290213,
      "adjusted_hits_at_k": -0.0010376641538627671
    },
    "pessimistic": {
      "adjusted_arithmetic_mean_rank_index": 0.04425923622341088,
      "count": 500.0,
      "standard_deviation": 2854.8252839009256,
      "adjusted_inverse_harmonic_mean_rank": -0.00036809238323993576,
      "median_rank": 4450.0,
      "z_arithmetic_mean_rank": 1.7139079765188399,
      "adjusted_arithmetic_mean_rank": 0.9557499378161016,
      "median_absolute_deviation": 3662.027479708837,
      "z_geometric_mean_rank": 1.4006835950372825,
      "inverse_geometric_mean_rank": 0.00030004087093421695,
      "arithmetic_mean_rank": 4610.92,
      "adjusted_geometric_mean_rank_index": 0.062404490031355175,
      "variance": 8150027.4016,
      "harmonic_mean_rank": 1554.9131847920737,
      "inverse_median_rank": 0.00022471910112359551,
      "inverse_harmonic_mean_rank": 0.0006431227220789964,
      "inverse_arithmetic_mean_rank": 0.00021687645849418336,
      "z_inverse_harmonic_mean_rank": -0.6316030197947158,
      "geometric_mean_rank": 3332.879273701505,
      "hits_at_1": 0.0,
      "hits_at_3": 0.0,
      "hits_at_5": 0.0,
      "hits_at_10": 0.0,
      "z_hits_at_k": -0.7203000213290213,
      "adjusted_hits_at_k": -0.0010376641538627671
    }
  },
  "tail": {
    "optimistic": {
      "adjusted_arithmetic_mean_rank_index": 0.04061255727570523,
      "count": 500.0,
      "standard_deviation": 2830.4114507371537,
      "adjusted_inverse_harmonic_mean_rank": -0.000340023099488522,
      "median_rank": 4402.5,
      "z_arithmetic_mean_rank": 1.572755439793987,
      "adjusted_arithmetic_mean_rank": 0.9593958143346916,
      "median_absolute_deviation": 3605.688595405624,
      "z_geometric_mean_rank": 1.1040727078465196,
      "inverse_geometric_mean_rank": 0.00029422518412146694,
      "arithmetic_mean_rank": 4654.244,
      "adjusted_geometric_mean_rank_index": 0.049190109703303175,
      "variance": 8011228.980464,
      "harmonic_mean_rank": 1501.3307795064318,
      "inverse_median_rank": 0.00022714366837024418,
      "inverse_harmonic_mean_rank": 0.0006660757333761943,
      "inverse_arithmetic_mean_rank": 0.00021485766539098511,
      "z_inverse_harmonic_mean_rank": -0.5850776106359599,
      "geometric_mean_rank": 3398.7573259098153,
      "hits_at_1": 0.0,
      "hits_at_3": 0.0,
      "hits_at_5": 0.0,
      "hits_at_10": 0.0,
      "z_hits_at_k": -0.7182748691279413,
      "adjusted_hits_at_k": -0.0010318375752197382
    },
    "realistic": {
      "adjusted_arithmetic_mean_rank_index": 0.04061252828219897,
      "count": 500.0,
      "standard_deviation": 2830.411376953125,
      "adjusted_inverse_harmonic_mean_rank": -0.00034002303924353014,
      "median_rank": 4402.5,
      "z_arithmetic_mean_rank": 1.5727543169960683,
      "adjusted_arithmetic_mean_rank": 0.9593958433222214,
      "median_absolute_deviation": 3605.688595405624,
      "z_geometric_mean_rank": 1.1040650513653532,
      "inverse_geometric_mean_rank": 0.000294225086690858,
      "arithmetic_mean_rank": 4654.244140625,
      "adjusted_geometric_mean_rank_index": 0.049189768581612725,
      "variance": 8011229.0,
      "harmonic_mean_rank": 1501.3306438511609,
      "inverse_median_rank": 0.0002271436678711325,
      "inverse_harmonic_mean_rank": 0.0006660757935605943,
      "inverse_arithmetic_mean_rank": 0.0002148576604668051,
      "z_inverse_harmonic_mean_rank": -0.5850775069724268,
      "geometric_mean_rank": 3398.758544921875,
      "hits_at_1": 0.0,
      "hits_at_3": 0.0,
      "hits_at_5": 0.0,
      "hits_at_10": 0.0,
      "z_hits_at_k": -0.7182748691279413,
      "adjusted_hits_at_k": -0.0010318375752197382
    },
    "pessimistic": {
      "adjusted_arithmetic_mean_rank_index": 0.04061255727570523,
      "count": 500.0,
      "standard_deviation": 2830.4114507371537,
      "adjusted_inverse_harmonic_mean_rank": -0.000340023099488522,
      "median_rank": 4402.5,
      "z_arithmetic_mean_rank": 1.572755439793987,
      "adjusted_arithmetic_mean_rank": 0.9593958143346916,
      "median_absolute_deviation": 3605.688595405624,
      "z_geometric_mean_rank": 1.1040727078465196,
      "inverse_geometric_mean_rank": 0.00029422518412146694,
      "arithmetic_mean_rank": 4654.244,
      "adjusted_geometric_mean_rank_index": 0.049190109703303175,
      "variance": 8011228.980464,
      "harmonic_mean_rank": 1501.3307795064318,
      "inverse_median_rank": 0.00022714366837024418,
      "inverse_harmonic_mean_rank": 0.0006660757333761943,
      "inverse_arithmetic_mean_rank": 0.00021485766539098511,
      "z_inverse_harmonic_mean_rank": -0.5850776106359599,
      "geometric_mean_rank": 3398.7573259098153,
      "hits_at_1": 0.0,
      "hits_at_3": 0.0,
      "hits_at_5": 0.0,
      "hits_at_10": 0.0,
      "z_hits_at_k": -0.7182748691279413,
      "adjusted_hits_at_k": -0.0010318375752197382
    }
  },
  "both": {
    "optimistic": {
      "adjusted_arithmetic_mean_rank_index": 0.04243084081002102,
      "count": 1000.0,
      "standard_deviation": 2842.727111995803,
      "adjusted_inverse_harmonic_mean_rank": -0.0003540577056369219,
      "median_rank": 4428.5,
      "z_arithmetic_mean_rank": 2.3237384052438657,
      "adjusted_arithmetic_mean_rank": 0.9575779298575473,
      "median_absolute_deviation": 3630.1515320109665,
      "z_geometric_mean_rank": 1.75569349435154,
      "inverse_geometric_mean_rank": 0.00029711879862200785,
      "arithmetic_mean_rank": 4632.582,
      "adjusted_geometric_mean_rank_index": 0.055351424281615325,
      "variance": 8081097.433276,
      "harmonic_mean_rank": 1527.6522758382164,
      "inverse_median_rank": 0.00022581009371118888,