{
  "losses": [
    11.820013158461627,
    4.604720470952053,
    2.1695657547782448
  ],
  "metrics": {
    "both": {
      "optimistic": {
        "adjusted_arithmetic_mean_rank": 0.9575779298575473,
        "adjusted_arithmetic_mean_rank_index": 0.04243084081002102,
        "adjusted_geometric_mean_rank_index": 0.055351424281615325,
        "adjusted_hits_at_k": -0.0010347508560627709,
        "adjusted_inverse_harmonic_mean_rank": -0.0003540577056369219,
        "arithmetic_mean_rank": 4632.582,
        "count": 1000.0,
        "geometric_mean_rank": 3365.657119771112,
        "harmonic_mean_rank": 1527.6522758382164,
        "hits_at_1": 0.0,
        "hits_at_10": 0.0,
        "hits_at_3": 0.0,
        "hits_at_5": 0.0,
        "inverse_arithmetic_mean_rank": 0.0002158623419941622,
        "inverse_geometric_mean_rank": 0.00029711879862200785,
        "inverse_harmonic_mean_rank": 0.0006545992277275954,
        "inverse_median_rank": 0.00022581009371118888,
        "median_absolute_deviation": 3630.1515320109665,
        "median_rank": 4428.5,
        "standard_deviation": 2842.727111995803,
        "variance": 8081097.433276,
        "z_arithmetic_mean_rank": 2.3237384052438657,
        "z_geometric_mean_rank": 1.75569349435154,
        "z_hits_at_k": -1.0172270682292768,
        "z_inverse_harmonic_mean_rank": -0.8603683190345055
      },
      "pessimistic": {
        "adjusted_arithmetic_mean_rank": 0.9575779298575473,
        "adjusted_arithmetic_mean_rank_index": 0.04243084081002102,
        "adjusted_geometric_mean_rank_index": 0.055351424281615325,
        "adjusted_hits_at_k": -0.0010347508560627709,
        "adjusted_inverse_harmonic_mean_rank": -0.0003540577056369219,
        "arithmetic_mean_rank": 4632.582,
        "count": 1000.0,
        "geometric_mean_rank": 3365.657119771112,
        "harmonic_mean_rank": 1527.6522758382164,
        "hits_at_1": 0.0,
        "hits_at_10": 0.0,
        "hits_at_3": 0.0,
        "hits_at_5": 0.0,
        "inverse_arithmetic_mean_rank": 0.0002158623419941622,
        "inverse_geometric_mean_rank": 0.00029711879862200785,
        "inverse_harmonic_mean_rank": 0.0006545992277275954,
        "inverse_median_rank": 0.00022581009371118888,
        "median_absolute_deviation": 3630.1515320109665,
        "median_rank": 4428.5,
        "standard_deviation": 2842.727111995803,
        "variance": 8081097.433276,
        "z_arithmetic_mean_rank": 2.3237384052438657,
        "z_geometric_mean_rank": 1.75569349435154,
        "z_hits_at_k": -1.0172270682292768,
        "z_inverse_harmonic_mean_rank": -0.8603683190345055
      },
      "realistic": {
        "adjusted_arithmetic_mean_rank": 0.957577936317079,
        "adjusted_arithmetic_mean_rank_index": 0.042430834349153956,
        "adjusted_geometric_mean_rank_index": 0.055351051579210164,
        "adjusted_hits_at_k": -0.0010347508560627709,
        "adjusted_inverse_harmonic_mean_rank": -0.0003540577697478917,
        "arithmetic_mean_rank": 4632.58203125,
        "count": 1000.0,
        "geometric_mean_rank": 3365.658447265625,
        "harmonic_mean_rank": 1527.652425304519,
        "hits_at_1": 0.0,
        "hits_at_10": 0.0,
        "hits_at_3": 0.0,
        "hits_at_5": 0.0,
        "inverse_arithmetic_mean_rank": 0.00021586233924608678,
        "inverse_geometric_mean_rank": 0.00029711867682635784,
        "inverse_harmonic_mean_rank": 0.0006545991636812687,
        "inverse_median_rank": 0.00022581008670385927,
        "median_absolute_deviation": 3630.1515320109665,
        "median_rank": 4428.5,
        "standard_deviation": 2842.72705078125,
        "variance": 8081097.5,
        "z_arithmetic_mean_rank": 2.323738051412434,
        "z_geometric_mean_rank": 1.755681672592722,
        "z_hits_at_k": -1.0172270682292768,
        "z_inverse_harmonic_mean_rank": -0.860368474825628
      }
    },
    "head": {
      "optimistic": {
        "adjusted_arithmetic_mean_rank": 0.9557499378161016,
        "adjusted_arithmetic_mean_rank_index": 0.04425923622341088,
        "adjusted_geometric_mean_rank_index": 0.062404490031355175,
        "adjusted_hits_at_k": -0.0010376641538627671,
        "adjusted_inverse_harmonic_mean_rank": -0.00036809238323993576,
        "arithmetic_mean_rank": 4610.92,
        "count": 500.0,
        "geometric_mean_rank": 3332.879273701505,
        "harmonic_mean_rank": 1554.9131847920737,
        "hits_at_1": 0.0,
        "hits_at_10": 0.0,
        "hits_at_3": 0.0,
        "hits_at_5": 0.0,
        "inverse_arithmetic_mean_rank": 0.00021687645849418336,
        "inverse_geometric_mean_rank": 0.00030004087093421695,
        "inverse_harmonic_mean_rank": 0.0006431227220789964,
        "inverse_median_rank": 0.00022471910112359551,
        "median_absolute_deviation": 3662.027479708837,
        "median_rank": 4450.0,
        "standard_deviation": 2854.8252839009256,
        "variance": 8150027.4016,
        "z_arithmetic_mean_rank": 1.7139079765188399,
        "z_geometric_mean_rank": 1.4006835950372825,
        "z_hits_at_k": -0.7203000213290213,
        "z_inverse_harmonic_mean_rank": -0.6316030197947158
      },
      "pessimistic": {
        "adjusted_arithmetic_mean_rank": 0.9557499378161016,
        "adjusted_arithmetic_mean_rank_index": 0.04425923622341088,
        "adjusted_geometric_mean_rank_index": 0.062404490031355175,
        "adjusted_hits_at_k": -0.0010376641538627671,
        "adjusted_inverse_harmonic_mean_rank": -0.00036809238323993576,
        "arithmetic_mean_rank": 4610.92,
        "count": 500.0,
        "geometric_mean_rank": 3332.879273701505,
        "harmonic_mean_rank": 1554.9131847920737,
        "hits_at_1": 0.0,
        "hits_at_10": 0.0,
        "hits_at_3": 0.0,
        "hits_at_5": 0.0,
        "inverse_arithmetic_mean_rank": 0.00021687645849418336,
        "inverse_geometric_mean_rank": 0.00030004087093421695,
        "inverse_harmonic_mean_rank": 0.0006431227220789964,
        "inverse_median_rank": 0.00022471910112359551,
        "median_absolute_deviation": 3662.027479708837,
        "median_rank": 4450.0,
        "standard_deviation": 2854.8252839009256,
        "variance": 8150027.4016,
        "z_arithmetic_mean_rank": 1.7139079765188399,
        "z_geometric_mean_rank": 1.4006835950372825,
        "z_hits_at_k": -0.7203000213290213,
        "z_inverse_harmonic_mean_rank": -0.6316030197947158
      },
      "realistic": {
        "adjusted_arithmetic_mean_rank": 0.955749921622378,
        "adjusted_arithmetic_mean_rank_index": 0.04425925242049178,
        "adjusted_geometric_mean_rank_index": 0.06240500564181495,
        "adjusted_hits_at_k": -0.0010376641538627671,
        "adjusted_inverse_harmonic_mean_rank": -0.0003680924551743818,
        "arithmetic_mean_rank": 4610.919921875,
        "count": 500.0,
        "geometric_mean_rank": 3332.87744140625,
        "harmonic_mean_rank": 1554.9133585361546,
        "hits_at_1": 0.0,
        "hits_at_10": 0.0,
        "hits_at_3": 0.0,
        "hits_at_5": 0.0,
        "inverse_arithmetic_mean_rank": 0.00021687646221835166,
        "inverse_geometric_mean_rank": 0.00030004102154634893,
        "inverse_harmonic_mean_rank": 0.0006431226502172649,
        "inverse_median_rank": 0.00022471910051535815,
        "median_absolute_deviation": 3662.027479708837,
        "median_rank": 4450.0,
        "standard_deviation": 2854.825439453125,
        "variance": 8150028.0,
        "z_arithmetic_mean_rank": 1.713908603739469,
        "z_geometric_mean_rank": 1.4006951680364708,
        "z_hits_at_k": -0.7203000213290213,
        "z_inverse_harmonic_mean_rank": -0.6316031432257221
      }
    },
    "tail": {
      "optimistic": {
        "adjusted_arithmetic_mean_rank": 0.9593958143346916,
        "adjusted_arithmetic_mean_rank_index": 0.04061255727570523,
        "adjusted_geometric_mean_rank_index": 0.049190109703303175,
        "adjusted_hits_at_k": -0.0010318375752197382,
        "adjusted_inverse_harmonic_mean_rank": -0.000340023099488522,