{
  "losses": [
    9.457318231171252,
    1.5431155527339262,
    0.6549073259035746
  ],
  "metrics": {
    "both": {
      "optimistic": {
        "adjusted_arithmetic_mean_rank": 0.8855108544611986,
        "adjusted_arithmetic_mean_rank_index": 0.11449657079524778,
        "adjusted_geometric_mean_rank_index": 0.16358285243283177,
        "adjusted_hits_at_k": -0.00032518043425503026,
        "adjusted_inverse_harmonic_mean_rank": 2.4663445955274733e-06,
        "arithmetic_mean_rank": 13654.472,
        "count": 1000.0,
        "geometric_mean_rank": 9484.398013826814,
        "harmonic_mean_rank": 2800.173286635756,
        "hits_at_1": 0.0,
        "hits_at_10": 0.0,
        "hits_at_3": 0.0,
        "hits_at_5": 0.0,
        "inverse_arithmetic_mean_rank": 7.323607972538228e-05,
        "inverse_geometric_mean_rank": 0.00010543631747024445,
        "inverse_harmonic_mean_rank": 0.000357120755623464,
        "inverse_median_rank": 7.647013841095053e-05,
        "median_absolute_deviation": 11100.984111060694,
        "median_rank": 13077.0,
        "standard_deviation": 8635.795375598937,
        "variance": 74576961.76921599,
        "z_arithmetic_mean_rank": 6.263856100107759,
        "z_geometric_mean_rank": 5.181564355476791,
        "z_hits_at_k": -0.5702461915933936,
        "z_inverse_harmonic_mean_rank": 0.010674577102610439
      },
      "pessimistic": {
        "adjusted_arithmetic_mean_rank": 0.8855109193125421,
        "adjusted_arithmetic_mean_rank_index": 0.11449650593969829,
        "adjusted_geometric_mean_rank_index": 0.16358281990992707,
        "adjusted_hits_at_k": -0.00032518043425503026,
        "adjusted_inverse_harmonic_mean_rank": 2.4663430833762293e-06,
        "arithmetic_mean_rank": 13654.473,
        "count": 1000.0,
        "geometric_mean_rank": 9484.398382575411,
        "harmonic_mean_rank": 2800.173298488284,
        "hits_at_1": 0.0,
        "hits_at_10": 0.0,
        "hits_at_3": 0.0,
        "hits_at_5": 0.0,
        "inverse_arithmetic_mean_rank": 7.32360743618593e-05,
        "inverse_geometric_mean_rank": 0.00010543631337093394,
        "inverse_harmonic_mean_rank": 0.0003571207541118491,
        "inverse_median_rank": 7.647013841095053e-05,
        "median_absolute_deviation": 11100.984111060694,
        "median_rank": 13077.0,
        "standard_deviation": 8635.796772809734,
        "variance": 74576985.901271,
        "z_arithmetic_mean_rank": 6.26385255200298,
        "z_geometric_mean_rank": 5.181563325298374,
        "z_hits_at_k": -0.5702461915933936,
        "z_inverse_harmonic_mean_rank": 0.01067457055787413
      },
      "realistic": {
        "adjusted_arithmetic_mean_rank": 0.8855108336885026,
        "adjusted_arithmetic_mean_rank_index": 0.11449659156929093,
        "adjusted_geometric_mean_rank_index": 0.16358324572019356,
        "adjusted_hits_at_k": -0.00032518043425503026,
        "adjusted_inverse_harmonic_mean_rank": 2.4663524853272352e-06,
        "arithmetic_mean_rank": 13654.4716796875,
        "count": 1000.0,
        "geometric_mean_rank": 9484.3935546875,
        "harmonic_mean_rank": 2800.1732247940113,
        "hits_at_1": 0.0,
        "hits_at_10": 0.0,
        "hits_at_3": 0.0,
        "hits_at_5": 0.0,
        "inverse_arithmetic_mean_rank": 7.323607860598713e-05,
        "inverse_geometric_mean_rank": 0.00010543636744841933,
        "inverse_harmonic_mean_rank": 0.0003571207635104656,
        "inverse_median_rank": 7.647013990208507e-05,
        "median_absolute_deviation": 11100.984111060694,
        "median_rank": 13077.0,
        "standard_deviation": 8635.7958984375,
        "variance": 74576968.0,
        "z_arithmetic_mean_rank": 6.263857236610065,
        "z_geometric_mean_rank": 5.181576813040312,
        "z_hits_at_k": -0.5702461915933936,
        "z_inverse_harmonic_mean_rank": 0.010674611250424126
      }
    },
    "head": {
      "optimistic": {
        "adjusted_arithmetic_mean_rank": 0.8750608953327663,
        "adjusted_arithmetic_mean_rank_index": 0.12494741225751371,
        "adjusted_geometric_mean_rank_index": 0.19964648822349884,
        "adjusted_hits_at_k": -0.0003337873257876306,
        "adjusted_inverse_harmonic_mean_rank": 9.401151682423154e-05,
        "arithmetic_mean_rank": 13161.048,
        "count": 500.0,
        "geometric_mean_rank": 8851.11649101163,
        "harmonic_mean_rank": 2187.5784802480475,
        "hits_at_1": 0.0,
        "hits_at_10": 0.0,
        "hits_at_3": 0.0,
        "hits_at_5": 0.0,
        "inverse_arithmetic_mean_rank": 7.59817911157227e-05,
        "inverse_geometric_mean_rank": 0.00011298009703244861,
        "inverse_harmonic_mean_rank": 0.00045712645696103707,
        "inverse_median_rank": 8.052178114179885e-05,
        "median_absolute_deviation": 10989.047643563521,
        "median_rank": 12419.0,
        "standard_deviation": 8685.788560959563,
        "variance": 75442922.925696,
        "z_arithmetic_mean_rank": 4.830478150037152,
        "z_geometric_mean_rank": 4.475069786563637,
        "z_hits_at_k": -0.40852646626616174,
        "z_inverse_harmonic_mean_rank": 0.28398803517401316
      },
      "pessimistic": {
        "adjusted_arithmetic_mean_rank": 0.8750610283101545,
        "adjusted_arithmetic_mean_rank_index": 0.12494727927128346,
        "adjusted_geometric_mean_rank_index": 0.19964642598178628,
        "adjusted_hits_at_k": -0.0003337873257876306,
        "adjusted_inverse_harmonic_mean_rank": 9.401151379990325e-05,
        "arithmetic_mean_rank": 13161.05,
        "count": 500.0,
        "geometric_mean_rank": 8851.117179265506,
        "harmonic_mean_rank": 2187.5784947157135,
        "hits_at_1": 0.0,
        "hits_at_10": 0.0,
        "hits_at_3": 0.0,
        "hits_at_5": 0.0,
        "inverse_arithmetic_mean_rank": 7.59817795692593e-05,
        "inverse_geometric_mean_rank": 0.00011298008824723109,
        "inverse_harmonic_mean_rank": 0.0004571264539378071,
        "inverse_median_rank": 8.052178114179885e-05,
        "median_absolute_deviation": 10989.047643563521,
        "median_rank": 12419.0,
        "standard_deviation": 8685.7914529132,
        "variance": 75442973.1635,
        "z_arithmetic_mean_rank": 4.830473008777581,
        "z_geometric_mean_rank": 4.475068391417597,
        "z_hits_at_k": -0.40852646626616174,
        "z_inverse_harmonic_mean_rank": 0.28398802603818507
      },
      "realistic": {
        "adjusted_arithmetic_mean_rank": 0.8750609503937161,
        "adjusted_arithmetic_mean_rank_index": 0.12494735719290273,
        "adjusted_geometric_mean_rank_index": 0.19964660186647065,
        "adjusted_hits_at_k": -0.0003337873257876306,
        "adjusted_inverse_harmonic_mean_rank": 9.401150336545676e-05,
        "arithmetic_mean_rank": 13161.048828125,
        "count": 500.0,
        "geometric_mean_rank": 8851.115234375,
        "harmonic_mean_rank": 2187.5785446316218,
        "hits_at_1": 0.0,
        "hits_at_10": 0.0,
        "hits_at_3": 0.0,
        "hits_at_5": 0.0,
        "inverse_arithmetic_mean_rank": 7.598178490297869e-05,
        "inverse_geometric_mean_rank": 0.00011298011668259278,
        "inverse_harmonic_mean_rank": 0.0004571264435071498,
        "inverse_median_rank": 8.052177872741595e-05,
        "median_absolute_deviation": 10989.047643563521,
        "median_rank": 12419.0,
        "standard_deviation": 8685.7900390625,
        "variance": 75442944.0,
        "z_arithmetic_mean_rank": 4.830476021234361,
        "z_geometric_mean_rank": 4.4750723338672955,
        "z_hits_at_k": -0.40852646626616174,
        "z_inverse_harmonic_mean_rank": 0.28398799451802614
      }
    },
    "tail": {
      "optimistic": {
        "adjusted_arithmetic_mean_rank": 0.8954585021112228,
        "adjusted_arithmetic_mean_rank_index": 0.1045481150209977,
        "adjusted_geometric_mean_rank_index": 0.12676484787614217,
        "adjusted_hits_at_k": -0.0003165736908288828,
        "adjusted_inverse_harmonic_mean_rank": -8.907727196288387e-05,