{
  "losses": [
    9.561538376060186,
    1.5984887442752427,
    0.6291518719757304
  ],
  "metrics": {
    "both": {
      "optimistic": {
        "adjusted_arithmetic_mean_rank": 0.8670747742812139,
        "adjusted_arithmetic_mean_rank_index": 0.13293380887978734,
        "adjusted_geometric_mean_rank_index": 0.24235080553578858,
        "adjusted_hits_at_k": -0.0003236655969539966,
        "adjusted_inverse_harmonic_mean_rank": 5.34154393749524e-05,
        "arithmetic_mean_rank": 13429.033,
        "count": 1000.0,
        "geometric_mean_rank": 8630.317502918806,
        "harmonic_mean_rank": 2459.6875252947175,
        "hits_at_1": 0.0,
        "hits_at_10": 0.0,
        "hits_at_3": 0.0,
        "hits_at_5": 0.0,
        "inverse_arithmetic_mean_rank": 7.446552555198874e-05,
        "inverse_geometric_mean_rank": 0.00011587059220727351,
        "inverse_harmonic_mean_rank": 0.00040655570665634896,
        "inverse_median_rank": 8.148631029986962e-05,
        "median_absolute_deviation": 11722.194440614541,
        "median_rank": 12272.0,
        "standard_deviation": 9259.22249586384,
        "variance": 85733201.22791101,
        "z_arithmetic_mean_rank": 7.273524847211412,
        "z_geometric_mean_rank": 7.676550345474883,
        "z_hits_at_k": -0.568916382805095,
        "z_inverse_harmonic_mean_rank": 0.23172660931749323
      },
      "pessimistic": {
        "adjusted_arithmetic_mean_rank": 0.8670748388483928,
        "adjusted_arithmetic_mean_rank_index": 0.1329337443084393,
        "adjusted_geometric_mean_rank_index": 0.24235059903977885,
        "adjusted_hits_at_k": -0.0003236655969539966,
        "adjusted_inverse_harmonic_mean_rank": 5.341536508336693e-05,
        "arithmetic_mean_rank": 13429.034,
        "count": 1000.0,
        "geometric_mean_rank": 8630.319854824733,
        "harmonic_mean_rank": 2459.687974604817,
        "hits_at_1": 0.0,
        "hits_at_10": 0.0,
        "hits_at_3": 0.0,
        "hits_at_5": 0.0,
        "inverse_arithmetic_mean_rank": 7.446552000687466e-05,
        "inverse_geometric_mean_rank": 0.00011587056063060693,
        "inverse_harmonic_mean_rank": 0.00040655563239100026,
        "inverse_median_rank": 8.148631029986962e-05,
        "median_absolute_deviation": 11722.194440614541,
        "median_rank": 12272.0,
        "standard_deviation": 9259.221441829977,
        "variance": 85733181.70884399,
        "z_arithmetic_mean_rank": 7.2735213141650945,
        "z_geometric_mean_rank": 7.6765438046383,
        "z_hits_at_k": -0.568916382805095,
        "z_inverse_harmonic_mean_rank": 0.23172628702608455
      },
      "realistic": {
        "adjusted_arithmetic_mean_rank": 0.8670748504503076,
        "adjusted_arithmetic_mean_rank_index": 0.13293373270577524,
        "adjusted_geometric_mean_rank_index": 0.24235055885614942,
        "adjusted_hits_at_k": -0.0003236655969539966,
        "adjusted_inverse_harmonic_mean_rank": 5.341538951035308e-05,
        "arithmetic_mean_rank": 13429.0341796875,
        "count": 1000.0,
        "geometric_mean_rank": 8630.3203125,
        "harmonic_mean_rank": 2459.687744140625,
        "hits_at_1": 0.0,
        "hits_at_10": 0.0,
        "hits_at_3": 0.0,
        "hits_at_5": 0.0,
        "inverse_arithmetic_mean_rank": 7.446551899192855e-05,
        "inverse_geometric_mean_rank": 0.00011587055632844567,
        "inverse_harmonic_mean_rank": 0.0004065556568093598,
        "inverse_median_rank": 8.148630877258256e-05,
        "median_absolute_deviation": 11722.1943359375,
        "median_rank": 12272.0,
        "standard_deviation": 9259.2216796875,
        "variance": 85733184.0,
        "z_arithmetic_mean_rank": 7.273520679320839,
        "z_geometric_mean_rank": 7.676542531807151,
        "z_hits_at_k": -0.568916382805095,
        "z_inverse_harmonic_mean_rank": 0.23172639299512166
      }
    },
    "head": {
      "optimistic": {
        "adjusted_arithmetic_mean_rank": 0.8566215453337703,
        "adjusted_arithmetic_mean_rank_index": 0.14338790333990947,
        "adjusted_geometric_mean_rank_index": 0.2746133044969138,
        "adjusted_hits_at_k": -0.0003307661422499777,
        "adjusted_inverse_harmonic_mean_rank": 9.812793263466431e-05,
        "arithmetic_mean_rank": 12999.62,
        "count": 500.0,
        "geometric_mean_rank": 8094.930768022167,
        "harmonic_mean_rank": 2182.1776034697305,
        "hits_at_1": 0.0,
        "hits_at_10": 0.0,
        "hits_at_3": 0.0,
        "hits_at_5": 0.0,
        "inverse_arithmetic_mean_rank": 7.692532550951489e-05,
        "inverse_geometric_mean_rank": 0.00012353410160718766,
        "inverse_harmonic_mean_rank": 0.00045825784226268695,
        "inverse_median_rank": 8.801654711085684e-05,
        "median_absolute_deviation": 11377.489424811989,
        "median_rank": 11361.5,
        "standard_deviation": 9346.659228387434,
        "variance": 87360038.7316,
        "z_arithmetic_mean_rank": 5.5439263706361,
        "z_geometric_mean_rank": 6.155407065816867,
        "z_hits_at_k": -0.40667342476909046,
        "z_inverse_harmonic_mean_rank": 0.2977712226233302
      },
      "pessimistic": {
        "adjusted_arithmetic_mean_rank": 0.8566216771255526,
        "adjusted_arithmetic_mean_rank_index": 0.14338777153944204,
        "adjusted_geometric_mean_rank_index": 0.27461290908799185,
        "adjusted_hits_at_k": -0.0003307661422499777,
        "adjusted_inverse_harmonic_mean_rank": 9.812778405045221e-05,
        "arithmetic_mean_rank": 12999.622,
        "count": 500.0,
        "geometric_mean_rank": 8094.935180030906,
        "harmonic_mean_rank": 2182.1783107581523,
        "hits_at_1": 0.0,
        "hits_at_10": 0.0,
        "hits_at_3": 0.0,
        "hits_at_5": 0.0,
        "inverse_arithmetic_mean_rank": 7.692531367450531e-05,
        "inverse_geometric_mean_rank": 0.00012353403427699616,
        "inverse_harmonic_mean_rank": 0.0004582576937319897,
        "inverse_median_rank": 8.801654711085684e-05,
        "median_absolute_deviation": 11376.748123702737,
        "median_rank": 11361.5,
        "standard_deviation": 9346.657231926076,
        "variance": 87360001.411116,
        "z_arithmetic_mean_rank": 5.543921274724454,
        "z_geometric_mean_rank": 6.1553982027980965,
        "z_hits_at_k": -0.40667342476909046,
        "z_inverse_harmonic_mean_rank": 0.29777077174149347
      },
      "realistic": {
        "adjusted_arithmetic_mean_rank": 0.8566216174074013,
        "adjusted_arithmetic_mean_rank_index": 0.14338783126152888,
        "adjusted_geometric_mean_rank_index": 0.2746136201358894,
        "adjusted_hits_at_k": -0.0003307661422499777,
        "adjusted_inverse_harmonic_mean_rank": 9.812791617837529e-05,
        "arithmetic_mean_rank": 12999.62109375,
        "count": 500.0,
        "geometric_mean_rank": 8094.92724609375,
        "harmonic_mean_rank": 2182.177734375,
        "hits_at_1": 0.0,
        "hits_at_10": 0.0,
        "hits_at_3": 0.0,
        "hits_at_5": 0.0,
        "inverse_arithmetic_mean_rank": 7.692531653447077e-05,
        "inverse_geometric_mean_rank": 0.00012353416241239756,
        "inverse_harmonic_mean_rank": 0.0004582578258123249,
        "inverse_median_rank": 8.801654621493071e-05,
        "median_absolute_deviation": 11377.119140625,
        "median_rank": 11361.5,
        "standard_deviation": 9346.658203125,
        "variance": 87360024.0,
        "z_arithmetic_mean_rank": 5.543923583809416,
        "z_geometric_mean_rank": 6.155414140806858,
        "z_hits_at_k": -0.40667342476909046,
        "z_inverse_harmonic_mean_rank": 0.29777117268638387
      }
    },
    "tail": {
      "optimistic": {
        "adjusted_arithmetic_mean_rank": 0.8771147814400687,
        "adjusted_arithmetic_mean_rank_index": 0.12289299657947506,
        "adjusted_geometric_mean_rank_index": 0.2094416027193038,
        "adjusted_hits_at_k": -0.000316565152459445,
        "adjusted_inverse_harmonic_mean_rank": 8.703572854416289e-06,