{
  "head": {
    "optimistic": {
      "adjusted_arithmetic_mean_rank_index": 0.11632582825392879,
      "count": 500.0,
      "standard_deviation": 3242.359541970014,
      "adjusted_inverse_harmonic_mean_rank": 0.006414691211892835,
      "median_rank": 3760.0,
      "z_arithmetic_mean_rank": 4.50463636365491,
      "adjusted_arithmetic_mean_rank": 0.8836982837244011,
      "median_absolute_deviation": 4310.665950305038,
      "z_geometric_mean_rank": 8.270663001694142,
      "inverse_geometric_mean_rank": 0.0004453966649318343,
      "arithmetic_mean_rank": 4263.314,
      "adjusted_geometric_mean_rank_index": 0.3684818674757042,
      "variance": 10512895.399403999,
      "harmonic_mean_rank": 134.7881469529887,
      "inverse_median_rank": 0.00026595744680851064,
      "inverse_harmonic_mean_rank": 0.0074190499877469125,
      "inverse_arithmetic_mean_rank": 0.0002345593123096258,
      "z_inverse_harmonic_mean_rank": 11.006851880010792,
      "geometric_mean_rank": 2245.189689853302,
      "hits_at_1": 0.002,
      "hits_at_3": 0.006,
      "hits_at_5": 0.01,
      "hits_at_10": 0.018,
      "z_hits_at_k": 11.787459899669205,
      "adjusted_hits_at_k": 0.01698101380090676
    },
    "realistic": {
      "adjusted_arithmetic_mean_rank_index": 0.11632583554261522,
      "count": 500.0,
      "standard_deviation": 3242.359619140625,
      "adjusted_inverse_harmonic_mean_rank": 0.006414690963732717,
      "median_rank": 3760.0,
      "z_arithmetic_mean_rank": 4.504636645904199,
      "adjusted_arithmetic_mean_rank": 0.8836982764372254,
      "median_absolute_deviation": 4310.665950305038,
      "z_geometric_mean_rank": 8.270658328811566,
      "inverse_geometric_mean_rank": 0.00044539652299135923,
      "arithmetic_mean_rank": 4263.31396484375,
      "adjusted_geometric_mean_rank_index": 0.3684816592853212,
      "variance": 10512896.0,
      "harmonic_mean_rank": 134.7881514569659,
      "inverse_median_rank": 0.0002659574383869767,
      "inverse_harmonic_mean_rank": 0.007419049739837646,
      "inverse_arithmetic_mean_rank": 0.000234559309319593,
      "z_inverse_harmonic_mean_rank": 11.006851454197363,
      "geometric_mean_rank": 2245.1904296875,
      "hits_at_1": 0.002,
      "hits_at_3": 0.006,
      "hits_at_5": 0.01,
      "hits_at_10": 0.018,
      "z_hits_at_k": 11.787459899669205,
      "adjusted_hits_at_k": 0.01698101380090676
    },
    "pessimistic": {
      "adjusted_arithmetic_mean_rank_index": 0.11632582825392879,
      "count": 500.0,
      "standard_deviation": 3242.359541970014,
      "adjusted_inverse_harmonic_mean_rank": 0.006414691211892835,
      "median_rank": 3760.0,
      "z_arithmetic_mean_rank": 4.50463636365491,
      "adjusted_arithmetic_mean_rank": 0.8836982837244011,
      "median_absolute_deviation": 4310.665950305038,
      "z_geometric_mean_rank": 8.270663001694142,
      "inverse_geometric_mean_rank": 0.0004453966649318343,
      "arithmetic_mean_rank": 4263.314,
      "adjusted_geometric_mean_rank_index": 0.3684818674757042,
      "variance": 10512895.399403999,
      "harmonic_mean_rank": 134.7881469529887,
      "inverse_median_rank": 0.00026595744680851064,
      "inverse_harmonic_mean_rank": 0.0074190499877469125,
      "inverse_arithmetic_mean_rank": 0.0002345593123096258,
      "z_inverse_harmonic_mean_rank": 11.006851880010792,
      "geometric_mean_rank": 2245.189689853302,
      "hits_at_1": 0.002,
      "hits_at_3": 0.006,
      "hits_at_5": 0.01,
      "hits_at_10": 0.018,
      "z_hits_at_k": 11.787459899669205,
      "adjusted_hits_at_k": 0.01698101380090676
    }
  },
  "tail": {
    "optimistic": {
      "adjusted_arithmetic_mean_rank_index": 0.5379561851163988,
      "count": 500.0,
      "standard_deviation": 3236.252174930749,
      "adjusted_inverse_harmonic_mean_rank": 0.07958894678792025,
      "median_rank": 104.5,
      "z_arithmetic_mean_rank": 20.832805744511987,
      "adjusted_arithmetic_mean_rank": 0.46215470569901534,
      "median_absolute_deviation": 151.9667273968242,
      "z_geometric_mean_rank": 21.363086336778647,
      "inverse_geometric_mean_rank": 0.005771770115594091,
      "arithmetic_mean_rank": 2242.016,
      "adjusted_geometric_mean_rank_index": 0.9517965194130651,
      "variance": 10473328.139744002,
      "harmonic_mean_rank": 12.42009894006861,
      "inverse_median_rank": 0.009569377990430622,
      "inverse_harmonic_mean_rank": 0.08051465651162323,
      "inverse_arithmetic_mean_rank": 0.0004460271469962748,
      "z_inverse_harmonic_mean_rank": 136.94866875149125,
      "geometric_mean_rank": 173.25707364855253,
      "hits_at_1": 0.028,
      "hits_at_3": 0.066,
      "hits_at_5": 0.1,
      "hits_at_10": 0.194,
      "z_hits_at_k": 134.4668644421439,
      "adjusted_hits_at_k": 0.1931683389143729
    },
    "realistic": {
      "adjusted_arithmetic_mean_rank_index": 0.5379561617605186,
      "count": 500.0,
      "standard_deviation": 3236.252197265625,
      "adjusted_inverse_harmonic_mean_rank": 0.07958895224954445,
      "median_rank": 104.5,
      "z_arithmetic_mean_rank": 20.832804840035887,
      "adjusted_arithmetic_mean_rank": 0.462154729050081,
      "median_absolute_deviation": 151.9667273968242,
      "z_geometric_mean_rank": 21.363086200556427,
      "inverse_geometric_mean_rank": 0.00577176921069622,
      "arithmetic_mean_rank": 2242.01611328125,
      "adjusted_geometric_mean_rank_index": 0.9517965133439122,
      "variance": 10473328.0,
      "harmonic_mean_rank": 12.420098098412112,
      "inverse_median_rank": 0.009569377638399601,
      "inverse_harmonic_mean_rank": 0.08051466196775436,
      "inverse_arithmetic_mean_rank": 0.0004460271156858653,
      "z_inverse_harmonic_mean_rank": 136.9486781493058,
      "geometric_mean_rank": 173.25709533691406,
      "hits_at_1": 0.028,
      "hits_at_3": 0.066,
      "hits_at_5": 0.1,
      "hits_at_10": 0.194,
      "z_hits_at_k": 134.4668644421439,
      "adjusted_hits_at_k": 0.1931683389143729
    },
    "pessimistic": {
      "adjusted_arithmetic_mean_rank_index": 0.5379561851163988,
      "count": 500.0,
      "standard_deviation": 3236.252174930749,
      "adjusted_inverse_harmonic_mean_rank": 0.07958894678792025,
      "median_rank": 104.5,
      "z_arithmetic_mean_rank": 20.832805744511987,
      "adjusted_arithmetic_mean_rank": 0.46215470569901534,
      "median_absolute_deviation": 151.9667273968242,
      "z_geometric_mean_rank": 21.363086336778647,
      "inverse_geometric_mean_rank": 0.005771770115594091,
      "arithmetic_mean_rank": 2242.016,
      "adjusted_geometric_mean_rank_index": 0.9517965194130651,
      "variance": 10473328.139744002,
      "harmonic_mean_rank": 12.42009894006861,
      "inverse_median_rank": 0.009569377990430622,
      "inverse_harmonic_mean_rank": 0.08051465651162323,
      "inverse_arithmetic_mean_rank": 0.0004460271469962748,
      "z_inverse_harmonic_mean_rank": 136.94866875149125,
      "geometric_mean_rank": 173.25707364855253,
      "hits_at_1": 0.028,
      "hits_at_3": 0.066,
      "hits_at_5": 0.1,
      "hits_at_10": 0.194,
      "z_hits_at_k": 134.4668644421439,
      "adjusted_hits_at_k": 0.1931683389143729
    }
  },
  "both": {
    "optimistic": {
      "adjusted_arithmetic_mean_rank_index": 0.3277255762680046,
      "count": 1000.0,
      "standard_deviation": 3393.305640636428,
      "adjusted_inverse_harmonic_mean_rank": 0.04300191213798253,
      "median_rank": 1878.5,
      "z_arithmetic_mean_rank": 17.94799474666035,
      "adjusted_arithmetic_mean_rank": 0.6723421662520165,
      "median_absolute_deviation": 2768.7596430592116,
      "z_geometric_mean_rank": 26.173737323177615,
      "inverse_geometric_mean_rank": 0.0016033487331952579,
      "arithmetic_mean_rank": 3252.665,
      "adjusted_geometric_mean_rank_index": 0.8251745787472125,
      "variance": 11514523.170774998,
      "harmonic_mean_rank": 22.74440689036946,
      "inverse_median_rank": 0.0005323396326856535,
      "inverse_harmonic_mean_rank": 0.043966853249685064,