{
  "head": {
    "optimistic": {
      "inverse_arithmetic_mean_rank": 0.00011469528788173172,
      "z_inverse_harmonic_mean_rank": 15.531603473423248,
      "geometric_mean_rank": 3376.2335435792656,
      "adjusted_arithmetic_mean_rank_index": 0.42032937896560785,
      "count": 500.0,
      "standard_deviation": 8726.183489560828,
      "adjusted_inverse_harmonic_mean_rank": 0.005141588448803199,
      "median_rank": 5282.0,
      "z_arithmetic_mean_rank": 16.24997144180518,
      "adjusted_arithmetic_mean_rank": 0.5796985681859178,
      "median_absolute_deviation": 7241.770536290613,
      "z_geometric_mean_rank": 15.573098472805434,
      "inverse_geometric_mean_rank": 0.00029618804122770025,
      "arithmetic_mean_rank": 8718.754,
      "adjusted_geometric_mean_rank_index": 0.6947633375884839,
      "variance": 76146278.293484,
      "harmonic_mean_rank": 181.72334318015118,
      "inverse_median_rank": 0.0001893222264293828,
      "inverse_harmonic_mean_rank": 0.005502870366019249,
      "hits_at_1": 0.002,
      "hits_at_3": 0.002,
      "hits_at_5": 0.006,
      "hits_at_10": 0.012,
      "z_hits_at_k": 14.283325344171667,
      "adjusted_hits_at_k": 0.011670218122121821
    },
    "realistic": {
      "inverse_arithmetic_mean_rank": 0.00011469526361906901,
      "z_inverse_harmonic_mean_rank": 15.531607514691403,
      "geometric_mean_rank": 3376.23193359375,
      "adjusted_arithmetic_mean_rank_index": 0.4203292553299718,
      "count": 500.0,
      "standard_deviation": 8726.1845703125,
      "adjusted_inverse_harmonic_mean_rank": 0.005141589786626284,
      "median_rank": 5282.0,
      "z_arithmetic_mean_rank": 16.249966662040418,
      "adjusted_arithmetic_mean_rank": 0.5796986918133336,
      "median_absolute_deviation": 7241.770536290613,
      "z_geometric_mean_rank": 15.573101736375742,
      "inverse_geometric_mean_rank": 0.00029618816915899515,
      "arithmetic_mean_rank": 8718.755859375,
      "adjusted_geometric_mean_rank_index": 0.6947634831862918,
      "variance": 76146296.0,
      "harmonic_mean_rank": 181.72329901677426,
      "inverse_median_rank": 0.00018932222155854106,
      "inverse_harmonic_mean_rank": 0.0055028717033565044,
      "hits_at_1": 0.002,
      "hits_at_3": 0.002,
      "hits_at_5": 0.006,
      "hits_at_10": 0.012,
      "z_hits_at_k": 14.283325344171667,
      "adjusted_hits_at_k": 0.011670218122121821
    },
    "pessimistic": {
      "inverse_arithmetic_mean_rank": 0.00011469523526171962,
      "z_inverse_harmonic_mean_rank": 15.531603362266681,
      "geometric_mean_rank": 3376.2347376716953,
      "adjusted_arithmetic_mean_rank_index": 0.4203291129931471,
      "count": 500.0,
      "standard_deviation": 8726.185786667393,
      "adjusted_inverse_harmonic_mean_rank": 0.005141588412005884,
      "median_rank": 5282.0,
      "z_arithmetic_mean_rank": 16.249961159286023,
      "adjusted_arithmetic_mean_rank": 0.5796988341406945,
      "median_absolute_deviation": 7241.770536290613,
      "z_geometric_mean_rank": 15.573096052283905,
      "inverse_geometric_mean_rank": 0.0002961879364731659,
      "arithmetic_mean_rank": 8718.758,
      "adjusted_geometric_mean_rank_index": 0.6947632296016488,
      "variance": 76146318.38343601,
      "harmonic_mean_rank": 181.72334439488137,
      "inverse_median_rank": 0.0001893222264293828,
      "inverse_harmonic_mean_rank": 0.005502870329235296,
      "hits_at_1": 0.002,
      "hits_at_3": 0.002,
      "hits_at_5": 0.006,
      "hits_at_10": 0.012,
      "z_hits_at_k": 14.283325344171667,
      "adjusted_hits_at_k": 0.011670218122121821
    }
  },
  "tail": {
    "optimistic": {
      "inverse_arithmetic_mean_rank": 0.000269930158270849,
      "z_inverse_harmonic_mean_rank": 1130.6314776618588,
      "geometric_mean_rank": 53.109214144409115,
      "adjusted_arithmetic_mean_rank_index": 0.7655704036259897,
      "count": 500.0,
      "standard_deviation": 7121.41208636012,
      "adjusted_inverse_harmonic_mean_rank": 0.3645228520843309,
      "median_rank": 11.0,
      "z_arithmetic_mean_rank": 29.649475856302814,
      "adjusted_arithmetic_mean_rank": 0.2344780513899994,
      "median_absolute_deviation": 14.82602218505602,
      "z_geometric_mean_rank": 22.313738339336666,
      "inverse_geometric_mean_rank": 0.01882912440166979,
      "arithmetic_mean_rank": 3704.662,
      "adjusted_geometric_mean_rank_index": 0.9955221763741594,
      "variance": 50714510.103755996,
      "harmonic_mean_rank": 2.7416577333251726,
      "inverse_median_rank": 0.09090909090909091,
      "inverse_harmonic_mean_rank": 0.3647428298014308,
      "hits_at_1": 0.292,
      "hits_at_3": 0.412,
      "hits_at_5": 0.448,
      "hits_at_10": 0.498,
      "z_hits_at_k": 625.659902298456,
      "adjusted_hits_at_k": 0.4978410800072039
    },
    "realistic": {
      "inverse_arithmetic_mean_rank": 0.0002699301403481513,
      "z_inverse_harmonic_mean_rank": 1130.631525740289,
      "geometric_mean_rank": 53.109222412109375,
      "adjusted_arithmetic_mean_rank_index": 0.7655703967029127,
      "count": 500.0,
      "standard_deviation": 7121.412109375,
      "adjusted_inverse_harmonic_mean_rank": 0.3645228675851256,
      "median_rank": 11.0,
      "z_arithmetic_mean_rank": 29.64947558818168,
      "adjusted_arithmetic_mean_rank": 0.23447805831263818,
      "median_absolute_deviation": 14.82602218505602,
      "z_geometric_mean_rank": 22.31373832341243,
      "inverse_geometric_mean_rank": 0.018829122185707092,
      "arithmetic_mean_rank": 3704.662109375,
      "adjusted_geometric_mean_rank_index": 0.9955221756637035,
      "variance": 50714508.0,
      "harmonic_mean_rank": 2.7416576168508864,
      "inverse_median_rank": 0.09090909361839294,
      "inverse_harmonic_mean_rank": 0.36474284529685974,
      "hits_at_1": 0.292,
      "hits_at_3": 0.412,
      "hits_at_5": 0.448,
      "hits_at_10": 0.498,
      "z_hits_at_k": 625.659902298456,
      "adjusted_hits_at_k": 0.4978410800072039
    },
    "pessimistic": {
      "inverse_arithmetic_mean_rank": 0.000269930158270849,
      "z_inverse_harmonic_mean_rank": 1130.6314776618588,
      "geometric_mean_rank": 53.109214144409115,
      "adjusted_arithmetic_mean_rank_index": 0.7655704036259897,
      "count": 500.0,
      "standard_deviation": 7121.41208636012,
      "adjusted_inverse_harmonic_mean_rank": 0.3645228520843309,
      "median_rank": 11.0,
      "z_arithmetic_mean_rank": 29.649475856302814,
      "adjusted_arithmetic_mean_rank": 0.2344780513899994,
      "median_absolute_deviation": 14.82602218505602,
      "z_geometric_mean_rank": 22.313738339336666,
      "inverse_geometric_mean_rank": 0.01882912440166979,
      "arithmetic_mean_rank": 3704.662,
      "adjusted_geometric_mean_rank_index": 0.9955221763741594,
      "variance": 50714510.103755996,
      "harmonic_mean_rank": 2.7416577333251726,
      "inverse_median_rank": 0.09090909090909091,
      "inverse_harmonic_mean_rank": 0.3647428298014308,
      "hits_at_1": 0.292,
      "hits_at_3": 0.412,
      "hits_at_5": 0.448,
      "hits_at_10": 0.498,
      "z_hits_at_k": 625.659902298456,
      "adjusted_hits_at_k": 0.4978410800072039
    }
  },
  "both": {
    "optimistic": {
      "inverse_arithmetic_mean_rank": 0.00016098631809479777,
      "z_inverse_harmonic_mean_rank": 799.9782705832376,
      "geometric_mean_rank": 423.4490645490768,
      "adjusted_arithmetic_mean_rank_index": 0.5972011198478022,
      "count": 1000.0,
      "standard_deviation": 8349.591238182622,
      "adjusted_inverse_harmonic_mean_rank": 0.18483374706337227,
      "median_rank": 1775.0,
      "z_arithmetic_mean_rank": 32.67156257665931,
      "adjusted_arithmetic_mean_rank": 0.40283760944718056,
      "median_absolute_deviation": 2630.136335628938,
      "z_geometric_mean_rank": 30.495271588304288,
      "inverse_geometric_mean_rank": 0.0023615591194300588,
      "arithmetic_mean_rank": 6211.708,
      "adjusted_geometric_mean_rank_index": 0.9627408191612983,