{
  "head": {
    "optimistic": {
      "adjusted_inverse_harmonic_mean_rank": 0.012394211673585492,
      "inverse_median_rank": 0.00019760893192372295,
      "arithmetic_mean_rank": 9018.35,
      "median_rank": 5060.5,
      "inverse_harmonic_mean_rank": 0.012749912961115576,
      "inverse_arithmetic_mean_rank": 0.00011088502885782876,
      "variance": 87763547.0955,
      "harmonic_mean_rank": 78.43190797064887,
      "adjusted_arithmetic_mean_rank_index": 0.4057545270330337,
      "count": 500.0,
      "standard_deviation": 9368.220060155505,
      "adjusted_arithmetic_mean_rank": 0.5942722105231389,
      "z_geometric_mean_rank": 16.490957946662597,
      "z_inverse_harmonic_mean_rank": 37.61048933168047,
      "inverse_geometric_mean_rank": 0.000338995015930346,
      "adjusted_geometric_mean_rank_index": 0.7357168108672718,
      "geometric_mean_rank": 2949.895877541374,
      "z_arithmetic_mean_rank": 15.68802646546067,
      "median_absolute_deviation": 7123.162358810165,
      "hits_at_1": 0.008,
      "hits_at_3": 0.01,
      "hits_at_5": 0.012,
      "hits_at_10": 0.018,
      "z_hits_at_k": 21.73145366535849,
      "adjusted_hits_at_k": 0.017675187648310522
    },
    "realistic": {
      "adjusted_inverse_harmonic_mean_rank": 0.01239421186111944,
      "inverse_median_rank": 0.0001976089261006564,
      "arithmetic_mean_rank": 9018.349609375,
      "median_rank": 5060.5,
      "inverse_harmonic_mean_rank": 0.012749913148581982,
      "inverse_arithmetic_mean_rank": 0.00011088503379141912,
      "variance": 87763552.0,
      "harmonic_mean_rank": 78.4319076538086,
      "adjusted_arithmetic_mean_rank_index": 0.4057545527753126,
      "count": 500.0,
      "standard_deviation": 9368.220703125,
      "adjusted_arithmetic_mean_rank": 0.5942721847825564,
      "z_geometric_mean_rank": 16.490956727631055,
      "z_inverse_harmonic_mean_rank": 37.61048990075608,
      "inverse_geometric_mean_rank": 0.0003389949561096728,
      "adjusted_geometric_mean_rank_index": 0.7357167564821959,
      "geometric_mean_rank": 2949.896484375,
      "z_arithmetic_mean_rank": 15.688027460755915,
      "median_absolute_deviation": 7123.16259765625,
      "hits_at_1": 0.008,
      "hits_at_3": 0.01,
      "hits_at_5": 0.012,
      "hits_at_10": 0.018,
      "z_hits_at_k": 21.73145366535849,
      "adjusted_hits_at_k": 0.017675187648310522
    },
    "pessimistic": {
      "adjusted_inverse_harmonic_mean_rank": 0.012394211673585492,
      "inverse_median_rank": 0.00019760893192372295,
      "arithmetic_mean_rank": 9018.35,
      "median_rank": 5060.5,
      "inverse_harmonic_mean_rank": 0.012749912961115576,
      "inverse_arithmetic_mean_rank": 0.00011088502885782876,
      "variance": 87763547.0955,
      "harmonic_mean_rank": 78.43190797064887,
      "adjusted_arithmetic_mean_rank_index": 0.4057545270330337,
      "count": 500.0,
      "standard_deviation": 9368.220060155505,
      "adjusted_arithmetic_mean_rank": 0.5942722105231389,
      "z_geometric_mean_rank": 16.490957946662597,
      "z_inverse_harmonic_mean_rank": 37.61048933168047,
      "inverse_geometric_mean_rank": 0.000338995015930346,
      "adjusted_geometric_mean_rank_index": 0.7357168108672718,
      "geometric_mean_rank": 2949.895877541374,
      "z_arithmetic_mean_rank": 15.68802646546067,
      "median_absolute_deviation": 7123.162358810165,
      "hits_at_1": 0.008,
      "hits_at_3": 0.01,
      "hits_at_5": 0.012,
      "hits_at_10": 0.018,
      "z_hits_at_k": 21.73145366535849,
      "adjusted_hits_at_k": 0.017675187648310522
    }
  },
  "tail": {
    "optimistic": {
      "adjusted_inverse_harmonic_mean_rank": 0.28080720452028607,
      "inverse_median_rank": 0.005698005698005698,
      "arithmetic_mean_rank": 4284.014,
      "median_rank": 175.5,
      "inverse_harmonic_mean_rank": 0.2810561552719047,
      "inverse_arithmetic_mean_rank": 0.00023342594118506616,
      "variance": 60462192.313804,
      "harmonic_mean_rank": 3.558007825989653,
      "adjusted_arithmetic_mean_rank_index": 0.728906641588345,
      "count": 500.0,
      "standard_deviation": 7775.743843119062,
      "adjusted_arithmetic_mean_rank": 0.27113949163536766,
      "z_geometric_mean_rank": 22.197826982451005,
      "z_inverse_harmonic_mean_rank": 870.9844597580345,
      "inverse_geometric_mean_rank": 0.008826746023874602,
      "adjusted_geometric_mean_rank_index": 0.9903508358473636,
      "geometric_mean_rank": 113.29203279387418,
      "z_arithmetic_mean_rank": 28.229539420052944,
      "median_absolute_deviation": 258.71408712922755,
      "hits_at_1": 0.232,
      "hits_at_3": 0.302,
      "hits_at_5": 0.348,
      "hits_at_10": 0.384,
      "z_hits_at_k": 482.35198789166327,
      "adjusted_hits_at_k": 0.383804995866085
    },
    "realistic": {
      "adjusted_inverse_harmonic_mean_rank": 0.2808072149471811,
      "inverse_median_rank": 0.005698005668818951,
      "arithmetic_mean_rank": 4284.01416015625,
      "median_rank": 175.5,
      "inverse_harmonic_mean_rank": 0.28105616569519043,
      "inverse_arithmetic_mean_rank": 0.00023342593340203166,
      "variance": 60462196.0,
      "harmonic_mean_rank": 3.5580077171325684,
      "adjusted_arithmetic_mean_rank_index": 0.7289066314512556,
      "count": 500.0,
      "standard_deviation": 7775.744140625,
      "adjusted_arithmetic_mean_rank": 0.27113950177181545,
      "z_geometric_mean_rank": 22.197827045965525,
      "z_inverse_harmonic_mean_rank": 870.9844920993113,
      "inverse_geometric_mean_rank": 0.008826748467981815,
      "adjusted_geometric_mean_rank_index": 0.9903508386810489,
      "geometric_mean_rank": 113.29199981689453,
      "z_arithmetic_mean_rank": 28.229539027457584,
      "median_absolute_deviation": 258.7140808105469,
      "hits_at_1": 0.232,
      "hits_at_3": 0.302,
      "hits_at_5": 0.348,
      "hits_at_10": 0.384,
      "z_hits_at_k": 482.35198789166327,
      "adjusted_hits_at_k": 0.383804995866085
    },
    "pessimistic": {
      "adjusted_inverse_harmonic_mean_rank": 0.28080720452028607,
      "inverse_median_rank": 0.005698005698005698,
      "arithmetic_mean_rank": 4284.014,
      "median_rank": 175.5,
      "inverse_harmonic_mean_rank": 0.2810561552719047,
      "inverse_arithmetic_mean_rank": 0.00023342594118506616,
      "variance": 60462192.313804,
      "harmonic_mean_rank": 3.558007825989653,
      "adjusted_arithmetic_mean_rank_index": 0.728906641588345,
      "count": 500.0,
      "standard_deviation": 7775.743843119062,
      "adjusted_arithmetic_mean_rank": 0.27113949163536766,
      "z_geometric_mean_rank": 22.197826982451005,
      "z_inverse_harmonic_mean_rank": 870.9844597580345,
      "inverse_geometric_mean_rank": 0.008826746023874602,
      "adjusted_geometric_mean_rank_index": 0.9903508358473636,
      "geometric_mean_rank": 113.29203279387418,
      "z_arithmetic_mean_rank": 28.229539420052944,
      "median_absolute_deviation": 258.71408712922755,
      "hits_at_1": 0.232,
      "hits_at_3": 0.302,
      "hits_at_5": 0.348,
      "hits_at_10": 0.384,
      "z_hits_at_k": 482.35198789166327,
      "adjusted_hits_at_k": 0.383804995866085
    }
  },
  "both": {
    "optimistic": {
      "adjusted_inverse_harmonic_mean_rank": 0.14660164869599848,
      "inverse_median_rank": 0.0006140620202640467,
      "arithmetic_mean_rank": 6651.182,
      "median_rank": 1628.5,
      "inverse_harmonic_mean_rank": 0.14690303411651015,
      "inverse_arithmetic_mean_rank": 0.0001503492161242919,
      "variance": 79716354.044876,
      "harmonic_mean_rank": 6.80721134191749,
      "adjusted_arithmetic_mean_rank_index": 0.5705887841505752,
      "count": 1000.0,
      "standard_deviation": 8928.401539182476,
      "adjusted_arithmetic_mean_rank": 0.4294480571574493,
      "z_geometric_mean_rank": 30.070404497094582,
      "z_inverse_harmonic_mean_rank": 635.9865868408074,
      "inverse_geometric_mean_rank": 0.0017298042978835752,
      "adjusted_geometric_mean_rank_index": 0.949330939639275,