{
  "losses": [
    1.0353042229133493,
    0.9274955876902038,
    0.7951452737929774
  ],
  "metrics": {
    "both": {
      "optimistic": {
        "adjusted_arithmetic_mean_rank": 0.4294480571574493,
        "adjusted_arithmetic_mean_rank_index": 0.5705887841505752,
        "adjusted_geometric_mean_rank_index": 0.949330939639275,
        "adjusted_hits_at_k": 0.2007413911880338,
        "adjusted_inverse_harmonic_mean_rank": 0.14660164869599848,
        "arithmetic_mean_rank": 6651.182,
        "count": 1000.0,
        "geometric_mean_rank": 578.1000782709959,
        "harmonic_mean_rank": 6.80721134191749,
        "hits_at_1": 0.12,
        "hits_at_10": 0.201,
        "hits_at_3": 0.156,
        "hits_at_5": 0.18,
        "inverse_arithmetic_mean_rank": 0.0001503492161242919,
        "inverse_geometric_mean_rank": 0.0017298042978835752,
        "inverse_harmonic_mean_rank": 0.14690303411651015,
        "inverse_median_rank": 0.0006140620202640467,
        "median_absolute_deviation": 2412.935110617867,
        "median_rank": 1628.5,
        "standard_deviation": 8928.401539182476,
        "variance": 79716354.044876,
        "z_arithmetic_mean_rank": 31.219986352850242,
        "z_geometric_mean_rank": 30.070404497094582,
        "z_hits_at_k": 352.84895036339316,
        "z_inverse_harmonic_mean_rank": 635.9865868408074
      },
      "pessimistic": {
        "adjusted_arithmetic_mean_rank": 0.4294480571574493,
        "adjusted_arithmetic_mean_rank_index": 0.5705887841505752,
        "adjusted_geometric_mean_rank_index": 0.949330939639275,
        "adjusted_hits_at_k": 0.2007413911880338,
        "adjusted_inverse_harmonic_mean_rank": 0.14660164869599848,
        "arithmetic_mean_rank": 6651.182,
        "count": 1000.0,
        "geometric_mean_rank": 578.1000782709959,
        "harmonic_mean_rank": 6.80721134191749,
        "hits_at_1": 0.12,
        "hits_at_10": 0.201,
        "hits_at_3": 0.156,
        "hits_at_5": 0.18,
        "inverse_arithmetic_mean_rank": 0.0001503492161242919,
        "inverse_geometric_mean_rank": 0.0017298042978835752,
        "inverse_harmonic_mean_rank": 0.14690303411651015,
        "inverse_median_rank": 0.0006140620202640467,
        "median_absolute_deviation": 2412.935110617867,
        "median_rank": 1628.5,
        "standard_deviation": 8928.401539182476,
        "variance": 79716354.044876,
        "z_arithmetic_mean_rank": 31.219986352850242,
        "z_geometric_mean_rank": 30.070404497094582,
        "z_hits_at_k": 352.84895036339316,
        "z_inverse_harmonic_mean_rank": 635.9865868408074
      },
      "realistic": {
        "adjusted_arithmetic_mean_rank": 0.42944806548056225,
        "adjusted_arithmetic_mean_rank_index": 0.5705887758269249,
        "adjusted_geometric_mean_rank_index": 0.9493309432961128,
        "adjusted_hits_at_k": 0.2007413911880338,
        "adjusted_inverse_harmonic_mean_rank": 0.14660166751219697,
        "arithmetic_mean_rank": 6651.18212890625,
        "count": 1000.0,
        "geometric_mean_rank": 578.1000366210938,
        "harmonic_mean_rank": 6.807210445404053,
        "hits_at_1": 0.12,
        "hits_at_10": 0.201,
        "hits_at_3": 0.156,
        "hits_at_5": 0.18,
        "inverse_arithmetic_mean_rank": 0.00015034920943435282,
        "inverse_geometric_mean_rank": 0.0017298044404014945,
        "inverse_harmonic_mean_rank": 0.14690305292606354,
        "inverse_median_rank": 0.000614062009844929,
        "median_absolute_deviation": 2412.93505859375,
        "median_rank": 1628.5,
        "standard_deviation": 8928.40234375,
        "variance": 79716360.0,
        "z_arithmetic_mean_rank": 31.21998589741849,
        "z_geometric_mean_rank": 30.070404612926257,
        "z_hits_at_k": 352.84895036339316,
        "z_inverse_harmonic_mean_rank": 635.9866684691517
      }
    },
    "head": {
      "optimistic": {
        "adjusted_arithmetic_mean_rank": 0.5942722105231389,
        "adjusted_arithmetic_mean_rank_index": 0.4057545270330337,
        "adjusted_geometric_mean_rank_index": 0.7357168108672718,
        "adjusted_hits_at_k": 0.017675187648310522,
        "adjusted_inverse_harmonic_mean_rank": 0.012394211673585492,
        "arithmetic_mean_rank": 9018.35,
        "count": 500.0,
        "geometric_mean_rank": 2949.895877541374,
        "harmonic_mean_rank": 78.43190797064887,
        "hits_at_1": 0.008,
        "hits_at_10": 0.018,
        "hits_at_3": 0.01,
        "hits_at_5": 0.012,
        "inverse_arithmetic_mean_rank": 0.00011088502885782876,
        "inverse_geometric_mean_rank": 0.000338995015930346,
        "inverse_harmonic_mean_rank": 0.012749912961115576,
        "inverse_median_rank": 0.00019760893192372295,
        "median_absolute_deviation": 7123.162358810165,
        "median_rank": 5060.5,
        "standard_deviation": 9368.220060155505,
        "variance": 87763547.0955,
        "z_arithmetic_mean_rank": 15.68802646546067,
        "z_geometric_mean_rank": 16.490957946662597,
        "z_hits_at_k": 21.73145366535849,
        "z_inverse_harmonic_mean_rank": 37.61048933168047
      },
      "pessimistic": {
        "adjusted_arithmetic_mean_rank": 0.5942722105231389,
        "adjusted_arithmetic_mean_rank_index": 0.4057545270330337,
        "adjusted_geometric_mean_rank_index": 0.7357168108672718,
        "adjusted_hits_at_k": 0.017675187648310522,
        "adjusted_inverse_harmonic_mean_rank": 0.012394211673585492,
        "arithmetic_mean_rank": 9018.35,
        "count": 500.0,
        "geometric_mean_rank": 2949.895877541374,
        "harmonic_mean_rank": 78.43190797064887,
        "hits_at_1": 0.008,
        "hits_at_10": 0.018,
        "hits_at_3": 0.01,
        "hits_at_5": 0.012,
        "inverse_arithmetic_mean_rank": 0.00011088502885782876,
        "inverse_geometric_mean_rank": 0.000338995015930346,
        "inverse_harmonic_mean_rank": 0.012749912961115576,
        "inverse_median_rank": 0.00019760893192372295,
        "median_absolute_deviation": 7123.162358810165,
        "median_rank": 5060.5,
        "standard_deviation": 9368.220060155505,
        "variance": 87763547.0955,
        "z_arithmetic_mean_rank": 15.68802646546067,
        "z_geometric_mean_rank": 16.490957946662597,
        "z_hits_at_k": 21.73145366535849,
        "z_inverse_harmonic_mean_rank": 37.61048933168047
      },
      "realistic": {
        "adjusted_arithmetic_mean_rank": 0.5942721847825564,
        "adjusted_arithmetic_mean_rank_index": 0.4057545527753126,
        "adjusted_geometric_mean_rank_index": 0.7357167564821959,
        "adjusted_hits_at_k": 0.017675187648310522,
        "adjusted_inverse_harmonic_mean_rank": 0.01239421186111944,
        "arithmetic_mean_rank": 9018.349609375,
        "count": 500.0,
        "geometric_mean_rank": 2949.896484375,
        "harmonic_mean_rank": 78.4319076538086,
        "hits_at_1": 0.008,
        "hits_at_10": 0.018,
        "hits_at_3": 0.01,
        "hits_at_5": 0.012,
        "inverse_arithmetic_mean_rank": 0.00011088503379141912,
        "inverse_geometric_mean_rank": 0.0003389949561096728,
        "inverse_harmonic_mean_rank": 0.012749913148581982,
        "inverse_median_rank": 0.0001976089261006564,
        "median_absolute_deviation": 7123.16259765625,
        "median_rank": 5060.5,
        "standard_deviation": 9368.220703125,
        "variance": 87763552.0,
        "z_arithmetic_mean_rank": 15.688027460755915,
        "z_geometric_mean_rank": 16.490956727631055,
        "z_hits_at_k": 21.73145366535849,
        "z_inverse_harmonic_mean_rank": 37.61048990075608
      }
    },
    "tail": {
      "optimistic": {
        "adjusted_arithmetic_mean_rank": 0.27113949163536766,
        "adjusted_arithmetic_mean_rank_index": 0.728906641588345,
        "adjusted_geometric_mean_rank_index": 0.9903508358473636,
        "adjusted_hits_at_k": 0.383804995866085,
        "adjusted_inverse_harmonic_mean_rank": 0.28080720452028607,
        "arithmetic_mean_rank": 4284.014,
        "count": 500.0,