{
  "losses": [
    1.035593968688273,
    0.9259091133580488,
    0.7872235547093784
  ],
  "metrics": {
    "both": {
      "optimistic": {
        "adjusted_arithmetic_mean_rank": 0.40283760944718056,
        "adjusted_arithmetic_mean_rank_index": 0.5972011198478022,
        "adjusted_geometric_mean_rank_index": 0.9627408191612983,
        "adjusted_hits_at_k": 0.25475774057648,
        "adjusted_inverse_harmonic_mean_rank": 0.18483374706337227,
        "arithmetic_mean_rank": 6211.708,
        "count": 1000.0,
        "geometric_mean_rank": 423.4490645490768,
        "harmonic_mean_rank": 5.4018183036169365,
        "hits_at_1": 0.147,
        "hits_at_10": 0.255,
        "hits_at_3": 0.207,
        "hits_at_5": 0.227,
        "inverse_arithmetic_mean_rank": 0.00016098631809479777,
        "inverse_geometric_mean_rank": 0.0023615591194300588,
        "inverse_harmonic_mean_rank": 0.18512285008372503,
        "inverse_median_rank": 0.0005633802816901409,
        "median_absolute_deviation": 2630.136335628938,
        "median_rank": 1775.0,
        "standard_deviation": 8349.591238182622,
        "variance": 69715673.84473601,
        "z_arithmetic_mean_rank": 32.67156257665931,
        "z_geometric_mean_rank": 30.495271588304288,
        "z_hits_at_k": 446.75083750192823,
        "z_inverse_harmonic_mean_rank": 799.9782705832376
      },
      "pessimistic": {
        "adjusted_arithmetic_mean_rank": 0.40283773914986765,
        "adjusted_arithmetic_mean_rank_index": 0.5972009901367032,
        "adjusted_geometric_mean_rank_index": 0.962740812556865,
        "adjusted_hits_at_k": 0.25475774057648,
        "adjusted_inverse_harmonic_mean_rank": 0.18483374704497377,
        "arithmetic_mean_rank": 6211.71,
        "count": 1000.0,
        "geometric_mean_rank": 423.4491394309342,
        "harmonic_mean_rank": 5.401818304153608,
        "hits_at_1": 0.147,
        "hits_at_10": 0.255,
        "hits_at_3": 0.207,
        "hits_at_5": 0.227,
        "inverse_arithmetic_mean_rank": 0.00016098626626162522,
        "inverse_geometric_mean_rank": 0.002361558701816899,
        "inverse_harmonic_mean_rank": 0.18512285006533305,
        "inverse_median_rank": 0.0005633802816901409,
        "median_absolute_deviation": 2630.136335628938,
        "median_rank": 1775.0,
        "standard_deviation": 8349.59303905885,
        "variance": 69715703.9179,
        "z_arithmetic_mean_rank": 32.67155548044976,
        "z_geometric_mean_rank": 30.495271379105734,
        "z_hits_at_k": 446.75083750192823,
        "z_inverse_harmonic_mean_rank": 799.9782705036072
      },
      "realistic": {
        "adjusted_arithmetic_mean_rank": 0.4028376732852219,
        "adjusted_arithmetic_mean_rank_index": 0.5972010560056207,
        "adjusted_geometric_mean_rank_index": 0.9627408163274414,
        "adjusted_hits_at_k": 0.25475774057648,
        "adjusted_inverse_harmonic_mean_rank": 0.1848337445358187,
        "arithmetic_mean_rank": 6211.708984375,
        "count": 1000.0,
        "geometric_mean_rank": 423.4490966796875,
        "harmonic_mean_rank": 5.401818377343886,
        "hits_at_1": 0.147,
        "hits_at_10": 0.255,
        "hits_at_3": 0.207,
        "hits_at_5": 0.227,
        "inverse_arithmetic_mean_rank": 0.00016098629566840827,
        "inverse_geometric_mean_rank": 0.0023615588434040546,
        "inverse_harmonic_mean_rank": 0.18512284755706787,
        "inverse_median_rank": 0.0005633803084492683,
        "median_absolute_deviation": 2630.136335628938,
        "median_rank": 1775.0,
        "standard_deviation": 8349.591796875,
        "variance": 69715688.0,
        "z_arithmetic_mean_rank": 32.67155908399367,
        "z_geometric_mean_rank": 30.495271498540525,
        "z_hits_at_k": 446.75083750192823,
        "z_inverse_harmonic_mean_rank": 799.9782596437421
      }
    },
    "head": {
      "optimistic": {
        "adjusted_arithmetic_mean_rank": 0.5796985681859178,
        "adjusted_arithmetic_mean_rank_index": 0.42032937896560785,
        "adjusted_geometric_mean_rank_index": 0.6947633375884839,
        "adjusted_hits_at_k": 0.011670218122121821,
        "adjusted_inverse_harmonic_mean_rank": 0.005141588448803199,
        "arithmetic_mean_rank": 8718.754,
        "count": 500.0,
        "geometric_mean_rank": 3376.2335435792656,
        "harmonic_mean_rank": 181.72334318015118,
        "hits_at_1": 0.002,
        "hits_at_10": 0.012,
        "hits_at_3": 0.002,
        "hits_at_5": 0.006,
        "inverse_arithmetic_mean_rank": 0.00011469528788173172,
        "inverse_geometric_mean_rank": 0.00029618804122770025,
        "inverse_harmonic_mean_rank": 0.005502870366019249,
        "inverse_median_rank": 0.0001893222264293828,
        "median_absolute_deviation": 7241.770536290613,
        "median_rank": 5282.0,
        "standard_deviation": 8726.183489560828,
        "variance": 76146278.293484,
        "z_arithmetic_mean_rank": 16.24997144180518,
        "z_geometric_mean_rank": 15.573098472805434,
        "z_hits_at_k": 14.283325344171667,
        "z_inverse_harmonic_mean_rank": 15.531603473423248
      },
      "pessimistic": {
        "adjusted_arithmetic_mean_rank": 0.5796988341406945,
        "adjusted_arithmetic_mean_rank_index": 0.4203291129931471,
        "adjusted_geometric_mean_rank_index": 0.6947632296016488,
        "adjusted_hits_at_k": 0.011670218122121821,
        "adjusted_inverse_harmonic_mean_rank": 0.005141588412005884,
        "arithmetic_mean_rank": 8718.758,
        "count": 500.0,
        "geometric_mean_rank": 3376.2347376716953,
        "harmonic_mean_rank": 181.72334439488137,
        "hits_at_1": 0.002,
        "hits_at_10": 0.012,
        "hits_at_3": 0.002,
        "hits_at_5": 0.006,
        "inverse_arithmetic_mean_rank": 0.00011469523526171962,
        "inverse_geometric_mean_rank": 0.0002961879364731659,
        "inverse_harmonic_mean_rank": 0.005502870329235296,
        "inverse_median_rank": 0.0001893222264293828,
        "median_absolute_deviation": 7241.770536290613,
        "median_rank": 5282.0,
        "standard_deviation": 8726.185786667393,
        "variance": 76146318.38343601,
        "z_arithmetic_mean_rank": 16.249961159286023,
        "z_geometric_mean_rank": 15.573096052283905,
        "z_hits_at_k": 14.283325344171667,
        "z_inverse_harmonic_mean_rank": 15.531603362266681
      },
      "realistic": {
        "adjusted_arithmetic_mean_rank": 0.5796986918133336,
        "adjusted_arithmetic_mean_rank_index": 0.4203292553299718,
        "adjusted_geometric_mean_rank_index": 0.6947634831862918,
        "adjusted_hits_at_k": 0.011670218122121821,
        "adjusted_inverse_harmonic_mean_rank": 0.005141589786626284,
        "arithmetic_mean_rank": 8718.755859375,
        "count": 500.0,
        "geometric_mean_rank": 3376.23193359375,
        "harmonic_mean_rank": 181.72329901677426,
        "hits_at_1": 0.002,
        "hits_at_10": 0.012,
        "hits_at_3": 0.002,
        "hits_at_5": 0.006,
        "inverse_arithmetic_mean_rank": 0.00011469526361906901,
        "inverse_geometric_mean_rank": 0.00029618816915899515,
        "inverse_harmonic_mean_rank": 0.0055028717033565044,
        "inverse_median_rank": 0.00018932222155854106,
        "median_absolute_deviation": 7241.770536290613,
        "median_rank": 5282.0,
        "standard_deviation": 8726.1845703125,
        "variance": 76146296.0,
        "z_arithmetic_mean_rank": 16.249966662040418,
        "z_geometric_mean_rank": 15.573101736375742,
        "z_hits_at_k": 14.283325344171667,
        "z_inverse_harmonic_mean_rank": 15.531607514691403
      }
    },
    "tail": {
      "optimistic": {
        "adjusted_arithmetic_mean_rank": 0.2344780513899994,
        "adjusted_arithmetic_mean_rank_index": 0.7655704036259897,
        "adjusted_geometric_mean_rank_index": 0.9955221763741594,
        "adjusted_hits_at_k": 0.4978410800072039,
        "adjusted_inverse_harmonic_mean_rank": 0.3645228520843309,
        "arithmetic_mean_rank": 3704.662,