{
  "losses": [
    0.9224247488321042,
    0.9031804145551195,
    0.8746944736031925
  ],
  "metrics": {
    "both": {
      "optimistic": {
        "adjusted_arithmetic_mean_rank": 0.6723421662520165,
        "adjusted_arithmetic_mean_rank_index": 0.3277255762680046,
        "adjusted_geometric_mean_rank_index": 0.8251745787472125,
        "adjusted_hits_at_k": 0.10507493273467985,
        "adjusted_inverse_harmonic_mean_rank": 0.04300191213798253,
        "arithmetic_mean_rank": 3252.665,
        "count": 1000.0,
        "geometric_mean_rank": 623.6946331738666,
        "harmonic_mean_rank": 22.74440689036946,
        "hits_at_1": 0.015,
        "hits_at_10": 0.106,
        "hits_at_3": 0.036,
        "hits_at_5": 0.055,
        "inverse_arithmetic_mean_rank": 0.000307440206722795,
        "inverse_geometric_mean_rank": 0.0016033487331952579,
        "inverse_harmonic_mean_rank": 0.043966853249685064,
        "inverse_median_rank": 0.0005323396326856535,
        "median_absolute_deviation": 2768.7596430592116,
        "median_rank": 1878.5,
        "standard_deviation": 3393.305640636428,
        "variance": 11514523.170774998,
        "z_arithmetic_mean_rank": 17.94799474666035,
        "z_geometric_mean_rank": 26.173737323177615,
        "z_hits_at_k": 103.29546010407255,
        "z_inverse_harmonic_mean_rank": 104.49562958916536
      },
      "pessimistic": {
        "adjusted_arithmetic_mean_rank": 0.6723421662520165,
        "adjusted_arithmetic_mean_rank_index": 0.3277255762680046,
        "adjusted_geometric_mean_rank_index": 0.8251745787472125,
        "adjusted_hits_at_k": 0.10507493273467985,
        "adjusted_inverse_harmonic_mean_rank": 0.04300191213798253,
        "arithmetic_mean_rank": 3252.665,
        "count": 1000.0,
        "geometric_mean_rank": 623.6946331738666,
        "harmonic_mean_rank": 22.74440689036946,
        "hits_at_1": 0.015,
        "hits_at_10": 0.106,
        "hits_at_3": 0.036,
        "hits_at_5": 0.055,
        "inverse_arithmetic_mean_rank": 0.000307440206722795,
        "inverse_geometric_mean_rank": 0.0016033487331952579,
        "inverse_harmonic_mean_rank": 0.043966853249685064,
        "inverse_median_rank": 0.0005323396326856535,
        "median_absolute_deviation": 2768.7596430592116,
        "median_rank": 1878.5,
        "standard_deviation": 3393.305640636428,
        "variance": 11514523.170774998,
        "z_arithmetic_mean_rank": 17.94799474666035,
        "z_geometric_mean_rank": 26.173737323177615,
        "z_hits_at_k": 103.29546010407255,
        "z_inverse_harmonic_mean_rank": 104.49562958916536
      },
      "realistic": {
        "adjusted_arithmetic_mean_rank": 0.6723421743264311,
        "adjusted_arithmetic_mean_rank_index": 0.32772556819192067,
        "adjusted_geometric_mean_rank_index": 0.8251745079741614,
        "adjusted_hits_at_k": 0.10507493273467985,
        "adjusted_inverse_harmonic_mean_rank": 0.04300191101567155,
        "arithmetic_mean_rank": 3252.6650390625,
        "count": 1000.0,
        "geometric_mean_rank": 623.6948852539062,
        "harmonic_mean_rank": 22.744407470364578,
        "hits_at_1": 0.015,
        "hits_at_10": 0.106,
        "hits_at_3": 0.036,
        "hits_at_5": 0.055,
        "inverse_arithmetic_mean_rank": 0.00030744020477868617,
        "inverse_geometric_mean_rank": 0.001603348064236343,
        "inverse_harmonic_mean_rank": 0.04396685212850571,
        "inverse_median_rank": 0.000532339618075639,
        "median_absolute_deviation": 2768.7596430592116,
        "median_rank": 1878.5,
        "standard_deviation": 3393.3056640625,
        "variance": 11514524.0,
        "z_arithmetic_mean_rank": 17.947994304371058,
        "z_geometric_mean_rank": 26.173735078325073,
        "z_hits_at_k": 103.29546010407255,
        "z_inverse_harmonic_mean_rank": 104.49562686192401
      }
    },
    "head": {
      "optimistic": {
        "adjusted_arithmetic_mean_rank": 0.8836982837244011,
        "adjusted_arithmetic_mean_rank_index": 0.11632582825392879,
        "adjusted_geometric_mean_rank_index": 0.3684818674757042,
        "adjusted_hits_at_k": 0.01698101380090676,
        "adjusted_inverse_harmonic_mean_rank": 0.006414691211892835,
        "arithmetic_mean_rank": 4263.314,
        "count": 500.0,
        "geometric_mean_rank": 2245.189689853302,
        "harmonic_mean_rank": 134.7881469529887,
        "hits_at_1": 0.002,
        "hits_at_10": 0.018,
        "hits_at_3": 0.006,
        "hits_at_5": 0.01,
        "inverse_arithmetic_mean_rank": 0.0002345593123096258,
        "inverse_geometric_mean_rank": 0.0004453966649318343,
        "inverse_harmonic_mean_rank": 0.0074190499877469125,
        "inverse_median_rank": 0.00026595744680851064,
        "median_absolute_deviation": 4310.665950305038,
        "median_rank": 3760.0,
        "standard_deviation": 3242.359541970014,
        "variance": 10512895.399403999,
        "z_arithmetic_mean_rank": 4.50463636365491,
        "z_geometric_mean_rank": 8.270663001694142,
        "z_hits_at_k": 11.787459899669205,
        "z_inverse_harmonic_mean_rank": 11.006851880010792
      },
      "pessimistic": {
        "adjusted_arithmetic_mean_rank": 0.8836982837244011,
        "adjusted_arithmetic_mean_rank_index": 0.11632582825392879,
        "adjusted_geometric_mean_rank_index": 0.3684818674757042,
        "adjusted_hits_at_k": 0.01698101380090676,
        "adjusted_inverse_harmonic_mean_rank": 0.006414691211892835,
        "arithmetic_mean_rank": 4263.314,
        "count": 500.0,
        "geometric_mean_rank": 2245.189689853302,
        "harmonic_mean_rank": 134.7881469529887,
        "hits_at_1": 0.002,
        "hits_at_10": 0.018,
        "hits_at_3": 0.006,
        "hits_at_5": 0.01,
        "inverse_arithmetic_mean_rank": 0.0002345593123096258,
        "inverse_geometric_mean_rank": 0.0004453966649318343,
        "inverse_harmonic_mean_rank": 0.0074190499877469125,
        "inverse_median_rank": 0.00026595744680851064,
        "median_absolute_deviation": 4310.665950305038,
        "median_rank": 3760.0,
        "standard_deviation": 3242.359541970014,
        "variance": 10512895.399403999,
        "z_arithmetic_mean_rank": 4.50463636365491,
        "z_geometric_mean_rank": 8.270663001694142,
        "z_hits_at_k": 11.787459899669205,
        "z_inverse_harmonic_mean_rank": 11.006851880010792
      },
      "realistic": {
        "adjusted_arithmetic_mean_rank": 0.8836982764372254,
        "adjusted_arithmetic_mean_rank_index": 0.11632583554261522,
        "adjusted_geometric_mean_rank_index": 0.3684816592853212,
        "adjusted_hits_at_k": 0.01698101380090676,
        "adjusted_inverse_harmonic_mean_rank": 0.006414690963732717,
        "arithmetic_mean_rank": 4263.31396484375,
        "count": 500.0,
        "geometric_mean_rank": 2245.1904296875,
        "harmonic_mean_rank": 134.7881514569659,
        "hits_at_1": 0.002,
        "hits_at_10": 0.018,
        "hits_at_3": 0.006,
        "hits_at_5": 0.01,
        "inverse_arithmetic_mean_rank": 0.000234559309319593,
        "inverse_geometric_mean_rank": 0.00044539652299135923,
        "inverse_harmonic_mean_rank": 0.007419049739837646,
        "inverse_median_rank": 0.0002659574383869767,
        "median_absolute_deviation": 4310.665950305038,
        "median_rank": 3760.0,
        "standard_deviation": 3242.359619140625,
        "variance": 10512896.0,
        "z_arithmetic_mean_rank": 4.504636645904199,
        "z_geometric_mean_rank": 8.270658328811566,
        "z_hits_at_k": 11.787459899669205,
        "z_inverse_harmonic_mean_rank": 11.006851454197363
      }
    },
    "tail": {
      "optimistic": {
        "adjusted_arithmetic_mean_rank": 0.46215470569901534,
        "adjusted_arithmetic_mean_rank_index": 0.5379561851163988,
        "adjusted_geometric_mean_rank_index": 0.9517965194130651,
        "adjusted_hits_at_k": 0.1931683389143729,
        "adjusted_inverse_harmonic_mean_rank": 0.07958894678792025,