{
  "head": {
    "optimistic": {
      "inverse_arithmetic_mean_rank": 0.00010954299102317099,
      "z_inverse_harmonic_mean_rank": 192.8842062085265,
      "geometric_mean_rank": 3269.6558782713882,
      "adjusted_arithmetic_mean_rank_index": 0.3930617492968853,
      "count": 500.0,
      "standard_deviation": 7779.776911268343,
      "adjusted_inverse_harmonic_mean_rank": 0.06385246753790266,
      "median_rank": 7554.5,
      "z_arithmetic_mean_rank": 15.195802436315045,
      "adjusted_arithmetic_mean_rank": 0.6069643848655508,
      "median_absolute_deviation": 8728.820561451732,
      "z_geometric_mean_rank": 15.78913998424162,
      "inverse_geometric_mean_rank": 0.0003058425832044084,
      "arithmetic_mean_rank": 9128.836,
      "adjusted_geometric_mean_rank_index": 0.7044016071855825,
      "variance": 60524928.789104,
      "harmonic_mean_rank": 15.578161178475222,
      "inverse_median_rank": 0.00013237143424449003,
      "inverse_harmonic_mean_rank": 0.06419242865337199,
      "hits_at_1": 0.062,
      "hits_at_3": 0.064,
      "hits_at_5": 0.064,
      "hits_at_10": 0.068,
      "z_hits_at_k": 82.8453004595482,
      "adjusted_hits_at_k": 0.06768891021236592
    },
    "realistic": {
      "inverse_arithmetic_mean_rank": 0.0001095429906854406,
      "z_inverse_harmonic_mean_rank": 192.88420781477976,
      "geometric_mean_rank": 3269.65771484375,
      "adjusted_arithmetic_mean_rank_index": 0.393061753452705,
      "count": 500.0,
      "standard_deviation": 7779.77685546875,
      "adjusted_inverse_harmonic_mean_rank": 0.0638524680696374,
      "median_rank": 7554.5,
      "z_arithmetic_mean_rank": 15.195802596979405,
      "adjusted_arithmetic_mean_rank": 0.6069643807100075,
      "median_absolute_deviation": 8728.820561451732,
      "z_geometric_mean_rank": 15.789136261361524,
      "inverse_geometric_mean_rank": 0.0003058424044866115,
      "arithmetic_mean_rank": 9128.8359375,
      "adjusted_geometric_mean_rank_index": 0.7044014410965667,
      "variance": 60524928.0,
      "harmonic_mean_rank": 15.578161049481173,
      "inverse_median_rank": 0.00013237143866717815,
      "inverse_harmonic_mean_rank": 0.06419242918491364,
      "hits_at_1": 0.062,
      "hits_at_3": 0.064,
      "hits_at_5": 0.064,
      "hits_at_10": 0.068,
      "z_hits_at_k": 82.8453004595482,
      "adjusted_hits_at_k": 0.06768891021236592
    },
    "pessimistic": {
      "inverse_arithmetic_mean_rank": 0.00010954299102317099,
      "z_inverse_harmonic_mean_rank": 192.8842062085265,
      "geometric_mean_rank": 3269.6558782713882,
      "adjusted_arithmetic_mean_rank_index": 0.3930617492968853,
      "count": 500.0,
      "standard_deviation": 7779.776911268343,
      "adjusted_inverse_harmonic_mean_rank": 0.06385246753790266,
      "median_rank": 7554.5,
      "z_arithmetic_mean_rank": 15.195802436315045,
      "adjusted_arithmetic_mean_rank": 0.6069643848655508,
      "median_absolute_deviation": 8728.820561451732,
      "z_geometric_mean_rank": 15.78913998424162,
      "inverse_geometric_mean_rank": 0.0003058425832044084,
      "arithmetic_mean_rank": 9128.836,
      "adjusted_geometric_mean_rank_index": 0.7044016071855825,
      "variance": 60524928.789104,
      "harmonic_mean_rank": 15.578161178475222,
      "inverse_median_rank": 0.00013237143424449003,
      "inverse_harmonic_mean_rank": 0.06419242865337199,
      "hits_at_1": 0.062,
      "hits_at_3": 0.064,
      "hits_at_5": 0.064,
      "hits_at_10": 0.068,
      "z_hits_at_k": 82.8453004595482,
      "adjusted_hits_at_k": 0.06768891021236592
    }
  },
  "tail": {
    "optimistic": {
      "inverse_arithmetic_mean_rank": 0.00036355942124248616,
      "z_inverse_harmonic_mean_rank": 327.28026072955686,
      "geometric_mean_rank": 332.33190315251704,
      "adjusted_arithmetic_mean_rank_index": 0.8259605227320301,
      "count": 500.0,
      "standard_deviation": 5354.09360949881,
      "adjusted_inverse_harmonic_mean_rank": 0.10551725865509756,
      "median_rank": 413.5,
      "z_arithmetic_mean_rank": 31.988301090289447,
      "adjusted_arithmetic_mean_rank": 0.17409175453750095,
      "median_absolute_deviation": 593.0408874022407,
      "z_geometric_mean_rank": 21.775933677934674,
      "inverse_geometric_mean_rank": 0.0030090400305054976,
      "arithmetic_mean_rank": 2750.582,
      "adjusted_geometric_mean_rank_index": 0.9715281481731908,
      "variance": 28666318.379276,
      "harmonic_mean_rank": 9.449393825428107,
      "inverse_median_rank": 0.0024183796856106408,
      "inverse_harmonic_mean_rank": 0.1058268941346293,
      "hits_at_1": 0.096,
      "hits_at_3": 0.102,
      "hits_at_5": 0.106,
      "hits_at_10": 0.11,
      "z_hits_at_k": 137.8879967246872,
      "adjusted_hits_at_k": 0.1097182494151623
    },
    "realistic": {
      "inverse_arithmetic_mean_rank": 0.000363559287507087,
      "z_inverse_harmonic_mean_rank": 327.280277095519,
      "geometric_mean_rank": 332.33209228515625,
      "adjusted_arithmetic_mean_rank_index": 0.8259604589408209,
      "count": 500.0,
      "standard_deviation": 5354.0947265625,
      "adjusted_inverse_harmonic_mean_rank": 0.10551726393158889,
      "median_rank": 413.5,
      "z_arithmetic_mean_rank": 31.98829861974473,
      "adjusted_arithmetic_mean_rank": 0.17409181832467266,
      "median_absolute_deviation": 593.0408874022407,
      "z_geometric_mean_rank": 21.77593331365047,
      "inverse_geometric_mean_rank": 0.0030090382788330317,
      "arithmetic_mean_rank": 2750.5830078125,
      "adjusted_geometric_mean_rank_index": 0.9715281319207368,
      "variance": 28666328.0,
      "harmonic_mean_rank": 9.449393354447803,
      "inverse_median_rank": 0.0024183797650039196,
      "inverse_harmonic_mean_rank": 0.10582689940929411,
      "hits_at_1": 0.096,
      "hits_at_3": 0.102,
      "hits_at_5": 0.106,
      "hits_at_10": 0.11,
      "z_hits_at_k": 137.8879967246872,
      "adjusted_hits_at_k": 0.1097182494151623
    },
    "pessimistic": {
      "inverse_arithmetic_mean_rank": 0.0003635591568917728,
      "z_inverse_harmonic_mean_rank": 327.2802605692373,
      "geometric_mean_rank": 332.3320099859039,
      "adjusted_arithmetic_mean_rank_index": 0.8259603961386226,
      "count": 500.0,
      "standard_deviation": 5354.094906045652,
      "adjusted_inverse_harmonic_mean_rank": 0.1055172586034095,
      "median_rank": 413.5,
      "z_arithmetic_mean_rank": 31.98829618750303,
      "adjusted_arithmetic_mean_rank": 0.17409188112289598,
      "median_absolute_deviation": 593.0408874022407,
      "z_geometric_mean_rank": 21.775933472165246,
      "inverse_geometric_mean_rank": 0.003009039063201934,
      "arithmetic_mean_rank": 2750.584,
      "adjusted_geometric_mean_rank_index": 0.9715281389928362,
      "variance": 28666332.262944005,
      "harmonic_mean_rank": 9.449393830041789,
      "inverse_median_rank": 0.0024183796856106408,
      "inverse_harmonic_mean_rank": 0.10582689408295914,
      "hits_at_1": 0.096,
      "hits_at_3": 0.102,
      "hits_at_5": 0.106,
      "hits_at_10": 0.11,
      "z_hits_at_k": 137.8879967246872,
      "adjusted_hits_at_k": 0.1097182494151623
    }
  },
  "both": {
    "optimistic": {
      "inverse_arithmetic_mean_rank": 0.00016835841621197267,
      "z_inverse_harmonic_mean_rank": 366.52501506954474,
      "geometric_mean_rank": 1042.4063318494127,
      "adjusted_arithmetic_mean_rank_index": 0.6148417644574857,
      "count": 1000.0,
      "standard_deviation": 7400.415840094326,
      "adjusted_inverse_harmonic_mean_rank": 0.08468504010536618,
      "median_rank": 2278.5,
      "z_arithmetic_mean_rank": 33.636643526950834,
      "adjusted_arithmetic_mean_rank": 0.38519810885700095,
      "median_absolute_deviation": 3356.611422696683,
      "z_geometric_mean_rank": 28.76608150658326,
      "inverse_geometric_mean_rank": 0.0009593188082672365,
      "arithmetic_mean_rank": 5939.709,
      "adjusted_geometric_mean_rank_index": 0.9081499993700696,
      "variance": 54766154.60631901,