{
  "head": {
    "optimistic": {
      "adjusted_inverse_harmonic_mean_rank": 0.07773387422673299,
      "inverse_median_rank": 0.0001694628029147602,
      "arithmetic_mean_rank": 8157.976,
      "median_rank": 5901.0,
      "inverse_harmonic_mean_rank": 0.07806604243824058,
      "inverse_arithmetic_mean_rank": 0.00012257942411205919,
      "variance": 57301492.779424,
      "harmonic_mean_rank": 12.809666902111985,
      "adjusted_arithmetic_mean_rank_index": 0.46245337476085635,
      "count": 500.0,
      "standard_deviation": 7569.7749490605065,
      "adjusted_arithmetic_mean_rank": 0.5375770990164181,
      "z_geometric_mean_rank": 17.76571002710667,
      "z_inverse_harmonic_mean_rank": 235.8850344266364,
      "inverse_geometric_mean_rank": 0.00043190488647972463,
      "adjusted_geometric_mean_rank_index": 0.7925877663511243,
      "geometric_mean_rank": 2315.32458025789,
      "z_arithmetic_mean_rank": 17.880221412044197,
      "median_absolute_deviation": 7797.746368230213,
      "hits_at_1": 0.072,
      "hits_at_3": 0.082,
      "hits_at_5": 0.082,
      "hits_at_10": 0.09,
      "z_hits_at_k": 110.2839620258688,
      "adjusted_hits_at_k": 0.08969900281055253
    },
    "realistic": {
      "adjusted_inverse_harmonic_mean_rank": 0.07773388279789659,
      "inverse_median_rank": 0.0001694628008408472,
      "arithmetic_mean_rank": 8157.97705078125,
      "median_rank": 5901.0,
      "inverse_harmonic_mean_rank": 0.07806605100631714,
      "inverse_arithmetic_mean_rank": 0.00012257941125426441,
      "variance": 57301496.0,
      "harmonic_mean_rank": 12.80966567993164,
      "adjusted_arithmetic_mean_rank_index": 0.46245330551412633,
      "count": 500.0,
      "standard_deviation": 7569.775390625,
      "adjusted_arithmetic_mean_rank": 0.537577168258585,
      "z_geometric_mean_rank": 17.765709281999893,
      "z_inverse_harmonic_mean_rank": 235.88506043600796,
      "inverse_geometric_mean_rank": 0.00043190483120270073,
      "adjusted_geometric_mean_rank_index": 0.792587733109418,
      "geometric_mean_rank": 2315.324951171875,
      "z_arithmetic_mean_rank": 17.880218734699987,
      "median_absolute_deviation": 7797.74658203125,
      "hits_at_1": 0.072,
      "hits_at_3": 0.082,
      "hits_at_5": 0.082,
      "hits_at_10": 0.09,
      "z_hits_at_k": 110.2839620258688,
      "adjusted_hits_at_k": 0.08969900281055253
    },
    "pessimistic": {
      "adjusted_inverse_harmonic_mean_rank": 0.0777338742044166,
      "inverse_median_rank": 0.0001694628029147602,
      "arithmetic_mean_rank": 8157.978,
      "median_rank": 5901.0,
      "inverse_harmonic_mean_rank": 0.07806604241593224,
      "inverse_arithmetic_mean_rank": 0.0001225793940606361,
      "variance": 57301498.021515995,
      "harmonic_mean_rank": 12.809666905772508,
      "adjusted_arithmetic_mean_rank_index": 0.4624532429603888,
      "count": 500.0,
      "standard_deviation": 7569.775295312008,
      "adjusted_arithmetic_mean_rank": 0.5375772308082006,
      "z_geometric_mean_rank": 17.76570904466665,
      "z_inverse_harmonic_mean_rank": 235.88503435891684,
      "inverse_geometric_mean_rank": 0.0004319047952498908,
      "adjusted_geometric_mean_rank_index": 0.7925877225211878,
      "geometric_mean_rank": 2315.32506931631,
      "z_arithmetic_mean_rank": 17.88021631613254,
      "median_absolute_deviation": 7797.746368230213,
      "hits_at_1": 0.072,
      "hits_at_3": 0.082,
      "hits_at_5": 0.082,
      "hits_at_10": 0.09,
      "z_hits_at_k": 110.2839620258688,
      "adjusted_hits_at_k": 0.08969900281055253
    }
  },
  "tail": {
    "optimistic": {
      "adjusted_inverse_harmonic_mean_rank": 0.12469435495015141,
      "inverse_median_rank": 0.0017985611510791368,
      "arithmetic_mean_rank": 3265.706,
      "median_rank": 556.0,
      "inverse_harmonic_mean_rank": 0.12499734463469882,
      "inverse_arithmetic_mean_rank": 0.00030621250045166344,
      "variance": 30881110.407564003,
      "harmonic_mean_rank": 8.000169946989447,
      "adjusted_arithmetic_mean_rank_index": 0.7933604434244947,
      "count": 500.0,
      "standard_deviation": 5557.077505988557,
      "adjusted_arithmetic_mean_rank": 0.2066897691442115,
      "z_geometric_mean_rank": 21.799809183995563,
      "z_inverse_harmonic_mean_rank": 386.7665915718635,
      "inverse_geometric_mean_rank": 0.0031255432109212164,
      "adjusted_geometric_mean_rank_index": 0.9725933652762981,
      "geometric_mean_rank": 319.94438486910633,
      "z_arithmetic_mean_rank": 30.72574543038787,
      "median_absolute_deviation": 822.844231270609,
      "hits_at_1": 0.104,
      "hits_at_3": 0.118,
      "hits_at_5": 0.14,
      "hits_at_10": 0.164,
      "z_hits_at_k": 205.7765614062497,
      "adjusted_hits_at_k": 0.1637353515325439
    },
    "realistic": {
      "adjusted_inverse_harmonic_mean_rank": 0.12469435790978459,
      "inverse_median_rank": 0.0017985611921176314,
      "arithmetic_mean_rank": 3265.7080078125,
      "median_rank": 556.0,
      "inverse_harmonic_mean_rank": 0.1249973475933075,
      "inverse_arithmetic_mean_rank": 0.00030621231417171657,
      "variance": 30881156.0,
      "harmonic_mean_rank": 8.00016975402832,
      "adjusted_arithmetic_mean_rank_index": 0.7933603163400086,
      "count": 500.0,
      "standard_deviation": 5557.08154296875,
      "adjusted_arithmetic_mean_rank": 0.2066898962206544,
      "z_geometric_mean_rank": 21.799808984350868,
      "z_inverse_harmonic_mean_rank": 386.7666007518078,
      "inverse_geometric_mean_rank": 0.0031255423091351986,
      "adjusted_geometric_mean_rank_index": 0.972593356369197,
      "geometric_mean_rank": 319.9444885253906,
      "z_arithmetic_mean_rank": 30.725740508582653,
      "median_absolute_deviation": 822.84423828125,
      "hits_at_1": 0.104,
      "hits_at_3": 0.118,
      "hits_at_5": 0.14,
      "hits_at_10": 0.164,
      "z_hits_at_k": 205.7765614062497,
      "adjusted_hits_at_k": 0.1637353515325439
    },
    "pessimistic": {
      "adjusted_inverse_harmonic_mean_rank": 0.12469435464466783,
      "inverse_median_rank": 0.0017985611510791368,
      "arithmetic_mean_rank": 3265.71,
      "median_rank": 556.0,
      "inverse_harmonic_mean_rank": 0.12499734432932097,
      "inverse_arithmetic_mean_rank": 0.0003062121253877411,
      "variance": 30881199.1539,
      "harmonic_mean_rank": 8.00016996653446,
      "adjusted_arithmetic_mean_rank_index": 0.7933601902445067,
      "count": 500.0,
      "standard_deviation": 5557.085490965565,
      "adjusted_arithmetic_mean_rank": 0.2066900223081756,
      "z_geometric_mean_rank": 21.799808657589455,
      "z_inverse_harmonic_mean_rank": 386.76659062433987,
      "inverse_geometric_mean_rank": 0.003125540540932514,
      "adjusted_geometric_mean_rank_index": 0.9725933417908132,
      "geometric_mean_rank": 319.94465818115646,
      "z_arithmetic_mean_rank": 30.725735625079416,
      "median_absolute_deviation": 822.844231270609,
      "hits_at_1": 0.104,
      "hits_at_3": 0.118,
      "hits_at_5": 0.14,
      "hits_at_10": 0.164,
      "z_hits_at_k": 205.7765614062497,
      "adjusted_hits_at_k": 0.1637353515325439
    }
  },
  "both": {
    "optimistic": {
      "adjusted_inverse_harmonic_mean_rank": 0.10121427915195191,
      "inverse_median_rank": 0.0003800114003420103,
      "arithmetic_mean_rank": 5711.841,
      "median_rank": 2631.5,
      "inverse_harmonic_mean_rank": 0.10153169353646971,
      "inverse_arithmetic_mean_rank": 0.00017507490141969987,
      "variance": 50074878.03171899,
      "harmonic_mean_rank": 9.849141338717104,
      "adjusted_arithmetic_mean_rank_index": 0.6312432987047956,
      "count": 1000.0,
      "standard_deviation": 7076.360507472679,
      "adjusted_arithmetic_mean_rank": 0.36879745889411275,
      "z_geometric_mean_rank": 29.284519226305353,
      "z_inverse_harmonic_mean_rank": 439.08731252324316,
      "inverse_geometric_mean_rank": 0.0011618680586453873,
      "adjusted_geometric_mean_rank_index": 0.9245203255140446,