{
  "head": {
    "optimistic": {
      "adjusted_arithmetic_mean_rank_index": 0.6387104532072813,
      "count": 500.0,
      "standard_deviation": 1576.3008194072602,
      "adjusted_inverse_harmonic_mean_rank": 0.0037605298912105605,
      "median_rank": 1327.5,
      "z_arithmetic_mean_rank": 24.733615711580853,
      "adjusted_arithmetic_mean_rank": 0.3614219384793964,
      "median_absolute_deviation": 1281.7096178980928,
      "z_geometric_mean_rank": 15.90303862548571,
      "inverse_geometric_mean_rank": 0.000964512020134563,
      "arithmetic_mean_rank": 1743.644,
      "adjusted_geometric_mean_rank_index": 0.7085261931306943,
      "variance": 2484724.2732639997,
      "harmonic_mean_rank": 209.75038915491277,
      "inverse_median_rank": 0.0007532956685499058,
      "inverse_harmonic_mean_rank": 0.0047675716075141214,
      "inverse_arithmetic_mean_rank": 0.0005735115654342286,
      "z_inverse_harmonic_mean_rank": 6.45262478514441,
      "geometric_mean_rank": 1036.793714463492,
      "hits_at_1": 0.002,
      "hits_at_3": 0.002,
      "hits_at_5": 0.002,
      "hits_at_10": 0.004,
      "z_hits_at_k": 2.059202183337252,
      "adjusted_hits_at_k": 0.002966486502752684
    },
    "realistic": {
      "adjusted_arithmetic_mean_rank_index": 0.6387104442988868,
      "count": 500.0,
      "standard_deviation": 1576.30078125,
      "adjusted_inverse_harmonic_mean_rank": 0.003760529859604145,
      "median_rank": 1327.5,
      "z_arithmetic_mean_rank": 24.733615366609506,
      "adjusted_arithmetic_mean_rank": 0.3614219473859444,
      "median_absolute_deviation": 1281.7096178980928,
      "z_geometric_mean_rank": 15.903039480448085,
      "inverse_geometric_mean_rank": 0.0009645121172070503,
      "arithmetic_mean_rank": 1743.64404296875,
      "adjusted_geometric_mean_rank_index": 0.7085262312217315,
      "variance": 2484724.25,
      "harmonic_mean_rank": 209.75039054403854,
      "inverse_median_rank": 0.0007532956660725176,
      "inverse_harmonic_mean_rank": 0.004767571575939655,
      "inverse_arithmetic_mean_rank": 0.0005735115264542401,
      "z_inverse_harmonic_mean_rank": 6.452624730911538,
      "geometric_mean_rank": 1036.7935791015625,
      "hits_at_1": 0.002,
      "hits_at_3": 0.002,
      "hits_at_5": 0.002,
      "hits_at_10": 0.004,
      "z_hits_at_k": 2.059202183337252,
      "adjusted_hits_at_k": 0.002966486502752684
    },
    "pessimistic": {
      "adjusted_arithmetic_mean_rank_index": 0.6387104532072813,
      "count": 500.0,
      "standard_deviation": 1576.3008194072602,
      "adjusted_inverse_harmonic_mean_rank": 0.0037605298912105605,
      "median_rank": 1327.5,
      "z_arithmetic_mean_rank": 24.733615711580853,
      "adjusted_arithmetic_mean_rank": 0.3614219384793964,
      "median_absolute_deviation": 1281.7096178980928,
      "z_geometric_mean_rank": 15.90303862548571,
      "inverse_geometric_mean_rank": 0.000964512020134563,
      "arithmetic_mean_rank": 1743.644,
      "adjusted_geometric_mean_rank_index": 0.7085261931306943,
      "variance": 2484724.2732639997,
      "harmonic_mean_rank": 209.75038915491277,
      "inverse_median_rank": 0.0007532956685499058,
      "inverse_harmonic_mean_rank": 0.0047675716075141214,
      "inverse_arithmetic_mean_rank": 0.0005735115654342286,
      "z_inverse_harmonic_mean_rank": 6.45262478514441,
      "geometric_mean_rank": 1036.793714463492,
      "hits_at_1": 0.002,
      "hits_at_3": 0.002,
      "hits_at_5": 0.002,
      "hits_at_10": 0.004,
      "z_hits_at_k": 2.059202183337252,
      "adjusted_hits_at_k": 0.002966486502752684
    }
  },
  "tail": {
    "optimistic": {
      "adjusted_arithmetic_mean_rank_index": 0.7701042261140929,
      "count": 500.0,
      "standard_deviation": 1578.7677244876777,
      "adjusted_inverse_harmonic_mean_rank": 0.033604588762962545,
      "median_rank": 442.0,
      "z_arithmetic_mean_rank": 29.82293389226723,
      "adjusted_arithmetic_mean_rank": 0.23005451819994294,
      "median_absolute_deviation": 636.0363517389032,
      "z_geometric_mean_rank": 20.85799979496914,
      "inverse_geometric_mean_rank": 0.003942075691951833,
      "arithmetic_mean_rank": 1116.046,
      "adjusted_geometric_mean_rank_index": 0.9292932347790919,
      "variance": 2492507.527884,
      "harmonic_mean_rank": 28.921337446426854,
      "inverse_median_rank": 0.0022624434389140274,
      "inverse_harmonic_mean_rank": 0.03457654756984785,
      "inverse_arithmetic_mean_rank": 0.0008960204149291337,
      "z_inverse_harmonic_mean_rank": 57.823402378878235,
      "geometric_mean_rank": 253.67346498232044,
      "hits_at_1": 0.006,
      "hits_at_3": 0.02,
      "hits_at_5": 0.038,
      "hits_at_10": 0.108,
      "z_hits_at_k": 74.53943155158011,
      "adjusted_hits_at_k": 0.107079600882904
    },
    "realistic": {
      "adjusted_arithmetic_mean_rank_index": 0.7701042218858732,
      "count": 500.0,
      "standard_deviation": 1578.767822265625,
      "adjusted_inverse_harmonic_mean_rank": 0.03360458759272316,
      "median_rank": 442.0,
      "z_arithmetic_mean_rank": 29.822933728525868,
      "adjusted_arithmetic_mean_rank": 0.23005452242729102,
      "median_absolute_deviation": 636.0363517389032,
      "z_geometric_mean_rank": 20.85799971840175,
      "inverse_geometric_mean_rank": 0.003942075651139021,
      "arithmetic_mean_rank": 1116.0460205078125,
      "adjusted_geometric_mean_rank_index": 0.9292932313677601,
      "variance": 2492507.75,
      "harmonic_mean_rank": 28.92133842428184,
      "inverse_median_rank": 0.0022624435368925333,
      "inverse_harmonic_mean_rank": 0.034576546400785446,
      "inverse_arithmetic_mean_rank": 0.0008960203849710524,
      "z_inverse_harmonic_mean_rank": 57.82340036524781,
      "geometric_mean_rank": 253.67347717285156,
      "hits_at_1": 0.006,
      "hits_at_3": 0.02,
      "hits_at_5": 0.038,
      "hits_at_10": 0.108,
      "z_hits_at_k": 74.53943155158011,
      "adjusted_hits_at_k": 0.107079600882904
    },
    "pessimistic": {
      "adjusted_arithmetic_mean_rank_index": 0.7701042261140929,
      "count": 500.0,
      "standard_deviation": 1578.7677244876777,
      "adjusted_inverse_harmonic_mean_rank": 0.033604588762962545,
      "median_rank": 442.0,
      "z_arithmetic_mean_rank": 29.82293389226723,
      "adjusted_arithmetic_mean_rank": 0.23005451819994294,
      "median_absolute_deviation": 636.0363517389032,
      "z_geometric_mean_rank": 20.85799979496914,
      "inverse_geometric_mean_rank": 0.003942075691951833,
      "arithmetic_mean_rank": 1116.046,
      "adjusted_geometric_mean_rank_index": 0.9292932347790919,
      "variance": 2492507.527884,
      "harmonic_mean_rank": 28.921337446426854,
      "inverse_median_rank": 0.0022624434389140274,
      "inverse_harmonic_mean_rank": 0.03457654756984785,
      "inverse_arithmetic_mean_rank": 0.0008960204149291337,
      "z_inverse_harmonic_mean_rank": 57.823402378878235,
      "geometric_mean_rank": 253.67346498232044,
      "hits_at_1": 0.006,
      "hits_at_3": 0.02,
      "hits_at_5": 0.038,
      "hits_at_10": 0.108,
      "z_hits_at_k": 74.53943155158011,
      "adjusted_hits_at_k": 0.107079600882904
    }
  },
  "both": {
    "optimistic": {
      "adjusted_arithmetic_mean_rank_index": 0.7045895106115351,
      "count": 1000.0,
      "standard_deviation": 1608.4420141786275,
      "adjusted_inverse_harmonic_mean_rank": 0.018682597313372865,
      "median_rank": 862.5,
      "z_arithmetic_mean_rank": 38.587067201207105,
      "adjusted_arithmetic_mean_rank": 0.29555613157352956,
      "median_absolute_deviation": 1186.8230759137343,
      "z_geometric_mean_rank": 27.16091391869216,
      "inverse_geometric_mean_rank": 0.0019499177903613831,
      "arithmetic_mean_rank": 1429.845,
      "adjusted_geometric_mean_rank_index": 0.8562971128085395,
      "variance": 2587085.712975,
      "harmonic_mean_rank": 50.833518244087955,
      "inverse_median_rank": 0.0011594202898550724,