{
  "losses": [
    0.8572180648060406,
    0.45570337188010124,
    0.3034118575354417
  ],
  "metrics": {
    "both": {
      "optimistic": {
        "adjusted_arithmetic_mean_rank": 0.38519810885700095,
        "adjusted_arithmetic_mean_rank_index": 0.6148417644574857,
        "adjusted_geometric_mean_rank_index": 0.9081499993700696,
        "adjusted_hits_at_k": 0.08870376062439367,
        "adjusted_inverse_harmonic_mean_rank": 0.08468504010536618,
        "arithmetic_mean_rank": 5939.709,
        "count": 1000.0,
        "geometric_mean_rank": 1042.4063318494127,
        "harmonic_mean_rank": 11.763368817165679,
        "hits_at_1": 0.079,
        "hits_at_10": 0.089,
        "hits_at_3": 0.083,
        "hits_at_5": 0.085,
        "inverse_arithmetic_mean_rank": 0.00016835841621197267,
        "inverse_geometric_mean_rank": 0.0009593188082672365,
        "inverse_harmonic_mean_rank": 0.08500966139400062,
        "inverse_median_rank": 0.00043888523151195964,
        "median_absolute_deviation": 3356.611422696683,
        "median_rank": 2278.5,
        "standard_deviation": 7400.415840094326,
        "variance": 54766154.60631901,
        "z_arithmetic_mean_rank": 33.636643526950834,
        "z_geometric_mean_rank": 28.76608150658326,
        "z_hits_at_k": 155.55358301908672,
        "z_inverse_harmonic_mean_rank": 366.52501506954474
      },
      "pessimistic": {
        "adjusted_arithmetic_mean_rank": 0.38519817370834447,
        "adjusted_arithmetic_mean_rank_index": 0.6148416996019361,
        "adjusted_geometric_mean_rank_index": 0.9081499845925711,
        "adjusted_hits_at_k": 0.08870376062439367,
        "adjusted_inverse_harmonic_mean_rank": 0.08468504007952195,
        "arithmetic_mean_rank": 5939.71,
        "count": 1000.0,
        "geometric_mean_rank": 1042.4064993984632,
        "harmonic_mean_rank": 11.763368820740654,
        "hits_at_1": 0.079,
        "hits_at_10": 0.089,
        "hits_at_3": 0.083,
        "hits_at_5": 0.085,
        "inverse_arithmetic_mean_rank": 0.00016835838786742114,
        "inverse_geometric_mean_rank": 0.0009593186540731139,
        "inverse_harmonic_mean_rank": 0.08500966136816555,
        "inverse_median_rank": 0.00043888523151195964,
        "median_absolute_deviation": 3356.611422696683,
        "median_rank": 2278.5,
        "standard_deviation": 7400.415878171983,
        "variance": 54766155.16990001,
        "z_arithmetic_mean_rank": 33.63663997884606,
        "z_geometric_mean_rank": 28.766081038498996,
        "z_hits_at_k": 155.55358301908672,
        "z_inverse_harmonic_mean_rank": 366.5250149576884
      },
      "realistic": {
        "adjusted_arithmetic_mean_rank": 0.3851981395093938,
        "adjusted_arithmetic_mean_rank_index": 0.6148417338031049,
        "adjusted_geometric_mean_rank_index": 0.9081500173553902,
        "adjusted_hits_at_k": 0.08870376062439367,
        "adjusted_inverse_harmonic_mean_rank": 0.08468503555627548,
        "arithmetic_mean_rank": 5939.70947265625,
        "count": 1000.0,
        "geometric_mean_rank": 1042.4061279296875,
        "harmonic_mean_rank": 11.763369446431284,
        "hits_at_1": 0.079,
        "hits_at_10": 0.089,
        "hits_at_3": 0.083,
        "hits_at_5": 0.085,
        "inverse_arithmetic_mean_rank": 0.00016835839778650552,
        "inverse_geometric_mean_rank": 0.0009593190043233335,
        "inverse_harmonic_mean_rank": 0.08500965684652328,
        "inverse_median_rank": 0.00043888523941859603,
        "median_absolute_deviation": 3356.611422696683,
        "median_rank": 2278.5,
        "standard_deviation": 7400.416015625,
        "variance": 54766156.0,
        "z_arithmetic_mean_rank": 33.636641849916934,
        "z_geometric_mean_rank": 28.766082076276813,
        "z_hits_at_k": 155.55358301908672,
        "z_inverse_harmonic_mean_rank": 366.5249953806418
      }
    },
    "head": {
      "optimistic": {
        "adjusted_arithmetic_mean_rank": 0.6069643848655508,
        "adjusted_arithmetic_mean_rank_index": 0.3930617492968853,
        "adjusted_geometric_mean_rank_index": 0.7044016071855825,
        "adjusted_hits_at_k": 0.06768891021236592,
        "adjusted_inverse_harmonic_mean_rank": 0.06385246753790266,
        "arithmetic_mean_rank": 9128.836,
        "count": 500.0,
        "geometric_mean_rank": 3269.6558782713882,
        "harmonic_mean_rank": 15.578161178475222,
        "hits_at_1": 0.062,
        "hits_at_10": 0.068,
        "hits_at_3": 0.064,
        "hits_at_5": 0.064,
        "inverse_arithmetic_mean_rank": 0.00010954299102317099,
        "inverse_geometric_mean_rank": 0.0003058425832044084,
        "inverse_harmonic_mean_rank": 0.06419242865337199,
        "inverse_median_rank": 0.00013237143424449003,
        "median_absolute_deviation": 8728.820561451732,
        "median_rank": 7554.5,
        "standard_deviation": 7779.776911268343,
        "variance": 60524928.789104,
        "z_arithmetic_mean_rank": 15.195802436315045,
        "z_geometric_mean_rank": 15.78913998424162,
        "z_hits_at_k": 82.8453004595482,
        "z_inverse_harmonic_mean_rank": 192.8842062085265
      },
      "pessimistic": {
        "adjusted_arithmetic_mean_rank": 0.6069643848655508,
        "adjusted_arithmetic_mean_rank_index": 0.3930617492968853,
        "adjusted_geometric_mean_rank_index": 0.7044016071855825,
        "adjusted_hits_at_k": 0.06768891021236592,
        "adjusted_inverse_harmonic_mean_rank": 0.06385246753790266,
        "arithmetic_mean_rank": 9128.836,
        "count": 500.0,
        "geometric_mean_rank": 3269.6558782713882,
        "harmonic_mean_rank": 15.578161178475222,
        "hits_at_1": 0.062,
        "hits_at_10": 0.068,
        "hits_at_3": 0.064,
        "hits_at_5": 0.064,
        "inverse_arithmetic_mean_rank": 0.00010954299102317099,
        "inverse_geometric_mean_rank": 0.0003058425832044084,
        "inverse_harmonic_mean_rank": 0.06419242865337199,
        "inverse_median_rank": 0.00013237143424449003,
        "median_absolute_deviation": 8728.820561451732,
        "median_rank": 7554.5,
        "standard_deviation": 7779.776911268343,
        "variance": 60524928.789104,
        "z_arithmetic_mean_rank": 15.195802436315045,
        "z_geometric_mean_rank": 15.78913998424162,
        "z_hits_at_k": 82.8453004595482,
        "z_inverse_harmonic_mean_rank": 192.8842062085265
      },
      "realistic": {
        "adjusted_arithmetic_mean_rank": 0.6069643807100075,
        "adjusted_arithmetic_mean_rank_index": 0.393061753452705,
        "adjusted_geometric_mean_rank_index": 0.7044014410965667,
        "adjusted_hits_at_k": 0.06768891021236592,
        "adjusted_inverse_harmonic_mean_rank": 0.0638524680696374,
        "arithmetic_mean_rank": 9128.8359375,
        "count": 500.0,
        "geometric_mean_rank": 3269.65771484375,
        "harmonic_mean_rank": 15.578161049481173,
        "hits_at_1": 0.062,
        "hits_at_10": 0.068,
        "hits_at_3": 0.064,
        "hits_at_5": 0.064,
        "inverse_arithmetic_mean_rank": 0.0001095429906854406,
        "inverse_geometric_mean_rank": 0.0003058424044866115,
        "inverse_harmonic_mean_rank": 0.06419242918491364,
        "inverse_median_rank": 0.00013237143866717815,
        "median_absolute_deviation": 8728.820561451732,
        "median_rank": 7554.5,
        "standard_deviation": 7779.77685546875,
        "variance": 60524928.0,
        "z_arithmetic_mean_rank": 15.195802596979405,
        "z_geometric_mean_rank": 15.789136261361524,
        "z_hits_at_k": 82.8453004595482,
        "z_inverse_harmonic_mean_rank": 192.88420781477976
      }
    },
    "tail": {
      "optimistic": {
        "adjusted_arithmetic_mean_rank": 0.17409175453750095,
        "adjusted_arithmetic_mean_rank_index": 0.8259605227320301,
        "adjusted_geometric_mean_rank_index": 0.9715281481731908,
        "adjusted_hits_at_k": 0.1097182494151623,
        "adjusted_inverse_harmonic_mean_rank": 0.10551725865509756,