{
  "losses": [
    0.9087289513326159,
    0.3800634747626735,
    0.19275903029769076
  ],
  "metrics": {
    "both": {
      "optimistic": {
        "adjusted_arithmetic_mean_rank": 0.29555613157352956,
        "adjusted_arithmetic_mean_rank_index": 0.7045895106115351,
        "adjusted_geometric_mean_rank_index": 0.8562971128085395,
        "adjusted_hits_at_k": 0.05502319519187674,
        "adjusted_inverse_harmonic_mean_rank": 0.018682597313372865,
        "arithmetic_mean_rank": 1429.845,
        "count": 1000.0,
        "geometric_mean_rank": 512.8421336238322,
        "harmonic_mean_rank": 50.833518244087955,
        "hits_at_1": 0.004,
        "hits_at_10": 0.056,
        "hits_at_3": 0.011,
        "hits_at_5": 0.02,
        "inverse_arithmetic_mean_rank": 0.0006993765058450392,
        "inverse_geometric_mean_rank": 0.0019499177903613831,
        "inverse_harmonic_mean_rank": 0.01967205958868098,
        "inverse_median_rank": 0.0011594202898550724,
        "median_absolute_deviation": 1186.8230759137343,
        "median_rank": 862.5,
        "standard_deviation": 1608.4420141786275,
        "variance": 2587085.712975,
        "z_arithmetic_mean_rank": 38.587067201207105,
        "z_geometric_mean_rank": 27.16091391869216,
        "z_hits_at_k": 54.09136238128867,
        "z_inverse_harmonic_mean_rank": 45.399138586150734
      },
      "pessimistic": {
        "adjusted_arithmetic_mean_rank": 0.29555613157352956,
        "adjusted_arithmetic_mean_rank_index": 0.7045895106115351,
        "adjusted_geometric_mean_rank_index": 0.8562971128085395,
        "adjusted_hits_at_k": 0.05502319519187674,
        "adjusted_inverse_harmonic_mean_rank": 0.018682597313372865,
        "arithmetic_mean_rank": 1429.845,
        "count": 1000.0,
        "geometric_mean_rank": 512.8421336238322,
        "harmonic_mean_rank": 50.833518244087955,
        "hits_at_1": 0.004,
        "hits_at_10": 0.056,
        "hits_at_3": 0.011,
        "hits_at_5": 0.02,
        "inverse_arithmetic_mean_rank": 0.0006993765058450392,
        "inverse_geometric_mean_rank": 0.0019499177903613831,
        "inverse_harmonic_mean_rank": 0.01967205958868098,
        "inverse_median_rank": 0.0011594202898550724,
        "median_absolute_deviation": 1186.8230759137343,
        "median_rank": 862.5,
        "standard_deviation": 1608.4420141786275,
        "variance": 2587085.712975,
        "z_arithmetic_mean_rank": 38.587067201207105,
        "z_geometric_mean_rank": 27.16091391869216,
        "z_hits_at_k": 54.09136238128867,
        "z_inverse_harmonic_mean_rank": 45.399138586150734
      },
      "realistic": {
        "adjusted_arithmetic_mean_rank": 0.2955561255177186,
        "adjusted_arithmetic_mean_rank_index": 0.704589516668598,
        "adjusted_geometric_mean_rank_index": 0.8562970874008661,
        "adjusted_hits_at_k": 0.05502319519187674,
        "adjusted_inverse_harmonic_mean_rank": 0.018682596246317233,
        "arithmetic_mean_rank": 1429.844970703125,
        "count": 1000.0,
        "geometric_mean_rank": 512.8422241210938,
        "harmonic_mean_rank": 50.83352099862934,
        "hits_at_1": 0.004,
        "hits_at_10": 0.056,
        "hits_at_3": 0.011,
        "hits_at_5": 0.02,
        "inverse_arithmetic_mean_rank": 0.0006993765127845109,
        "inverse_geometric_mean_rank": 0.0019499174086377025,
        "inverse_harmonic_mean_rank": 0.019672058522701263,
        "inverse_median_rank": 0.0011594202369451523,
        "median_absolute_deviation": 1186.8230759137343,
        "median_rank": 862.5,
        "standard_deviation": 1608.4420166015625,
        "variance": 2587085.75,
        "z_arithmetic_mean_rank": 38.58706753292407,
        "z_geometric_mean_rank": 27.1609131127854,
        "z_hits_at_k": 54.09136238128867,
        "z_inverse_harmonic_mean_rank": 45.39913599318116
      }
    },
    "head": {
      "optimistic": {
        "adjusted_arithmetic_mean_rank": 0.3614219384793964,
        "adjusted_arithmetic_mean_rank_index": 0.6387104532072813,
        "adjusted_geometric_mean_rank_index": 0.7085261931306943,
        "adjusted_hits_at_k": 0.002966486502752684,
        "adjusted_inverse_harmonic_mean_rank": 0.0037605298912105605,
        "arithmetic_mean_rank": 1743.644,
        "count": 500.0,
        "geometric_mean_rank": 1036.793714463492,
        "harmonic_mean_rank": 209.75038915491277,
        "hits_at_1": 0.002,
        "hits_at_10": 0.004,
        "hits_at_3": 0.002,
        "hits_at_5": 0.002,
        "inverse_arithmetic_mean_rank": 0.0005735115654342286,
        "inverse_geometric_mean_rank": 0.000964512020134563,
        "inverse_harmonic_mean_rank": 0.0047675716075141214,
        "inverse_median_rank": 0.0007532956685499058,
        "median_absolute_deviation": 1281.7096178980928,
        "median_rank": 1327.5,
        "standard_deviation": 1576.3008194072602,
        "variance": 2484724.2732639997,
        "z_arithmetic_mean_rank": 24.733615711580853,
        "z_geometric_mean_rank": 15.90303862548571,
        "z_hits_at_k": 2.059202183337252,
        "z_inverse_harmonic_mean_rank": 6.45262478514441
      },
      "pessimistic": {
        "adjusted_arithmetic_mean_rank": 0.3614219384793964,
        "adjusted_arithmetic_mean_rank_index": 0.6387104532072813,
        "adjusted_geometric_mean_rank_index": 0.7085261931306943,
        "adjusted_hits_at_k": 0.002966486502752684,
        "adjusted_inverse_harmonic_mean_rank": 0.0037605298912105605,
        "arithmetic_mean_rank": 1743.644,
        "count": 500.0,
        "geometric_mean_rank": 1036.793714463492,
        "harmonic_mean_rank": 209.75038915491277,
        "hits_at_1": 0.002,
        "hits_at_10": 0.004,
        "hits_at_3": 0.002,
        "hits_at_5": 0.002,
        "inverse_arithmetic_mean_rank": 0.0005735115654342286,
        "inverse_geometric_mean_rank": 0.000964512020134563,
        "inverse_harmonic_mean_rank": 0.0047675716075141214,
        "inverse_median_rank": 0.0007532956685499058,
        "median_absolute_deviation": 1281.7096178980928,
        "median_rank": 1327.5,
        "standard_deviation": 1576.3008194072602,
        "variance": 2484724.2732639997,
        "z_arithmetic_mean_rank": 24.733615711580853,
        "z_geometric_mean_rank": 15.90303862548571,
        "z_hits_at_k": 2.059202183337252,
        "z_inverse_harmonic_mean_rank": 6.45262478514441
      },
      "realistic": {
        "adjusted_arithmetic_mean_rank": 0.3614219473859444,
        "adjusted_arithmetic_mean_rank_index": 0.6387104442988868,
        "adjusted_geometric_mean_rank_index": 0.7085262312217315,
        "adjusted_hits_at_k": 0.002966486502752684,
        "adjusted_inverse_harmonic_mean_rank": 0.003760529859604145,
        "arithmetic_mean_rank": 1743.64404296875,
        "count": 500.0,
        "geometric_mean_rank": 1036.7935791015625,
        "harmonic_mean_rank": 209.75039054403854,
        "hits_at_1": 0.002,
        "hits_at_10": 0.004,
        "hits_at_3": 0.002,
        "hits_at_5": 0.002,
        "inverse_arithmetic_mean_rank": 0.0005735115264542401,
        "inverse_geometric_mean_rank": 0.0009645121172070503,
        "inverse_harmonic_mean_rank": 0.004767571575939655,
        "inverse_median_rank": 0.0007532956660725176,
        "median_absolute_deviation": 1281.7096178980928,
        "median_rank": 1327.5,
        "standard_deviation": 1576.30078125,
        "variance": 2484724.25,
        "z_arithmetic_mean_rank": 24.733615366609506,
        "z_geometric_mean_rank": 15.903039480448085,
        "z_hits_at_k": 2.059202183337252,
        "z_inverse_harmonic_mean_rank": 6.452624730911538
      }
    },
    "tail": {
      "optimistic": {
        "adjusted_arithmetic_mean_rank": 0.23005451819994294,
        "adjusted_arithmetic_mean_rank_index": 0.7701042261140929,
        "adjusted_geometric_mean_rank_index": 0.9292932347790919,
        "adjusted_hits_at_k": 0.107079600882904,
        "adjusted_inverse_harmonic_mean_rank": 0.033604588762962545,