{
  "losses": [
    0.8612359321000529,
    0.4574156293974203,
    0.30164366135118054
  ],
  "metrics": {
    "both": {
      "optimistic": {
        "adjusted_arithmetic_mean_rank": 0.36879745889411275,
        "adjusted_arithmetic_mean_rank_index": 0.6312432987047956,
        "adjusted_geometric_mean_rank_index": 0.9245203255140446,
        "adjusted_hits_at_k": 0.12671743993385917,
        "adjusted_inverse_harmonic_mean_rank": 0.10121427915195191,
        "arithmetic_mean_rank": 5711.841,
        "count": 1000.0,
        "geometric_mean_rank": 860.6829257066349,
        "harmonic_mean_rank": 9.849141338717104,
        "hits_at_1": 0.088,
        "hits_at_10": 0.127,
        "hits_at_3": 0.1,
        "hits_at_5": 0.111,
        "inverse_arithmetic_mean_rank": 0.00017507490141969987,
        "inverse_geometric_mean_rank": 0.0011618680586453873,
        "inverse_harmonic_mean_rank": 0.10153169353646971,
        "inverse_median_rank": 0.0003800114003420103,
        "median_absolute_deviation": 3888.124318030941,
        "median_rank": 2631.5,
        "standard_deviation": 7076.360507472679,
        "variance": 50074878.03171899,
        "z_arithmetic_mean_rank": 34.5387216123253,
        "z_geometric_mean_rank": 29.284519226305353,
        "z_hits_at_k": 222.7349098697679,
        "z_inverse_harmonic_mean_rank": 439.08731252324316
      },
      "pessimistic": {
        "adjusted_arithmetic_mean_rank": 0.368797652595649,
        "adjusted_arithmetic_mean_rank_index": 0.6312431049907518,
        "adjusted_geometric_mean_rank_index": 0.9245202852564083,
        "adjusted_hits_at_k": 0.12671743993385917,
        "adjusted_inverse_harmonic_mean_rank": 0.1012142789880509,
        "arithmetic_mean_rank": 5711.844,
        "count": 1000.0,
        "geometric_mean_rank": 860.6833842248092,
        "harmonic_mean_rank": 9.849141354610802,
        "hits_at_1": 0.088,
        "hits_at_10": 0.127,
        "hits_at_3": 0.1,
        "hits_at_5": 0.111,
        "inverse_arithmetic_mean_rank": 0.00017507480946608484,
        "inverse_geometric_mean_rank": 0.0011618674396748916,
        "inverse_harmonic_mean_rank": 0.10153169337262657,
        "inverse_median_rank": 0.0003800114003420103,
        "median_absolute_deviation": 3888.124318030941,
        "median_rank": 2631.5,
        "standard_deviation": 7076.363482302475,
        "variance": 50074920.133664005,
        "z_arithmetic_mean_rank": 34.53871101318635,
        "z_geometric_mean_rank": 29.28451795113001,
        "z_hits_at_k": 222.7349098697679,
        "z_inverse_harmonic_mean_rank": 439.0873118122085
      },
      "realistic": {
        "adjusted_arithmetic_mean_rank": 0.36879754187302605,
        "adjusted_arithmetic_mean_rank_index": 0.6312432157205242,
        "adjusted_geometric_mean_rank_index": 0.9245202882956238,
        "adjusted_hits_at_k": 0.12671743993385917,
        "adjusted_inverse_harmonic_mean_rank": 0.10121428491733062,
        "arithmetic_mean_rank": 5711.84228515625,
        "count": 1000.0,
        "geometric_mean_rank": 860.683349609375,
        "harmonic_mean_rank": 9.849141120910645,
        "hits_at_1": 0.088,
        "hits_at_10": 0.127,
        "hits_at_3": 0.1,
        "hits_at_5": 0.111,
        "inverse_arithmetic_mean_rank": 0.0001750748633639887,
        "inverse_geometric_mean_rank": 0.001161867519840598,
        "inverse_harmonic_mean_rank": 0.10153169929981232,
        "inverse_median_rank": 0.000380011391825974,
        "median_absolute_deviation": 3888.12451171875,
        "median_rank": 2631.5,
        "standard_deviation": 7076.3623046875,
        "variance": 50074904.0,
        "z_arithmetic_mean_rank": 34.53871707180875,
        "z_geometric_mean_rank": 29.284518047398272,
        "z_hits_at_k": 222.7349098697679,
        "z_inverse_harmonic_mean_rank": 439.0873375345821
      }
    },
    "head": {
      "optimistic": {
        "adjusted_arithmetic_mean_rank": 0.5375770990164181,
        "adjusted_arithmetic_mean_rank_index": 0.46245337476085635,
        "adjusted_geometric_mean_rank_index": 0.7925877663511243,
        "adjusted_hits_at_k": 0.08969900281055253,
        "adjusted_inverse_harmonic_mean_rank": 0.07773387422673299,
        "arithmetic_mean_rank": 8157.976,
        "count": 500.0,
        "geometric_mean_rank": 2315.32458025789,
        "harmonic_mean_rank": 12.809666902111985,
        "hits_at_1": 0.072,
        "hits_at_10": 0.09,
        "hits_at_3": 0.082,
        "hits_at_5": 0.082,
        "inverse_arithmetic_mean_rank": 0.00012257942411205919,
        "inverse_geometric_mean_rank": 0.00043190488647972463,
        "inverse_harmonic_mean_rank": 0.07806604243824058,
        "inverse_median_rank": 0.0001694628029147602,
        "median_absolute_deviation": 7797.746368230213,
        "median_rank": 5901.0,
        "standard_deviation": 7569.7749490605065,
        "variance": 57301492.779424,
        "z_arithmetic_mean_rank": 17.880221412044197,
        "z_geometric_mean_rank": 17.76571002710667,
        "z_hits_at_k": 110.2839620258688,
        "z_inverse_harmonic_mean_rank": 235.8850344266364
      },
      "pessimistic": {
        "adjusted_arithmetic_mean_rank": 0.5375772308082006,
        "adjusted_arithmetic_mean_rank_index": 0.4624532429603888,
        "adjusted_geometric_mean_rank_index": 0.7925877225211878,
        "adjusted_hits_at_k": 0.08969900281055253,
        "adjusted_inverse_harmonic_mean_rank": 0.0777338742044166,
        "arithmetic_mean_rank": 8157.978,
        "count": 500.0,
        "geometric_mean_rank": 2315.32506931631,
        "harmonic_mean_rank": 12.809666905772508,
        "hits_at_1": 0.072,
        "hits_at_10": 0.09,
        "hits_at_3": 0.082,
        "hits_at_5": 0.082,
        "inverse_arithmetic_mean_rank": 0.0001225793940606361,
        "inverse_geometric_mean_rank": 0.0004319047952498908,
        "inverse_harmonic_mean_rank": 0.07806604241593224,
        "inverse_median_rank": 0.0001694628029147602,
        "median_absolute_deviation": 7797.746368230213,
        "median_rank": 5901.0,
        "standard_deviation": 7569.775295312008,
        "variance": 57301498.021515995,
        "z_arithmetic_mean_rank": 17.88021631613254,
        "z_geometric_mean_rank": 17.76570904466665,
        "z_hits_at_k": 110.2839620258688,
        "z_inverse_harmonic_mean_rank": 235.88503435891684
      },
      "realistic": {
        "adjusted_arithmetic_mean_rank": 0.537577168258585,
        "adjusted_arithmetic_mean_rank_index": 0.46245330551412633,
        "adjusted_geometric_mean_rank_index": 0.792587733109418,
        "adjusted_hits_at_k": 0.08969900281055253,
        "adjusted_inverse_harmonic_mean_rank": 0.07773388279789659,
        "arithmetic_mean_rank": 8157.97705078125,
        "count": 500.0,
        "geometric_mean_rank": 2315.324951171875,
        "harmonic_mean_rank": 12.80966567993164,
        "hits_at_1": 0.072,
        "hits_at_10": 0.09,
        "hits_at_3": 0.082,
        "hits_at_5": 0.082,
        "inverse_arithmetic_mean_rank": 0.00012257941125426441,
        "inverse_geometric_mean_rank": 0.00043190483120270073,
        "inverse_harmonic_mean_rank": 0.07806605100631714,
        "inverse_median_rank": 0.0001694628008408472,
        "median_absolute_deviation": 7797.74658203125,
        "median_rank": 5901.0,
        "standard_deviation": 7569.775390625,
        "variance": 57301496.0,
        "z_arithmetic_mean_rank": 17.880218734699987,
        "z_geometric_mean_rank": 17.765709281999893,
        "z_hits_at_k": 110.2839620258688,
        "z_inverse_harmonic_mean_rank": 235.88506043600796
      }
    },
    "tail": {
      "optimistic": {
        "adjusted_arithmetic_mean_rank": 0.2066897691442115,
        "adjusted_arithmetic_mean_rank_index": 0.7933604434244947,
        "adjusted_geometric_mean_rank_index": 0.9725933652762981,
        "adjusted_hits_at_k": 0.1637353515325439,
        "adjusted_inverse_harmonic_mean_rank": 0.12469435495015141,
        "arithmetic_mean_rank": 3265.706,
        "count": 500.0,