{
  "losses": [
    0.7944812089496968,
    0.32367968639614536,
    0.280656413120382,
    0.2904741096438146,
    0.30365087088270515,
    0.3247748625775178,
    0.3488452845782626,
    0.36262430710827603,
    0.3633139361353481,
    0.38407368176415857,
    0.3871238572048206,
    0.39650365345033944,
    0.4035077869307761,
    0.4004662793640997,
    0.4155587942576876,
    0.4078141521735519,
    0.40592975848737883,
    0.4056050108343947,
    0.3995188926803131,
    0.42117242295952406
  ],
  "metrics": {
    "both": {
      "optimistic": {
        "adjusted_arithmetic_mean_rank": 0.23020896067015234,
        "adjusted_arithmetic_mean_rank_index": 0.7698413110623573,
        "adjusted_geometric_mean_rank_index": 0.9494692897605702,
        "adjusted_hits_at_k": 0.12796435188156566,
        "adjusted_inverse_harmonic_mean_rank": 0.047423195652430715,
        "arithmetic_mean_rank": 3525.3284351438683,
        "count": 25996.0,
        "geometric_mean_rank": 569.0420899583696,
        "harmonic_mean_rank": 20.93632275849717,
        "hits_at_1": 0.005308509001384828,
        "hits_at_10": 0.12825050007693492,
        "hits_at_3": 0.06962609632251116,
        "hits_at_5": 0.0983997538082782,
        "inverse_arithmetic_mean_rank": 0.000283661513642541,
        "inverse_geometric_mean_rank": 0.0017573392507277603,
        "inverse_harmonic_mean_rank": 0.04776387962371005,
        "inverse_median_rank": 0.0008216926869350862,
        "median_absolute_deviation": 1783.570468862239,
        "median_rank": 1217.0,
        "standard_deviation": 5660.315965097299,
        "variance": 32039176.82473537,
        "z_arithmetic_mean_rank": 214.5145728613599,
        "z_geometric_mean_rank": 153.23258857413998,
        "z_hits_at_k": 1138.7883424245072,
        "z_inverse_harmonic_mean_rank": 1041.6168736354325
      },
      "pessimistic": {
        "adjusted_arithmetic_mean_rank": 0.23020920684415522,
        "adjusted_arithmetic_mean_rank_index": 0.7698410648722778,
        "adjusted_geometric_mean_rank_index": 0.9494692240689314,
        "adjusted_hits_at_k": 0.12796435188156566,
        "adjusted_inverse_harmonic_mean_rank": 0.0474231930062101,
        "arithmetic_mean_rank": 3525.332204954608,
        "count": 25996.0,
        "geometric_mean_rank": 569.0428284323714,
        "harmonic_mean_rank": 20.93632391799925,
        "hits_at_1": 0.005308509001384828,
        "hits_at_10": 0.12825050007693492,
        "hits_at_3": 0.06962609632251116,
        "hits_at_5": 0.0983997538082782,
        "inverse_arithmetic_mean_rank": 0.0002836612103093631,
        "inverse_geometric_mean_rank": 0.0017573369701448514,
        "inverse_harmonic_mean_rank": 0.047763876978435836,
        "inverse_median_rank": 0.0008216926869350862,
        "median_absolute_deviation": 1783.570468862239,
        "median_rank": 1217.0,
        "standard_deviation": 5660.319445966332,
        "variance": 32039216.2303846,
        "z_arithmetic_mean_rank": 214.5145042610406,
        "z_geometric_mean_rank": 153.23257797232276,
        "z_hits_at_k": 1138.7883424245072,
        "z_inverse_harmonic_mean_rank": 1041.6168155130724
      },
      "realistic": {
        "adjusted_arithmetic_mean_rank": 0.230209083901887,
        "adjusted_arithmetic_mean_rank_index": 0.7698411878225749,
        "adjusted_geometric_mean_rank_index": 0.9494692604517965,
        "adjusted_hits_at_k": 0.12796435188156566,
        "adjusted_inverse_harmonic_mean_rank": 0.04742319637122284,
        "arithmetic_mean_rank": 3525.330322265625,
        "count": 25996.0,
        "geometric_mean_rank": 569.0424194335938,
        "harmonic_mean_rank": 20.936323165893555,
        "hits_at_1": 0.005308509001384828,
        "hits_at_10": 0.12825050007693492,
        "hits_at_3": 0.06962609632251116,
        "hits_at_5": 0.0983997538082782,
        "inverse_arithmetic_mean_rank": 0.00028366135666146874,
        "inverse_geometric_mean_rank": 0.0017573381774127483,
        "inverse_harmonic_mean_rank": 0.0477638803422451,
        "inverse_median_rank": 0.0008216926944442093,
        "median_absolute_deviation": 1783.570556640625,
        "median_rank": 1217.0,
        "standard_deviation": 5660.31787109375,
        "variance": 32039198.0,
        "z_arithmetic_mean_rank": 214.51453852086803,
        "z_geometric_mean_rank": 153.23258384406677,
        "z_hits_at_k": 1138.7883424245072,
        "z_inverse_harmonic_mean_rank": 1041.6168894231919
      }
    },
    "head": {
      "optimistic": {
        "adjusted_arithmetic_mean_rank": 0.28826141368500285,
        "adjusted_arithmetic_mean_rank_index": 0.7117865915380106,
        "adjusted_geometric_mean_rank_index": 0.8525863990415146,
        "adjusted_hits_at_k": 0.0069713764149767175,
        "adjusted_inverse_harmonic_mean_rank": 0.004166473696381146,
        "arithmetic_mean_rank": 4274.130943222034,
        "count": 12998.0,
        "geometric_mean_rank": 1603.3755905419978,
        "harmonic_mean_rank": 220.55240432319258,
        "hits_at_1": 0.0007693491306354824,
        "hits_at_10": 0.0073088167410370825,
        "hits_at_3": 0.001615633174334513,
        "hits_at_5": 0.0031543314356054777,
        "inverse_arithmetic_mean_rank": 0.0002339656911040153,
        "inverse_geometric_mean_rank": 0.0006236841859753924,
        "inverse_harmonic_mean_rank": 0.004534069819228188,
        "inverse_median_rank": 0.0005205622071837585,
        "median_absolute_deviation": 2376.61135626448,
        "median_rank": 1921.0,
        "standard_deviation": 5838.934967284037,
        "variance": 34093161.552172236,
        "z_arithmetic_mean_rank": 140.05166759973204,
        "z_geometric_mean_rank": 97.3008777868071,
        "z_hits_at_k": 43.108805343671165,
        "z_inverse_harmonic_mean_rank": 63.59057579820484
      },
      "pessimistic": {
        "adjusted_arithmetic_mean_rank": 0.2882616731221504,
        "adjusted_arithmetic_mean_rank_index": 0.7117863320833646,
        "adjusted_geometric_mean_rank_index": 0.8525862743763659,
        "adjusted_hits_at_k": 0.0069713764149767175,
        "adjusted_inverse_harmonic_mean_rank": 0.004166473303249775,
        "arithmetic_mean_rank": 4274.1347899676875,
        "count": 12998.0,
        "geometric_mean_rank": 1603.3769456434936,
        "harmonic_mean_rank": 220.55242343936723,
        "hits_at_1": 0.0007693491306354824,
        "hits_at_10": 0.0073088167410370825,
        "hits_at_3": 0.001615633174334513,
        "hits_at_5": 0.0031543314356054777,
        "inverse_arithmetic_mean_rank": 0.0002339654805335608,
        "inverse_geometric_mean_rank": 0.0006236836588657969,
        "inverse_harmonic_mean_rank": 0.004534069426241935,
        "inverse_median_rank": 0.0005205622071837585,
        "median_absolute_deviation": 2376.61135626448,
        "median_rank": 1921.0,
        "standard_deviation": 5838.937983515355,
        "variance": 34093196.77533836,
        "z_arithmetic_mean_rank": 140.05161654923984,
        "z_geometric_mean_rank": 97.30086355947671,
        "z_hits_at_k": 43.108805343671165,
        "z_inverse_harmonic_mean_rank": 63.590569798058894
      },
      "realistic": {
        "adjusted_arithmetic_mean_rank": 0.2882615397552417,
        "adjusted_arithmetic_mean_rank_index": 0.7117864654592685,
        "adjusted_geometric_mean_rank_index": 0.852586374758913,
        "adjusted_hits_at_k": 0.0069713764149767175,
        "adjusted_inverse_harmonic_mean_rank": 0.004166473791558867,
        "arithmetic_mean_rank": 4274.1328125,
        "count": 12998.0,
        "geometric_mean_rank": 1603.3758544921875,
        "harmonic_mean_rank": 220.55239868164062,
        "hits_at_1": 0.0007693491306354824,
        "hits_at_10": 0.0073088167410370825,
        "hits_at_3": 0.001615633174334513,
        "hits_at_5": 0.0031543314356054777,
        "inverse_arithmetic_mean_rank": 0.00023396559117827564,
        "inverse_geometric_mean_rank": 0.0006236840854398906,
        "inverse_harmonic_mean_rank": 0.004534069914370775,