{
  "losses": [
    0.9702063693719751,
    0.30302109700791974,
    0.16304693327230566,
    0.1248123601955526,
    0.09735411215646594,
    0.09659069323656606,
    0.09344322490049344,
    0.08794558070161763,
    0.09106186390215275,
    0.09923546045434241,
    0.09467562266132411,
    0.09777984249533392,
    0.09183336933161698,
    0.10770399152648215,
    0.10576929093575944,
    0.11721943822853706,
    0.11721033281555363,
    0.12958485450522572,
    0.12456876945261862,
    0.12082240993485731
  ],
  "metrics": {
    "both": {
      "optimistic": {
        "adjusted_arithmetic_mean_rank": 0.34910178975754635,
        "adjusted_arithmetic_mean_rank_index": 0.6510329684905869,
        "adjusted_geometric_mean_rank_index": 0.8647514572809806,
        "adjusted_hits_at_k": 0.040621777354510655,
        "adjusted_inverse_harmonic_mean_rank": 0.01744606343138764,
        "arithmetic_mean_rank": 1686.5518633540373,
        "count": 6440.0,
        "geometric_mean_rank": 481.84566769279246,
        "harmonic_mean_rank": 54.23564524064679,
        "hits_at_1": 0.0027950310559006213,
        "hits_at_10": 0.04161490683229813,
        "hits_at_3": 0.011180124223602485,
        "hits_at_5": 0.021739130434782608,
        "inverse_arithmetic_mean_rank": 0.0005929257331057136,
        "inverse_geometric_mean_rank": 0.0020753533071870725,
        "inverse_harmonic_mean_rank": 0.018438058504936013,
        "inverse_median_rank": 0.0012547051442910915,
        "median_absolute_deviation": 1107.5038572236847,
        "median_rank": 797.0,
        "standard_deviation": 2205.2073856600923,
        "variance": 4862939.613769819,
        "z_arithmetic_mean_rank": 90.47698331188829,
        "z_geometric_mean_rank": 69.56442641838962,
        "z_hits_at_k": 101.26723915858192,
        "z_inverse_harmonic_mean_rank": 107.50708130812608
      },
      "pessimistic": {
        "adjusted_arithmetic_mean_rank": 0.34910201474823616,
        "adjusted_arithmetic_mean_rank_index": 0.6510327434533163,
        "adjusted_geometric_mean_rank_index": 0.8647513431853528,
        "adjusted_hits_at_k": 0.040621777354510655,
        "adjusted_inverse_harmonic_mean_rank": 0.01744606227005084,
        "arithmetic_mean_rank": 1686.552950310559,
        "count": 6440.0,
        "geometric_mean_rank": 481.846073334045,
        "harmonic_mean_rank": 54.23564865327635,
        "hits_at_1": 0.0027950310559006213,
        "hits_at_10": 0.04161490683229813,
        "hits_at_3": 0.011180124223602485,
        "hits_at_5": 0.021739130434782608,
        "inverse_arithmetic_mean_rank": 0.0005929253509745197,
        "inverse_geometric_mean_rank": 0.0020753515600546134,
        "inverse_harmonic_mean_rank": 0.018438057344771712,
        "inverse_median_rank": 0.0012547051442910915,
        "median_absolute_deviation": 1107.5038572236847,
        "median_rank": 797.0,
        "standard_deviation": 2205.207873891267,
        "variance": 4862941.7670720415,
        "z_arithmetic_mean_rank": 90.47695203744543,
        "z_geometric_mean_rank": 69.5644172400334,
        "z_hits_at_k": 101.26723915858192,
        "z_inverse_harmonic_mean_rank": 107.50707415167328
      },
      "realistic": {
        "adjusted_arithmetic_mean_rank": 0.3491019195164068,
        "adjusted_arithmetic_mean_rank_index": 0.6510328387048618,
        "adjusted_geometric_mean_rank_index": 0.8647514730661274,
        "adjusted_hits_at_k": 0.040621777354510655,
        "adjusted_inverse_harmonic_mean_rank": 0.01744606289989593,
        "arithmetic_mean_rank": 1686.552490234375,
        "count": 6440.0,
        "geometric_mean_rank": 481.8456115722656,
        "harmonic_mean_rank": 54.23564680245406,
        "hits_at_1": 0.0027950310559006213,
        "hits_at_10": 0.04161490683229813,
        "hits_at_3": 0.011180124223602485,
        "hits_at_5": 0.021739130434782608,
        "inverse_arithmetic_mean_rank": 0.0005929255275987089,
        "inverse_geometric_mean_rank": 0.0020753536373376846,
        "inverse_harmonic_mean_rank": 0.018438057973980904,
        "inverse_median_rank": 0.001254705130122602,
        "median_absolute_deviation": 1107.5038572236847,
        "median_rank": 797.0,
        "standard_deviation": 2205.20751953125,
        "variance": 4862940.5,
        "z_arithmetic_mean_rank": 90.47696527498167,
        "z_geometric_mean_rank": 69.56442768821654,
        "z_hits_at_k": 101.26723915858192,
        "z_inverse_harmonic_mean_rank": 107.50707803293896
      }
    },
    "head": {
      "optimistic": {
        "adjusted_arithmetic_mean_rank": 0.4016089124888138,
        "adjusted_arithmetic_mean_rank_index": 0.5985154858497985,
        "adjusted_geometric_mean_rank_index": 0.7294003675203917,
        "adjusted_hits_at_k": 0.007353207841979625,
        "adjusted_inverse_harmonic_mean_rank": 0.0036416055223268957,
        "arithmetic_mean_rank": 1932.2537267080745,
        "count": 3220.0,
        "geometric_mean_rank": 959.143547800684,
        "harmonic_mean_rank": 214.9924827853519,
        "hits_at_1": 0.0,
        "hits_at_10": 0.008385093167701863,
        "hits_at_3": 0.0012422360248447205,
        "hits_at_5": 0.003105590062111801,
        "inverse_arithmetic_mean_rank": 0.000517530377184818,
        "inverse_geometric_mean_rank": 0.0010425968065916722,
        "inverse_harmonic_mean_rank": 0.004651325418658466,
        "inverse_median_rank": 0.0008616975441619991,
        "median_absolute_deviation": 1237.9728524521777,
        "median_rank": 1160.5,
        "standard_deviation": 2118.721356881841,
        "variance": 4488980.18810723,
        "z_arithmetic_mean_rank": 58.813749546186955,
        "z_geometric_mean_rank": 41.495353281060865,
        "z_hits_at_k": 12.934827071234924,
        "z_inverse_harmonic_mean_rank": 15.834707014312439
      },
      "pessimistic": {
        "adjusted_arithmetic_mean_rank": 0.4016092352292051,
        "adjusted_arithmetic_mean_rank_index": 0.5985151630423133,
        "adjusted_geometric_mean_rank_index": 0.7293999490107304,
        "adjusted_hits_at_k": 0.007353207841979625,
        "adjusted_inverse_harmonic_mean_rank": 0.0036416032334225666,
        "arithmetic_mean_rank": 1932.2552795031056,
        "count": 3220.0,
        "geometric_mean_rank": 959.1450296664502,
        "harmonic_mean_rank": 214.99258847539195,
        "hits_at_1": 0.0,
        "hits_at_10": 0.008385093167701863,
        "hits_at_3": 0.0012422360248447205,
        "hits_at_5": 0.003105590062111801,
        "inverse_arithmetic_mean_rank": 0.000517529961288116,
        "inverse_geometric_mean_rank": 0.0010425951957940681,
        "inverse_harmonic_mean_rank": 0.004651323132073736,
        "inverse_median_rank": 0.0008616975441619991,
        "median_absolute_deviation": 1237.9728524521777,
        "median_rank": 1160.5,
        "standard_deviation": 2118.721246101834,
        "variance": 4488979.718683307,
        "z_arithmetic_mean_rank": 58.81371782517216,
        "z_geometric_mean_rank": 41.49532947218028,
        "z_hits_at_k": 12.934827071234924,
        "z_inverse_harmonic_mean_rank": 15.834697061523975
      },
      "realistic": {
        "adjusted_arithmetic_mean_rank": 0.4016090766640773,
        "adjusted_arithmetic_mean_rank_index": 0.598515321640405,
        "adjusted_geometric_mean_rank_index": 0.7294002449122439,
        "adjusted_hits_at_k": 0.007353207841979625,
        "adjusted_inverse_harmonic_mean_rank": 0.003641604460429731,
        "arithmetic_mean_rank": 1932.2545166015625,
        "count": 3220.0,
        "geometric_mean_rank": 959.1439819335938,
        "harmonic_mean_rank": 214.99253181838614,
        "hits_at_1": 0.0,
        "hits_at_10": 0.008385093167701863,
        "hits_at_3": 0.0012422360248447205,
        "hits_at_5": 0.003105590062111801,
        "inverse_arithmetic_mean_rank": 0.000517530192155391,
        "inverse_geometric_mean_rank": 0.001042596297338605,
        "inverse_harmonic_mean_rank": 0.004651324357837439,