{
  "head": {
    "optimistic": {
      "adjusted_inverse_harmonic_mean_rank": 0.02971149037555341,
      "inverse_median_rank": 0.0004452359750667854,
      "arithmetic_mean_rank": 6591.468,
      "median_rank": 2246.0,
      "inverse_harmonic_mean_rank": 0.030060954581037587,
      "inverse_arithmetic_mean_rank": 0.00015171127281509976,
      "variance": 69109974.048976,
      "harmonic_mean_rank": 33.2657433517031,
      "adjusted_arithmetic_mean_rank_index": 0.5656866181601407,
      "count": 500.0,
      "standard_deviation": 8313.240887221782,
      "adjusted_arithmetic_mean_rank": 0.43435065826371044,
      "z_geometric_mean_rank": 18.873424399844307,
      "z_inverse_harmonic_mean_rank": 90.16012645480421,
      "inverse_geometric_mean_rank": 0.000566924079046554,
      "adjusted_geometric_mean_rank_index": 0.8420066108050517,
      "geometric_mean_rank": 1763.904616085081,
      "z_arithmetic_mean_rank": 21.87161459847552,
      "median_absolute_deviation": 3107.5342499877415,
      "hits_at_1": 0.022,
      "hits_at_3": 0.03,
      "hits_at_5": 0.036,
      "hits_at_10": 0.042,
      "z_hits_at_k": 51.248956452195266,
      "adjusted_hits_at_k": 0.04168312603572452
    },
    "realistic": {
      "adjusted_inverse_harmonic_mean_rank": 0.02971149018640403,
      "inverse_median_rank": 0.0004452359862625599,
      "arithmetic_mean_rank": 6591.4677734375,
      "median_rank": 2246.0,
      "inverse_harmonic_mean_rank": 0.03006095439195633,
      "inverse_arithmetic_mean_rank": 0.00015171128325164318,
      "variance": 69109976.0,
      "harmonic_mean_rank": 33.265743255615234,
      "adjusted_arithmetic_mean_rank_index": 0.5656866330906624,
      "count": 500.0,
      "standard_deviation": 8313.2412109375,
      "adjusted_arithmetic_mean_rank": 0.4343506433341726,
      "z_geometric_mean_rank": 18.873424550646817,
      "z_inverse_harmonic_mean_rank": 90.16012588082654,
      "inverse_geometric_mean_rank": 0.0005669241072610021,
      "adjusted_geometric_mean_rank_index": 0.8420066175328562,
      "geometric_mean_rank": 1763.904541015625,
      "z_arithmetic_mean_rank": 21.87161517574676,
      "median_absolute_deviation": 3107.534423828125,
      "hits_at_1": 0.022,
      "hits_at_3": 0.03,
      "hits_at_5": 0.036,
      "hits_at_10": 0.042,
      "z_hits_at_k": 51.248956452195266,
      "adjusted_hits_at_k": 0.04168312603572452
    },
    "pessimistic": {
      "adjusted_inverse_harmonic_mean_rank": 0.02971149037555341,
      "inverse_median_rank": 0.0004452359750667854,
      "arithmetic_mean_rank": 6591.468,
      "median_rank": 2246.0,
      "inverse_harmonic_mean_rank": 0.030060954581037587,
      "inverse_arithmetic_mean_rank": 0.00015171127281509976,
      "variance": 69109974.048976,
      "harmonic_mean_rank": 33.2657433517031,
      "adjusted_arithmetic_mean_rank_index": 0.5656866181601407,
      "count": 500.0,
      "standard_deviation": 8313.240887221782,
      "adjusted_arithmetic_mean_rank": 0.43435065826371044,
      "z_geometric_mean_rank": 18.873424399844307,
      "z_inverse_harmonic_mean_rank": 90.16012645480421,
      "inverse_geometric_mean_rank": 0.000566924079046554,
      "adjusted_geometric_mean_rank_index": 0.8420066108050517,
      "geometric_mean_rank": 1763.904616085081,
      "z_arithmetic_mean_rank": 21.87161459847552,
      "median_absolute_deviation": 3107.5342499877415,
      "hits_at_1": 0.022,
      "hits_at_3": 0.03,
      "hits_at_5": 0.036,
      "hits_at_10": 0.042,
      "z_hits_at_k": 51.248956452195266,
      "adjusted_hits_at_k": 0.04168312603572452
    }
  },
  "tail": {
    "optimistic": {
      "adjusted_inverse_harmonic_mean_rank": 0.3533647891372477,
      "inverse_median_rank": 0.009950248756218905,
      "arithmetic_mean_rank": 3294.404,
      "median_rank": 100.5,
      "inverse_harmonic_mean_rank": 0.35358862386248296,
      "inverse_arithmetic_mean_rank": 0.00030354504183457764,
      "variance": 49446010.71678401,
      "harmonic_mean_rank": 2.828145286679014,
      "adjusted_arithmetic_mean_rank_index": 0.791544003599713,
      "count": 500.0,
      "standard_deviation": 7031.785741672168,
      "adjusted_arithmetic_mean_rank": 0.20850609400471656,
      "z_geometric_mean_rank": 22.280384992259435,
      "z_inverse_harmonic_mean_rank": 1096.0375482174754,
      "inverse_geometric_mean_rank": 0.014198978676175342,
      "adjusted_geometric_mean_rank_index": 0.9940341420594676,
      "geometric_mean_rank": 70.42760066101891,
      "z_arithmetic_mean_rank": 30.655397244883495,
      "median_absolute_deviation": 147.5189207413074,
      "hits_at_1": 0.304,
      "hits_at_3": 0.392,
      "hits_at_5": 0.42,
      "hits_at_10": 0.44,
      "z_hits_at_k": 552.7530055424958,
      "adjusted_hits_at_k": 0.43982272351462276
    },
    "realistic": {
      "adjusted_inverse_harmonic_mean_rank": 0.3533647761577994,
      "inverse_median_rank": 0.009950248524546623,
      "arithmetic_mean_rank": 3294.406005859375,
      "median_rank": 100.5,
      "inverse_harmonic_mean_rank": 0.35358861088752747,
      "inverse_arithmetic_mean_rank": 0.00030354486079886556,
      "variance": 49446024.0,
      "harmonic_mean_rank": 2.8281455039978027,
      "adjusted_arithmetic_mean_rank_index": 0.7915438766388498,
      "count": 500.0,
      "standard_deviation": 7031.78662109375,
      "adjusted_arithmetic_mean_rank": 0.20850622095754426,
      "z_geometric_mean_rank": 22.28038486697254,
      "z_inverse_harmonic_mean_rank": 1096.0375079589007,
      "inverse_geometric_mean_rank": 0.014198965393006802,
      "adjusted_geometric_mean_rank_index": 0.9940341364698223,
      "geometric_mean_rank": 70.42766571044922,
      "z_arithmetic_mean_rank": 30.65539232786602,
      "median_absolute_deviation": 147.5189208984375,
      "hits_at_1": 0.304,
      "hits_at_3": 0.392,
      "hits_at_5": 0.42,
      "hits_at_10": 0.44,
      "z_hits_at_k": 552.7530055424958,
      "adjusted_hits_at_k": 0.43982272351462276
    },
    "pessimistic": {
      "adjusted_inverse_harmonic_mean_rank": 0.35336478712122543,
      "inverse_median_rank": 0.009950248756218905,
      "arithmetic_mean_rank": 3294.408,
      "median_rank": 100.5,
      "inverse_harmonic_mean_rank": 0.3535886218471585,
      "inverse_arithmetic_mean_rank": 0.0003035446732766555,
      "variance": 49446046.98153599,
      "harmonic_mean_rank": 2.828145302798397,
      "adjusted_arithmetic_mean_rank_index": 0.7915437504197249,
      "count": 500.0,
      "standard_deviation": 7031.7883203020265,
      "adjusted_arithmetic_mean_rank": 0.20850634716868066,
      "z_geometric_mean_rank": 22.280384702050846,
      "z_inverse_harmonic_mean_rank": 1096.0375419643449,
      "inverse_geometric_mean_rank": 0.014198948298019716,
      "adjusted_geometric_mean_rank_index": 0.9940341291118796,
      "geometric_mean_rank": 70.42775133841899,
      "z_arithmetic_mean_rank": 30.65538743957504,
      "median_absolute_deviation": 147.5189207413074,
      "hits_at_1": 0.304,
      "hits_at_3": 0.392,
      "hits_at_5": 0.42,
      "hits_at_10": 0.44,
      "z_hits_at_k": 552.7530055424958,
      "adjusted_hits_at_k": 0.43982272351462276
    }
  },
  "both": {
    "optimistic": {
      "adjusted_inverse_harmonic_mean_rank": 0.19153927393394624,
      "inverse_median_rank": 0.0009775171065493646,
      "arithmetic_mean_rank": 4942.936,
      "median_rank": 1023.0,
      "inverse_harmonic_mean_rank": 0.19182478922176027,
      "inverse_arithmetic_mean_rank": 0.00020230891114107082,
      "variance": 61995650.137903996,
      "harmonic_mean_rank": 5.213090571125005,
      "adjusted_arithmetic_mean_rank_index": 0.680892530999897,
      "count": 1000.0,
      "standard_deviation": 7873.731652647555,
      "adjusted_arithmetic_mean_rank": 0.3191514323098682,
      "z_geometric_mean_rank": 30.697929319082185,
      "z_inverse_harmonic_mean_rank": 830.9347825127282,
      "inverse_geometric_mean_rank": 0.0028372068851940232,
      "adjusted_geometric_mean_rank_index": 0.9691420708451096,