{
  "head": {
    "optimistic": {
      "adjusted_arithmetic_mean_rank_index": 0.2503068375005183,
      "count": 500.0,
      "standard_deviation": 2859.216101853793,
      "adjusted_inverse_harmonic_mean_rank": 0.004450627585671473,
      "median_rank": 3144.0,
      "z_arithmetic_mean_rank": 9.692957266678341,
      "adjusted_arithmetic_mean_rank": 0.749745046016085,
      "median_absolute_deviation": 3402.5720914703566,
      "z_geometric_mean_rank": 10.683878620340378,
      "inverse_geometric_mean_rank": 0.0005367348600480603,
      "arithmetic_mean_rank": 3617.07,
      "adjusted_geometric_mean_rank_index": 0.4759975766272142,
      "variance": 8175116.7171,
      "harmonic_mean_rank": 183.25182006229477,
      "inverse_median_rank": 0.0003180661577608143,
      "inverse_harmonic_mean_rank": 0.005456971721536295,
      "inverse_arithmetic_mean_rank": 0.0002764668640640076,
      "z_inverse_harmonic_mean_rank": 7.636750856807156,
      "geometric_mean_rank": 1863.1172939101778,
      "hits_at_1": 0.0,
      "hits_at_3": 0.002,
      "hits_at_5": 0.006,
      "hits_at_10": 0.016,
      "z_hits_at_k": 10.39770879733607,
      "adjusted_hits_at_k": 0.014978938472599037
    },
    "realistic": {
      "adjusted_arithmetic_mean_rank_index": 0.25030682332807264,
      "count": 500.0,
      "standard_deviation": 2859.216064453125,
      "adjusted_inverse_harmonic_mean_rank": 0.004450627334147507,
      "median_rank": 3144.0,
      "z_arithmetic_mean_rank": 9.692956717860291,
      "adjusted_arithmetic_mean_rank": 0.7497450601855931,
      "median_absolute_deviation": 3402.5720914703566,
      "z_geometric_mean_rank": 10.683877750418159,
      "inverse_geometric_mean_rank": 0.000536734820343554,
      "arithmetic_mean_rank": 3617.070068359375,
      "adjusted_geometric_mean_rank_index": 0.4759975378696728,
      "variance": 8175116.5,
      "harmonic_mean_rank": 183.25182850024112,
      "inverse_median_rank": 0.0003180661587975919,
      "inverse_harmonic_mean_rank": 0.005456971470266581,
      "inverse_arithmetic_mean_rank": 0.0002764668606687337,
      "z_inverse_harmonic_mean_rank": 7.636750425221763,
      "geometric_mean_rank": 1863.117431640625,
      "hits_at_1": 0.0,
      "hits_at_3": 0.002,
      "hits_at_5": 0.006,
      "hits_at_10": 0.016,
      "z_hits_at_k": 10.39770879733607,
      "adjusted_hits_at_k": 0.014978938472599037
    },
    "pessimistic": {
      "adjusted_arithmetic_mean_rank_index": 0.2503068375005183,
      "count": 500.0,
      "standard_deviation": 2859.216101853793,
      "adjusted_inverse_harmonic_mean_rank": 0.004450627585671473,
      "median_rank": 3144.0,
      "z_arithmetic_mean_rank": 9.692957266678341,
      "adjusted_arithmetic_mean_rank": 0.749745046016085,
      "median_absolute_deviation": 3402.5720914703566,
      "z_geometric_mean_rank": 10.683878620340378,
      "inverse_geometric_mean_rank": 0.0005367348600480603,
      "arithmetic_mean_rank": 3617.07,
      "adjusted_geometric_mean_rank_index": 0.4759975766272142,
      "variance": 8175116.7171,
      "harmonic_mean_rank": 183.25182006229477,
      "inverse_median_rank": 0.0003180661577608143,
      "inverse_harmonic_mean_rank": 0.005456971721536295,
      "inverse_arithmetic_mean_rank": 0.0002764668640640076,
      "z_inverse_harmonic_mean_rank": 7.636750856807156,
      "geometric_mean_rank": 1863.1172939101778,
      "hits_at_1": 0.0,
      "hits_at_3": 0.002,
      "hits_at_5": 0.006,
      "hits_at_10": 0.016,
      "z_hits_at_k": 10.39770879733607,
      "adjusted_hits_at_k": 0.014978938472599037
    }
  },
  "tail": {
    "optimistic": {
      "adjusted_arithmetic_mean_rank_index": 0.5679176879253411,
      "count": 500.0,
      "standard_deviation": 2840.5820276105387,
      "adjusted_inverse_harmonic_mean_rank": 0.0770789811685157,
      "median_rank": 160.5,
      "z_arithmetic_mean_rank": 21.99309014146021,
      "adjusted_arithmetic_mean_rank": 0.43219937896085603,
      "median_absolute_deviation": 235.73375274239072,
      "z_geometric_mean_rank": 21.282525442228113,
      "inverse_geometric_mean_rank": 0.0053739338198108165,
      "arithmetic_mean_rank": 2096.696,
      "adjusted_geometric_mean_rank_index": 0.9482072637303788,
      "variance": 8068906.255584001,
      "harmonic_mean_rank": 12.819326982255618,
      "inverse_median_rank": 0.006230529595015576,
      "inverse_harmonic_mean_rank": 0.07800721530733945,
      "inverse_arithmetic_mean_rank": 0.0004769408631484965,
      "z_inverse_harmonic_mean_rank": 132.6297719189271,
      "geometric_mean_rank": 186.08342296913585,
      "hits_at_1": 0.02,
      "hits_at_3": 0.074,
      "hits_at_5": 0.11,
      "hits_at_10": 0.214,
      "z_hits_at_k": 148.40347674227502,
      "adjusted_hits_at_k": 0.2131889756658773
    },
    "realistic": {
      "adjusted_arithmetic_mean_rank_index": 0.5679174773197331,
      "count": 500.0,
      "standard_deviation": 2840.582763671875,
      "adjusted_inverse_harmonic_mean_rank": 0.0770789796309731,
      "median_rank": 160.5,
      "z_arithmetic_mean_rank": 21.993081985580897,
      "adjusted_arithmetic_mean_rank": 0.43219958952305126,
      "median_absolute_deviation": 235.73375274239072,
      "z_geometric_mean_rank": 21.28252517461799,
      "inverse_geometric_mean_rank": 0.005373932421207428,
      "arithmetic_mean_rank": 2096.697021484375,
      "adjusted_geometric_mean_rank_index": 0.948207251807458,
      "variance": 8068911.0,
      "harmonic_mean_rank": 12.819327234673782,
      "inverse_median_rank": 0.006230529397726059,
      "inverse_harmonic_mean_rank": 0.07800721377134323,
      "inverse_arithmetic_mean_rank": 0.0004769406223203987,
      "z_inverse_harmonic_mean_rank": 132.62976927327816,
      "geometric_mean_rank": 186.08346557617188,
      "hits_at_1": 0.02,
      "hits_at_3": 0.074,
      "hits_at_5": 0.11,
      "hits_at_10": 0.214,
      "z_hits_at_k": 148.40347674227502,
      "adjusted_hits_at_k": 0.2131889756658773
    },
    "pessimistic": {
      "adjusted_arithmetic_mean_rank_index": 0.5679172755732519,
      "count": 500.0,
      "standard_deviation": 2840.584027765417,
      "adjusted_inverse_harmonic_mean_rank": 0.07707898108639498,
      "median_rank": 160.5,
      "z_arithmetic_mean_rank": 21.993074172778723,
      "adjusted_arithmetic_mean_rank": 0.4321997912279457,
      "median_absolute_deviation": 235.73375274239072,
      "z_geometric_mean_rank": 21.28252496880236,
      "inverse_geometric_mean_rank": 0.0053739316430279314,
      "arithmetic_mean_rank": 2096.698,
      "adjusted_geometric_mean_rank_index": 0.9482072426376875,
      "variance": 8068917.618795999,
      "harmonic_mean_rank": 12.819326995737367,
      "inverse_median_rank": 0.006230529595015576,
      "inverse_harmonic_mean_rank": 0.07800721522530131,
      "inverse_arithmetic_mean_rank": 0.00047694040820375663,
      "z_inverse_harmonic_mean_rank": 132.62977177762198,
      "geometric_mean_rank": 186.08349834471505,
      "hits_at_1": 0.02,
      "hits_at_3": 0.074,
      "hits_at_5": 0.11,
      "hits_at_10": 0.214,
      "z_hits_at_k": 148.40347674227502,
      "adjusted_hits_at_k": 0.2131889756658773
    }
  },
  "both": {
    "optimistic": {
      "adjusted_arithmetic_mean_rank_index": 0.4095526144080027,
      "count": 1000.0,
      "standard_deviation": 2949.5585705849276,
      "adjusted_inverse_harmonic_mean_rank": 0.040764896820331485,
      "median_rank": 1934.5,
      "z_arithmetic_mean_rank": 22.4292783480063,
      "adjusted_arithmetic_mean_rank": 0.5905320421711303,
      "median_absolute_deviation": 2844.3723562029973,
      "z_geometric_mean_rank": 26.48441094077683,
      "inverse_geometric_mean_rank": 0.0016983455527906264,
      "arithmetic_mean_rank": 2856.883,
      "adjusted_geometric_mean_rank_index": 0.8349691284656927,
      "variance": 8699895.761311,
      "harmonic_mean_rank": 23.962373218924043,
      "inverse_median_rank": 0.0005169294391315585,
      "inverse_harmonic_mean_rank": 0.04173209351443788,