{
  "head": {
    "optimistic": {
      "inverse_arithmetic_mean_rank": 0.00013605053461057575,
      "z_inverse_harmonic_mean_rank": 56.074609584310245,
      "geometric_mean_rank": 2372.5003405380367,
      "adjusted_arithmetic_mean_rank_index": 0.5113281328181358,
      "count": 500.0,
      "standard_deviation": 8186.241442682961,
      "adjusted_inverse_harmonic_mean_rank": 0.018562961989287325,
      "median_rank": 3483.0,
      "z_arithmetic_mean_rank": 19.76799141695527,
      "adjusted_arithmetic_mean_rank": 0.4887058647217039,
      "median_absolute_deviation": 4903.706837707278,
      "z_geometric_mean_rank": 17.60774651690821,
      "inverse_geometric_mean_rank": 0.00042149625140758447,
      "arithmetic_mean_rank": 7350.21,
      "adjusted_geometric_mean_rank_index": 0.7855351816378378,
      "variance": 67014548.9579,
      "harmonic_mean_rank": 52.85588276982611,
      "inverse_median_rank": 0.0002871088142405972,
      "inverse_harmonic_mean_rank": 0.018919369947045347,
      "hits_at_1": 0.012,
      "hits_at_3": 0.018,
      "hits_at_5": 0.026,
      "hits_at_10": 0.03,
      "z_hits_at_k": 36.32110305982841,
      "adjusted_hits_at_k": 0.029676226293985995
    },
    "realistic": {
      "inverse_arithmetic_mean_rank": 0.00013605051208287477,
      "z_inverse_harmonic_mean_rank": 56.07461860182401,
      "geometric_mean_rank": 2372.5009765625,
      "adjusted_arithmetic_mean_rank_index": 0.5113280704808404,
      "count": 500.0,
      "standard_deviation": 8186.24072265625,
      "adjusted_inverse_harmonic_mean_rank": 0.018562964974448818,
      "median_rank": 3483.0,
      "z_arithmetic_mean_rank": 19.767989006989843,
      "adjusted_arithmetic_mean_rank": 0.48870592705485466,
      "median_absolute_deviation": 4903.706837707278,
      "z_geometric_mean_rank": 17.607745227635398,
      "inverse_geometric_mean_rank": 0.0004214961372781545,
      "arithmetic_mean_rank": 7350.2109375,
      "adjusted_geometric_mean_rank_index": 0.7855351241194521,
      "variance": 67014540.0,
      "harmonic_mean_rank": 52.85587443307797,
      "inverse_median_rank": 0.0002871088217943907,
      "inverse_harmonic_mean_rank": 0.01891937293112278,
      "hits_at_1": 0.012,
      "hits_at_3": 0.018,
      "hits_at_5": 0.026,
      "hits_at_10": 0.03,
      "z_hits_at_k": 36.32110305982841,
      "adjusted_hits_at_k": 0.029676226293985995
    },
    "pessimistic": {
      "inverse_arithmetic_mean_rank": 0.0001360504975910899,
      "z_inverse_harmonic_mean_rank": 56.074609210603796,
      "geometric_mean_rank": 2372.501520446497,
      "adjusted_arithmetic_mean_rank_index": 0.5113279998319055,
      "count": 500.0,
      "standard_deviation": 8186.240629437667,
      "adjusted_inverse_harmonic_mean_rank": 0.01856296186557539,
      "median_rank": 3483.0,
      "z_arithmetic_mean_rank": 19.767986275695687,
      "adjusted_arithmetic_mean_rank": 0.4887059976990923,
      "median_absolute_deviation": 4903.706837707278,
      "z_geometric_mean_rank": 17.60774412513873,
      "inverse_geometric_mean_rank": 0.0004214960417862254,
      "arithmetic_mean_rank": 7350.212,
      "adjusted_geometric_mean_rank_index": 0.7855350749337191,
      "variance": 67014535.643056005,
      "harmonic_mean_rank": 52.85588311532012,
      "inverse_median_rank": 0.0002871088142405972,
      "inverse_harmonic_mean_rank": 0.018919369823378336,
      "hits_at_1": 0.012,
      "hits_at_3": 0.018,
      "hits_at_5": 0.026,
      "hits_at_10": 0.03,
      "z_hits_at_k": 36.32110305982841,
      "adjusted_hits_at_k": 0.029676226293985995
    }
  },
  "tail": {
    "optimistic": {
      "inverse_arithmetic_mean_rank": 0.0003222428099573028,
      "z_inverse_harmonic_mean_rank": 1138.8589011212985,
      "geometric_mean_rank": 43.275593699587105,
      "adjusted_arithmetic_mean_rank_index": 0.8036378008167934,
      "count": 500.0,
      "standard_deviation": 7034.172872449184,
      "adjusted_inverse_harmonic_mean_rank": 0.3671754262643303,
      "median_rank": 10.5,
      "z_arithmetic_mean_rank": 31.123773149635,
      "adjusted_arithmetic_mean_rank": 0.1964130635874516,
      "median_absolute_deviation": 14.084721075803218,
      "z_geometric_mean_rank": 22.332678658737176,
      "inverse_geometric_mean_rank": 0.02310771302045802,
      "arithmetic_mean_rank": 3103.25,
      "adjusted_geometric_mean_rank_index": 0.9963671942597362,
      "variance": 49479587.9995,
      "harmonic_mean_rank": 2.721869921168945,
      "inverse_median_rank": 0.09523809523809523,
      "inverse_harmonic_mean_rank": 0.36739448576239675,
      "hits_at_1": 0.296,
      "hits_at_3": 0.42,
      "hits_at_5": 0.462,
      "hits_at_10": 0.5,
      "z_hits_at_k": 628.1741904715167,
      "adjusted_hits_at_k": 0.49984171315458553
    },
    "realistic": {
      "inverse_arithmetic_mean_rank": 0.0003222427039872855,
      "z_inverse_harmonic_mean_rank": 1138.8588743339792,
      "geometric_mean_rank": 43.275596618652344,
      "adjusted_arithmetic_mean_rank_index": 0.8036377390036061,
      "count": 500.0,
      "standard_deviation": 7034.17578125,
      "adjusted_inverse_harmonic_mean_rank": 0.36717541762792655,
      "median_rank": 10.5,
      "z_arithmetic_mean_rank": 31.123770755696317,
      "adjusted_arithmetic_mean_rank": 0.19641312539672653,
      "median_absolute_deviation": 14.084721075803218,
      "z_geometric_mean_rank": 22.33267865311483,
      "inverse_geometric_mean_rank": 0.023107711225748062,
      "arithmetic_mean_rank": 3103.2509765625,
      "adjusted_geometric_mean_rank_index": 0.9963671940088965,
      "variance": 49479632.0,
      "harmonic_mean_rank": 2.721869985130251,
      "inverse_median_rank": 0.095238097012043,
      "inverse_harmonic_mean_rank": 0.36739447712898254,
      "hits_at_1": 0.296,
      "hits_at_3": 0.42,
      "hits_at_5": 0.462,
      "hits_at_10": 0.5,
      "z_hits_at_k": 628.1741904715167,
      "adjusted_hits_at_k": 0.49984171315458553
    },
    "pessimistic": {
      "inverse_arithmetic_mean_rank": 0.00032224260227657956,
      "z_inverse_harmonic_mean_rank": 1138.8589011102958,
      "geometric_mean_rank": 43.275597344077944,
      "adjusted_arithmetic_mean_rank_index": 0.803637674223386,
      "count": 500.0,
      "standard_deviation": 7034.178742432979,
      "adjusted_inverse_harmonic_mean_rank": 0.36717542626078303,
      "median_rank": 10.5,
      "z_arithmetic_mean_rank": 31.123768246848577,
      "adjusted_arithmetic_mean_rank": 0.19641319017284664,
      "median_absolute_deviation": 14.084721075803218,
      "z_geometric_mean_rank": 22.332678651717604,
      "inverse_geometric_mean_rank": 0.023107711074422527,
      "arithmetic_mean_rank": 3103.252,
      "adjusted_geometric_mean_rank_index": 0.9963671939465596,
      "variance": 49479670.580496006,
      "harmonic_mean_rank": 2.7218699211952164,
      "inverse_median_rank": 0.09523809523809523,
      "inverse_harmonic_mean_rank": 0.3673944857588507,
      "hits_at_1": 0.296,
      "hits_at_3": 0.42,
      "hits_at_5": 0.462,
      "hits_at_10": 0.5,
      "z_hits_at_k": 628.1741904715167,
      "adjusted_hits_at_k": 0.49984171315458553
    }
  },
  "both": {
    "optimistic": {
      "inverse_arithmetic_mean_rank": 0.00019132421227038705,
      "z_inverse_harmonic_mean_rank": 834.7628699998164,
      "geometric_mean_rank": 320.4237207031588,
      "adjusted_arithmetic_mean_rank_index": 0.6610824092876779,
      "count": 1000.0,
      "standard_deviation": 7921.883348617297,
      "adjusted_inverse_harmonic_mean_rank": 0.19287067517340356,
      "median_rank": 1112.0,
      "z_arithmetic_mean_rank": 36.16636772026736,
      "adjusted_arithmetic_mean_rank": 0.3389604627947518,
      "median_absolute_deviation": 1647.1710647597238,
      "z_geometric_mean_rank": 30.783095016763713,
      "inverse_geometric_mean_rank": 0.003120867574365389,
      "arithmetic_mean_rank": 5226.73,
      "adjusted_geometric_mean_rank_index": 0.971827452887004,
      "variance": 62756235.7891,