{
  "losses": [
    1.0439742000079621,
    0.8010542506680769,
    0.7056757918759888
  ],
  "metrics": {
    "both": {
      "optimistic": {
        "adjusted_arithmetic_mean_rank": 0.3389604627947518,
        "adjusted_arithmetic_mean_rank_index": 0.6610824092876779,
        "adjusted_geometric_mean_rank_index": 0.971827452887004,
        "adjusted_hits_at_k": 0.2647609923808225,
        "adjusted_inverse_harmonic_mean_rank": 0.19287067517340356,
        "arithmetic_mean_rank": 5226.73,
        "count": 1000.0,
        "geometric_mean_rank": 320.4237207031588,
        "harmonic_mean_rank": 5.1771376315952224,
        "hits_at_1": 0.154,
        "hits_at_10": 0.265,
        "hits_at_3": 0.219,
        "hits_at_5": 0.244,
        "inverse_arithmetic_mean_rank": 0.00019132421227038705,
        "inverse_geometric_mean_rank": 0.003120867574365389,
        "inverse_harmonic_mean_rank": 0.19315692785472108,
        "inverse_median_rank": 0.0008992805755395684,
        "median_absolute_deviation": 1647.1710647597238,
        "median_rank": 1112.0,
        "standard_deviation": 7921.883348617297,
        "variance": 62756235.7891,
        "z_arithmetic_mean_rank": 36.16636772026736,
        "z_geometric_mean_rank": 30.783095016763713,
        "z_hits_at_k": 464.29284078402713,
        "z_inverse_harmonic_mean_rank": 834.7628699998164
      },
      "pessimistic": {
        "adjusted_arithmetic_mean_rank": 0.3389605924974389,
        "adjusted_arithmetic_mean_rank_index": 0.661082279576579,
        "adjusted_geometric_mean_rank_index": 0.9718274446695876,
        "adjusted_hits_at_k": 0.2647609923808225,
        "adjusted_inverse_harmonic_mean_rank": 0.19287067510977443,
        "arithmetic_mean_rank": 5226.732,
        "count": 1000.0,
        "geometric_mean_rank": 320.42381387321274,
        "harmonic_mean_rank": 5.177137633300054,
        "hits_at_1": 0.154,
        "hits_at_10": 0.265,
        "hits_at_3": 0.219,
        "hits_at_5": 0.244,
        "inverse_arithmetic_mean_rank": 0.00019132413906050664,
        "inverse_geometric_mean_rank": 0.003120866666906618,
        "inverse_harmonic_mean_rank": 0.1931569277911145,
        "inverse_median_rank": 0.0008992805755395684,
        "median_absolute_deviation": 1647.1710647597238,
        "median_rank": 1112.0,
        "standard_deviation": 7921.885534528758,
        "variance": 62756270.422175996,
        "z_arithmetic_mean_rank": 36.1663606240578,
        "z_geometric_mean_rank": 30.783094756473155,
        "z_hits_at_k": 464.29284078402713,
        "z_inverse_harmonic_mean_rank": 834.7628697244235
      },
      "realistic": {
        "adjusted_arithmetic_mean_rank": 0.33896052485951417,
        "adjusted_arithmetic_mean_rank_index": 0.6610823472188904,
        "adjusted_geometric_mean_rank_index": 0.9718274380294265,
        "adjusted_hits_at_k": 0.2647609923808225,
        "adjusted_inverse_harmonic_mean_rank": 0.19287069004913981,
        "arithmetic_mean_rank": 5226.73095703125,
        "count": 1000.0,
        "geometric_mean_rank": 320.42388916015625,
        "harmonic_mean_rank": 5.177137233025958,
        "hits_at_1": 0.154,
        "hits_at_10": 0.265,
        "hits_at_3": 0.219,
        "hits_at_5": 0.244,
        "inverse_arithmetic_mean_rank": 0.00019132417219225317,
        "inverse_geometric_mean_rank": 0.0031208659056574106,
        "inverse_harmonic_mean_rank": 0.19315694272518158,
        "inverse_median_rank": 0.0008992805960588157,
        "median_absolute_deviation": 1647.1710647597238,
        "median_rank": 1112.0,
        "standard_deviation": 7921.884765625,
        "variance": 62756256.0,
        "z_arithmetic_mean_rank": 36.166364324620204,
        "z_geometric_mean_rank": 30.783094546142905,
        "z_hits_at_k": 464.29284078402713,
        "z_inverse_harmonic_mean_rank": 834.7629343834366
      }
    },
    "head": {
      "optimistic": {
        "adjusted_arithmetic_mean_rank": 0.4887058647217039,
        "adjusted_arithmetic_mean_rank_index": 0.5113281328181358,
        "adjusted_geometric_mean_rank_index": 0.7855351816378378,
        "adjusted_hits_at_k": 0.029676226293985995,
        "adjusted_inverse_harmonic_mean_rank": 0.018562961989287325,
        "arithmetic_mean_rank": 7350.21,
        "count": 500.0,
        "geometric_mean_rank": 2372.5003405380367,
        "harmonic_mean_rank": 52.85588276982611,
        "hits_at_1": 0.012,
        "hits_at_10": 0.03,
        "hits_at_3": 0.018,
        "hits_at_5": 0.026,
        "inverse_arithmetic_mean_rank": 0.00013605053461057575,
        "inverse_geometric_mean_rank": 0.00042149625140758447,
        "inverse_harmonic_mean_rank": 0.018919369947045347,
        "inverse_median_rank": 0.0002871088142405972,
        "median_absolute_deviation": 4903.706837707278,
        "median_rank": 3483.0,
        "standard_deviation": 8186.241442682961,
        "variance": 67014548.9579,
        "z_arithmetic_mean_rank": 19.76799141695527,
        "z_geometric_mean_rank": 17.60774651690821,
        "z_hits_at_k": 36.32110305982841,
        "z_inverse_harmonic_mean_rank": 56.074609584310245
      },
      "pessimistic": {
        "adjusted_arithmetic_mean_rank": 0.4887059976990923,
        "adjusted_arithmetic_mean_rank_index": 0.5113279998319055,
        "adjusted_geometric_mean_rank_index": 0.7855350749337191,
        "adjusted_hits_at_k": 0.029676226293985995,
        "adjusted_inverse_harmonic_mean_rank": 0.01856296186557539,
        "arithmetic_mean_rank": 7350.212,
        "count": 500.0,
        "geometric_mean_rank": 2372.501520446497,
        "harmonic_mean_rank": 52.85588311532012,
        "hits_at_1": 0.012,
        "hits_at_10": 0.03,
        "hits_at_3": 0.018,
        "hits_at_5": 0.026,
        "inverse_arithmetic_mean_rank": 0.0001360504975910899,
        "inverse_geometric_mean_rank": 0.0004214960417862254,
        "inverse_harmonic_mean_rank": 0.018919369823378336,
        "inverse_median_rank": 0.0002871088142405972,
        "median_absolute_deviation": 4903.706837707278,
        "median_rank": 3483.0,
        "standard_deviation": 8186.240629437667,
        "variance": 67014535.643056005,
        "z_arithmetic_mean_rank": 19.767986275695687,
        "z_geometric_mean_rank": 17.60774412513873,
        "z_hits_at_k": 36.32110305982841,
        "z_inverse_harmonic_mean_rank": 56.074609210603796
      },
      "realistic": {
        "adjusted_arithmetic_mean_rank": 0.48870592705485466,
        "adjusted_arithmetic_mean_rank_index": 0.5113280704808404,
        "adjusted_geometric_mean_rank_index": 0.7855351241194521,
        "adjusted_hits_at_k": 0.029676226293985995,
        "adjusted_inverse_harmonic_mean_rank": 0.018562964974448818,
        "arithmetic_mean_rank": 7350.2109375,
        "count": 500.0,
        "geometric_mean_rank": 2372.5009765625,
        "harmonic_mean_rank": 52.85587443307797,
        "hits_at_1": 0.012,
        "hits_at_10": 0.03,
        "hits_at_3": 0.018,
        "hits_at_5": 0.026,
        "inverse_arithmetic_mean_rank": 0.00013605051208287477,
        "inverse_geometric_mean_rank": 0.0004214961372781545,
        "inverse_harmonic_mean_rank": 0.01891937293112278,
        "inverse_median_rank": 0.0002871088217943907,
        "median_absolute_deviation": 4903.706837707278,
        "median_rank": 3483.0,
        "standard_deviation": 8186.24072265625,
        "variance": 67014540.0,
        "z_arithmetic_mean_rank": 19.767989006989843,
        "z_geometric_mean_rank": 17.607745227635398,
        "z_hits_at_k": 36.32110305982841,
        "z_inverse_harmonic_mean_rank": 56.07461860182401
      }
    },
    "tail": {
      "optimistic": {
        "adjusted_arithmetic_mean_rank": 0.1964130635874516,
        "adjusted_arithmetic_mean_rank_index": 0.8036378008167934,
        "adjusted_geometric_mean_rank_index": 0.9963671942597362,
        "adjusted_hits_at_k": 0.49984171315458553,
        "adjusted_inverse_harmonic_mean_rank": 0.3671754262643303,
        "arithmetic_mean_rank": 3103.25,