{
  "losses": [
    1.0405453133816813,
    0.7733041819404153,
    0.7029317614494586
  ],
  "metrics": {
    "both": {
      "optimistic": {
        "adjusted_arithmetic_mean_rank": 0.3191514323098682,
        "adjusted_arithmetic_mean_rank_index": 0.680892530999897,
        "adjusted_geometric_mean_rank_index": 0.9691420708451096,
        "adjusted_hits_at_k": 0.24075433781191194,
        "adjusted_inverse_harmonic_mean_rank": 0.19153927393394624,
        "arithmetic_mean_rank": 4942.936,
        "count": 1000.0,
        "geometric_mean_rank": 352.45931666756644,
        "harmonic_mean_rank": 5.213090571125005,
        "hits_at_1": 0.163,
        "hits_at_10": 0.241,
        "hits_at_3": 0.211,
        "hits_at_5": 0.228,
        "inverse_arithmetic_mean_rank": 0.00020230891114107082,
        "inverse_geometric_mean_rank": 0.0028372068851940232,
        "inverse_harmonic_mean_rank": 0.19182478922176027,
        "inverse_median_rank": 0.0009775171065493646,
        "median_absolute_deviation": 1515.219467312725,
        "median_rank": 1023.0,
        "standard_deviation": 7873.731652647555,
        "variance": 61995650.137903996,
        "z_arithmetic_mean_rank": 37.25529858989432,
        "z_geometric_mean_rank": 30.697929319082185,
        "z_hits_at_k": 423.18086414373107,
        "z_inverse_harmonic_mean_rank": 830.9347825127282
      },
      "pessimistic": {
        "adjusted_arithmetic_mean_rank": 0.31915156144422574,
        "adjusted_arithmetic_mean_rank_index": 0.6808924018572011,
        "adjusted_geometric_mean_rank_index": 0.9691420377414728,
        "adjusted_hits_at_k": 0.24075433781191194,
        "adjusted_inverse_harmonic_mean_rank": 0.191539272925928,
        "arithmetic_mean_rank": 4942.938,
        "count": 1000.0,
        "geometric_mean_rank": 352.459693704584,
        "harmonic_mean_rank": 5.21309059850955,
        "hits_at_1": 0.163,
        "hits_at_10": 0.241,
        "hits_at_3": 0.211,
        "hits_at_5": 0.228,
        "inverse_arithmetic_mean_rank": 0.00020230882928331287,
        "inverse_geometric_mean_rank": 0.0028372038501462108,
        "inverse_harmonic_mean_rank": 0.19182478821409804,
        "inverse_median_rank": 0.0009775171065493646,
        "median_absolute_deviation": 1515.219467312725,
        "median_rank": 1023.0,
        "standard_deviation": 7873.732385352959,
        "variance": 61995661.67615599,
        "z_arithmetic_mean_rank": 37.255291523801695,
        "z_geometric_mean_rank": 30.69792827051239,
        "z_hits_at_k": 423.18086414373107,
        "z_inverse_harmonic_mean_rank": 830.9347781397483
      },
      "realistic": {
        "adjusted_arithmetic_mean_rank": 0.3191514976336936,
        "adjusted_arithmetic_mean_rank_index": 0.6808924656718536,
        "adjusted_geometric_mean_rank_index": 0.9691420651876698,
        "adjusted_hits_at_k": 0.24075433781191194,
        "adjusted_inverse_harmonic_mean_rank": 0.19153924871657063,
        "arithmetic_mean_rank": 4942.93701171875,
        "count": 1000.0,
        "geometric_mean_rank": 352.4593811035156,
        "harmonic_mean_rank": 5.2130913734436035,
        "hits_at_1": 0.163,
        "hits_at_10": 0.241,
        "hits_at_3": 0.211,
        "hits_at_5": 0.228,
        "inverse_arithmetic_mean_rank": 0.00020230887457728386,
        "inverse_geometric_mean_rank": 0.002837206469848752,
        "inverse_harmonic_mean_rank": 0.1918247640132904,
        "inverse_median_rank": 0.0009775171056389809,
        "median_absolute_deviation": 1515.219482421875,
        "median_rank": 1023.0,
        "standard_deviation": 7873.73193359375,
        "variance": 61995656.0,
        "z_arithmetic_mean_rank": 37.25529501544513,
        "z_geometric_mean_rank": 30.69792913988071,
        "z_hits_at_k": 423.18086414373107,
        "z_inverse_harmonic_mean_rank": 830.9346731148273
      }
    },
    "head": {
      "optimistic": {
        "adjusted_arithmetic_mean_rank": 0.43435065826371044,
        "adjusted_arithmetic_mean_rank_index": 0.5656866181601407,
        "adjusted_geometric_mean_rank_index": 0.8420066108050517,
        "adjusted_hits_at_k": 0.04168312603572452,
        "adjusted_inverse_harmonic_mean_rank": 0.02971149037555341,
        "arithmetic_mean_rank": 6591.468,
        "count": 500.0,
        "geometric_mean_rank": 1763.904616085081,
        "harmonic_mean_rank": 33.2657433517031,
        "hits_at_1": 0.022,
        "hits_at_10": 0.042,
        "hits_at_3": 0.03,
        "hits_at_5": 0.036,
        "inverse_arithmetic_mean_rank": 0.00015171127281509976,
        "inverse_geometric_mean_rank": 0.000566924079046554,
        "inverse_harmonic_mean_rank": 0.030060954581037587,
        "inverse_median_rank": 0.0004452359750667854,
        "median_absolute_deviation": 3107.5342499877415,
        "median_rank": 2246.0,
        "standard_deviation": 8313.240887221782,
        "variance": 69109974.048976,
        "z_arithmetic_mean_rank": 21.87161459847552,
        "z_geometric_mean_rank": 18.873424399844307,
        "z_hits_at_k": 51.248956452195266,
        "z_inverse_harmonic_mean_rank": 90.16012645480421
      },
      "pessimistic": {
        "adjusted_arithmetic_mean_rank": 0.43435065826371044,
        "adjusted_arithmetic_mean_rank_index": 0.5656866181601407,
        "adjusted_geometric_mean_rank_index": 0.8420066108050517,
        "adjusted_hits_at_k": 0.04168312603572452,
        "adjusted_inverse_harmonic_mean_rank": 0.02971149037555341,
        "arithmetic_mean_rank": 6591.468,
        "count": 500.0,
        "geometric_mean_rank": 1763.904616085081,
        "harmonic_mean_rank": 33.2657433517031,
        "hits_at_1": 0.022,
        "hits_at_10": 0.042,
        "hits_at_3": 0.03,
        "hits_at_5": 0.036,
        "inverse_arithmetic_mean_rank": 0.00015171127281509976,
        "inverse_geometric_mean_rank": 0.000566924079046554,
        "inverse_harmonic_mean_rank": 0.030060954581037587,
        "inverse_median_rank": 0.0004452359750667854,
        "median_absolute_deviation": 3107.5342499877415,
        "median_rank": 2246.0,
        "standard_deviation": 8313.240887221782,
        "variance": 69109974.048976,
        "z_arithmetic_mean_rank": 21.87161459847552,
        "z_geometric_mean_rank": 18.873424399844307,
        "z_hits_at_k": 51.248956452195266,
        "z_inverse_harmonic_mean_rank": 90.16012645480421
      },
      "realistic": {
        "adjusted_arithmetic_mean_rank": 0.4343506433341726,
        "adjusted_arithmetic_mean_rank_index": 0.5656866330906624,
        "adjusted_geometric_mean_rank_index": 0.8420066175328562,
        "adjusted_hits_at_k": 0.04168312603572452,
        "adjusted_inverse_harmonic_mean_rank": 0.02971149018640403,
        "arithmetic_mean_rank": 6591.4677734375,
        "count": 500.0,
        "geometric_mean_rank": 1763.904541015625,
        "harmonic_mean_rank": 33.265743255615234,
        "hits_at_1": 0.022,
        "hits_at_10": 0.042,
        "hits_at_3": 0.03,
        "hits_at_5": 0.036,
        "inverse_arithmetic_mean_rank": 0.00015171128325164318,
        "inverse_geometric_mean_rank": 0.0005669241072610021,
        "inverse_harmonic_mean_rank": 0.03006095439195633,
        "inverse_median_rank": 0.0004452359862625599,
        "median_absolute_deviation": 3107.534423828125,
        "median_rank": 2246.0,
        "standard_deviation": 8313.2412109375,
        "variance": 69109976.0,
        "z_arithmetic_mean_rank": 21.87161517574676,
        "z_geometric_mean_rank": 18.873424550646817,
        "z_hits_at_k": 51.248956452195266,
        "z_inverse_harmonic_mean_rank": 90.16012588082654
      }
    },
    "tail": {
      "optimistic": {
        "adjusted_arithmetic_mean_rank": 0.20850609400471656,
        "adjusted_arithmetic_mean_rank_index": 0.791544003599713,
        "adjusted_geometric_mean_rank_index": 0.9940341420594676,
        "adjusted_hits_at_k": 0.43982272351462276,
        "adjusted_inverse_harmonic_mean_rank": 0.3533647891372477,
        "arithmetic_mean_rank": 3294.404,