{
  "losses": [
    1.0220287044843037,
    0.8936952843385584,
    0.7986395429162418
  ],
  "metrics": {
    "both": {
      "optimistic": {
        "adjusted_arithmetic_mean_rank": 0.5905320421711303,
        "adjusted_arithmetic_mean_rank_index": 0.4095526144080027,
        "adjusted_geometric_mean_rank_index": 0.8349691284656927,
        "adjusted_hits_at_k": 0.11408424549238443,
        "adjusted_inverse_harmonic_mean_rank": 0.040764896820331485,
        "arithmetic_mean_rank": 2856.883,
        "count": 1000.0,
        "geometric_mean_rank": 588.8083248764399,
        "harmonic_mean_rank": 23.962373218924043,
        "hits_at_1": 0.01,
        "hits_at_10": 0.115,
        "hits_at_3": 0.038,
        "hits_at_5": 0.058,
        "inverse_arithmetic_mean_rank": 0.00035003183539542926,
        "inverse_geometric_mean_rank": 0.0016983455527906264,
        "inverse_harmonic_mean_rank": 0.04173209351443788,
        "inverse_median_rank": 0.0005169294391315585,
        "median_absolute_deviation": 2844.3723562029973,
        "median_rank": 1934.5,
        "standard_deviation": 2949.5585705849276,
        "variance": 8699895.761311,
        "z_arithmetic_mean_rank": 22.4292783480063,
        "z_geometric_mean_rank": 26.48441094077683,
        "z_hits_at_k": 112.15219769417365,
        "z_inverse_harmonic_mean_rank": 99.05963122545353
      },
      "pessimistic": {
        "adjusted_arithmetic_mean_rank": 0.5905322488761449,
        "adjusted_arithmetic_mean_rank_index": 0.40955240766025225,
        "adjusted_geometric_mean_rank_index": 0.8349690949848533,
        "adjusted_hits_at_k": 0.11408424549238443,
        "adjusted_inverse_harmonic_mean_rank": 0.04076489677927101,
        "arithmetic_mean_rank": 2856.884,
        "count": 1000.0,
        "geometric_mean_rank": 588.8084441287709,
        "harmonic_mean_rank": 23.962373242477007,
        "hits_at_1": 0.01,
        "hits_at_10": 0.115,
        "hits_at_3": 0.038,
        "hits_at_5": 0.058,
        "inverse_arithmetic_mean_rank": 0.0003500317128731863,
        "inverse_geometric_mean_rank": 0.0016983452088219417,
        "inverse_harmonic_mean_rank": 0.0417320934734188,
        "inverse_median_rank": 0.0005169294391315585,
        "median_absolute_deviation": 2844.3723562029973,
        "median_rank": 1934.5,
        "standard_deviation": 2949.5592759841256,
        "variance": 8699899.922544,
        "z_arithmetic_mean_rank": 22.429267025400414,
        "z_geometric_mean_rank": 26.484409878797077,
        "z_hits_at_k": 112.15219769417365,
        "z_inverse_harmonic_mean_rank": 99.05963112567562
      },
      "realistic": {
        "adjusted_arithmetic_mean_rank": 0.5905321548092144,
        "adjusted_arithmetic_mean_rank_index": 0.4095525017466308,
        "adjusted_geometric_mean_rank_index": 0.8349691729297741,
        "adjusted_hits_at_k": 0.11408424549238443,
        "adjusted_inverse_harmonic_mean_rank": 0.040764898489518635,
        "arithmetic_mean_rank": 2856.883544921875,
        "count": 1000.0,
        "geometric_mean_rank": 588.8081665039062,
        "harmonic_mean_rank": 23.96237226145101,
        "hits_at_1": 0.01,
        "hits_at_10": 0.115,
        "hits_at_3": 0.038,
        "hits_at_5": 0.058,
        "inverse_arithmetic_mean_rank": 0.00035003176890313625,
        "inverse_geometric_mean_rank": 0.0016983459936454892,
        "inverse_harmonic_mean_rank": 0.041732095181941986,
        "inverse_median_rank": 0.0005169294308871031,
        "median_absolute_deviation": 2844.3723562029973,
        "median_rank": 1934.5,
        "standard_deviation": 2949.558837890625,
        "variance": 8699898.0,
        "z_arithmetic_mean_rank": 22.42927217807067,
        "z_geometric_mean_rank": 26.48441235113437,
        "z_hits_at_k": 112.15219769417365,
        "z_inverse_harmonic_mean_rank": 99.05963528161647
      }
    },
    "head": {
      "optimistic": {
        "adjusted_arithmetic_mean_rank": 0.749745046016085,
        "adjusted_arithmetic_mean_rank_index": 0.2503068375005183,
        "adjusted_geometric_mean_rank_index": 0.4759975766272142,
        "adjusted_hits_at_k": 0.014978938472599037,
        "adjusted_inverse_harmonic_mean_rank": 0.004450627585671473,
        "arithmetic_mean_rank": 3617.07,
        "count": 500.0,
        "geometric_mean_rank": 1863.1172939101778,
        "harmonic_mean_rank": 183.25182006229477,
        "hits_at_1": 0.0,
        "hits_at_10": 0.016,
        "hits_at_3": 0.002,
        "hits_at_5": 0.006,
        "inverse_arithmetic_mean_rank": 0.0002764668640640076,
        "inverse_geometric_mean_rank": 0.0005367348600480603,
        "inverse_harmonic_mean_rank": 0.005456971721536295,
        "inverse_median_rank": 0.0003180661577608143,
        "median_absolute_deviation": 3402.5720914703566,
        "median_rank": 3144.0,
        "standard_deviation": 2859.216101853793,
        "variance": 8175116.7171,
        "z_arithmetic_mean_rank": 9.692957266678341,
        "z_geometric_mean_rank": 10.683878620340378,
        "z_hits_at_k": 10.39770879733607,
        "z_inverse_harmonic_mean_rank": 7.636750856807156
      },
      "pessimistic": {
        "adjusted_arithmetic_mean_rank": 0.749745046016085,
        "adjusted_arithmetic_mean_rank_index": 0.2503068375005183,
        "adjusted_geometric_mean_rank_index": 0.4759975766272142,
        "adjusted_hits_at_k": 0.014978938472599037,
        "adjusted_inverse_harmonic_mean_rank": 0.004450627585671473,
        "arithmetic_mean_rank": 3617.07,
        "count": 500.0,
        "geometric_mean_rank": 1863.1172939101778,
        "harmonic_mean_rank": 183.25182006229477,
        "hits_at_1": 0.0,
        "hits_at_10": 0.016,
        "hits_at_3": 0.002,
        "hits_at_5": 0.006,
        "inverse_arithmetic_mean_rank": 0.0002764668640640076,
        "inverse_geometric_mean_rank": 0.0005367348600480603,
        "inverse_harmonic_mean_rank": 0.005456971721536295,
        "inverse_median_rank": 0.0003180661577608143,
        "median_absolute_deviation": 3402.5720914703566,
        "median_rank": 3144.0,
        "standard_deviation": 2859.216101853793,
        "variance": 8175116.7171,
        "z_arithmetic_mean_rank": 9.692957266678341,
        "z_geometric_mean_rank": 10.683878620340378,
        "z_hits_at_k": 10.39770879733607,
        "z_inverse_harmonic_mean_rank": 7.636750856807156
      },
      "realistic": {
        "adjusted_arithmetic_mean_rank": 0.7497450601855931,
        "adjusted_arithmetic_mean_rank_index": 0.25030682332807264,
        "adjusted_geometric_mean_rank_index": 0.4759975378696728,
        "adjusted_hits_at_k": 0.014978938472599037,
        "adjusted_inverse_harmonic_mean_rank": 0.004450627334147507,
        "arithmetic_mean_rank": 3617.070068359375,
        "count": 500.0,
        "geometric_mean_rank": 1863.117431640625,
        "harmonic_mean_rank": 183.25182850024112,
        "hits_at_1": 0.0,
        "hits_at_10": 0.016,
        "hits_at_3": 0.002,
        "hits_at_5": 0.006,
        "inverse_arithmetic_mean_rank": 0.0002764668606687337,
        "inverse_geometric_mean_rank": 0.000536734820343554,
        "inverse_harmonic_mean_rank": 0.005456971470266581,
        "inverse_median_rank": 0.0003180661587975919,
        "median_absolute_deviation": 3402.5720914703566,
        "median_rank": 3144.0,
        "standard_deviation": 2859.216064453125,
        "variance": 8175116.5,
        "z_arithmetic_mean_rank": 9.692956717860291,
        "z_geometric_mean_rank": 10.683877750418159,
        "z_hits_at_k": 10.39770879733607,
        "z_inverse_harmonic_mean_rank": 7.636750425221763
      }
    },
    "tail": {
      "optimistic": {
        "adjusted_arithmetic_mean_rank": 0.43219937896085603,
        "adjusted_arithmetic_mean_rank_index": 0.5679176879253411,
        "adjusted_geometric_mean_rank_index": 0.9482072637303788,
        "adjusted_hits_at_k": 0.2131889756658773,
        "adjusted_inverse_harmonic_mean_rank": 0.0770789811685157,
        "arithmetic_mean_rank": 2096.696,