{
  "head": {
    "optimistic": {
      "inverse_arithmetic_mean_rank": 0.00012867085069960914,
      "z_inverse_harmonic_mean_rank": 220.6274624355978,
      "geometric_mean_rank": 2262.9941062819307,
      "adjusted_arithmetic_mean_rank_index": 0.4832974281593423,
      "count": 500.0,
      "standard_deviation": 7515.462941042021,
      "adjusted_inverse_harmonic_mean_rank": 0.07303660657373252,
      "median_rank": 5471.0,
      "z_arithmetic_mean_rank": 18.684321863996562,
      "adjusted_arithmetic_mean_rank": 0.5167347056555482,
      "median_absolute_deviation": 6915.59804821938,
      "z_geometric_mean_rank": 17.829724473471927,
      "inverse_geometric_mean_rank": 0.00044189244559853793,
      "arithmetic_mean_rank": 7771.768,
      "adjusted_geometric_mean_rank_index": 0.7954382941265048,
      "variance": 56482183.21817599,
      "harmonic_mean_rank": 13.628948408479477,
      "inverse_median_rank": 0.00018278194114421494,
      "inverse_harmonic_mean_rank": 0.07337323247755735,
      "hits_at_1": 0.066,
      "hits_at_3": 0.074,
      "hits_at_5": 0.08,
      "hits_at_10": 0.086,
      "z_hits_at_k": 104.88307817520493,
      "adjusted_hits_at_k": 0.08569491838423009
    },
    "realistic": {
      "inverse_arithmetic_mean_rank": 0.00012867082841694355,
      "z_inverse_harmonic_mean_rank": 220.62744984640352,
      "geometric_mean_rank": 2262.99609375,
      "adjusted_arithmetic_mean_rank_index": 0.4832973588091011,
      "count": 500.0,
      "standard_deviation": 7515.4619140625,
      "adjusted_inverse_harmonic_mean_rank": 0.07303660240620044,
      "median_rank": 5471.0,
      "z_arithmetic_mean_rank": 18.684319182910023,
      "adjusted_arithmetic_mean_rank": 0.5167347750011785,
      "median_absolute_deviation": 6915.59804821938,
      "z_geometric_mean_rank": 17.82972044471408,
      "inverse_geometric_mean_rank": 0.00044189204345457256,
      "arithmetic_mean_rank": 7771.76904296875,
      "adjusted_geometric_mean_rank_index": 0.7954381143913509,
      "variance": 56482168.0,
      "harmonic_mean_rank": 13.628949182310134,
      "inverse_median_rank": 0.00018278193601872772,
      "inverse_harmonic_mean_rank": 0.0733732283115387,
      "hits_at_1": 0.066,
      "hits_at_3": 0.074,
      "hits_at_5": 0.08,
      "hits_at_10": 0.086,
      "z_hits_at_k": 104.88307817520493,
      "adjusted_hits_at_k": 0.08569491838423009
    },
    "pessimistic": {
      "inverse_arithmetic_mean_rank": 0.00012867081758724202,
      "z_inverse_harmonic_mean_rank": 220.62745967826018,
      "geometric_mean_rank": 2262.9971633514638,
      "adjusted_arithmetic_mean_rank_index": 0.48329729517311193,
      "count": 500.0,
      "standard_deviation": 7515.461266821884,
      "adjusted_inverse_harmonic_mean_rank": 0.07303660566094235,
      "median_rank": 5471.0,
      "z_arithmetic_mean_rank": 18.68431672273698,
      "adjusted_arithmetic_mean_rank": 0.5167348386329366,
      "median_absolute_deviation": 6915.59804821938,
      "z_geometric_mean_rank": 17.829718276545766,
      "inverse_geometric_mean_rank": 0.00044189184864863707,
      "arithmetic_mean_rank": 7771.77,
      "adjusted_geometric_mean_rank_index": 0.7954380176627611,
      "variance": 56482158.0531,
      "harmonic_mean_rank": 13.628948577967074,
      "inverse_median_rank": 0.00018278194114421494,
      "inverse_harmonic_mean_rank": 0.07337323156509865,
      "hits_at_1": 0.066,
      "hits_at_3": 0.074,
      "hits_at_5": 0.08,
      "hits_at_10": 0.086,
      "z_hits_at_k": 104.88307817520493,
      "adjusted_hits_at_k": 0.08569491838423009
    }
  },
  "tail": {
    "optimistic": {
      "inverse_arithmetic_mean_rank": 0.00039472333841210697,
      "z_inverse_harmonic_mean_rank": 347.1307282040413,
      "geometric_mean_rank": 183.53616586828147,
      "adjusted_arithmetic_mean_rank_index": 0.8397061615100214,
      "count": 500.0,
      "standard_deviation": 5046.550182015434,
      "adjusted_inverse_harmonic_mean_rank": 0.11191717689722029,
      "median_rank": 135.5,
      "z_arithmetic_mean_rank": 32.520650542602674,
      "adjusted_arithmetic_mean_rank": 0.16034698575806708,
      "median_absolute_deviation": 199.40999838900345,
      "z_geometric_mean_rank": 22.062525864953848,
      "inverse_geometric_mean_rank": 0.005448517436708745,
      "arithmetic_mean_rank": 2533.42,
      "adjusted_geometric_mean_rank_index": 0.9843143910435838,
      "variance": 25467668.739600006,
      "harmonic_mean_rank": 8.91070252855409,
      "inverse_median_rank": 0.007380073800738007,
      "inverse_harmonic_mean_rank": 0.11222459697151024,
      "hits_at_1": 0.082,
      "hits_at_3": 0.108,
      "hits_at_5": 0.116,
      "hits_at_10": 0.168,
      "z_hits_at_k": 210.80235374344647,
      "adjusted_hits_at_k": 0.16773661068923038
    },
    "realistic": {
      "inverse_arithmetic_mean_rank": 0.00039472320349887013,
      "z_inverse_harmonic_mean_rank": 347.130718235134,
      "geometric_mean_rank": 183.53610229492188,
      "adjusted_arithmetic_mean_rank_index": 0.8397061046418892,
      "count": 500.0,
      "standard_deviation": 5046.55126953125,
      "adjusted_inverse_harmonic_mean_rank": 0.11191717368318052,
      "median_rank": 135.5,
      "z_arithmetic_mean_rank": 32.520648340179086,
      "adjusted_arithmetic_mean_rank": 0.1603470426226,
      "median_absolute_deviation": 199.40999838900345,
      "z_geometric_mean_rank": 22.06252598740109,
      "inverse_geometric_mean_rank": 0.005448519252240658,
      "arithmetic_mean_rank": 2533.4208984375,
      "adjusted_geometric_mean_rank_index": 0.9843143965065387,
      "variance": 25467682.0,
      "harmonic_mean_rank": 8.910702783662506,
      "inverse_median_rank": 0.007380073890089989,
      "inverse_harmonic_mean_rank": 0.11222459375858305,
      "hits_at_1": 0.082,
      "hits_at_3": 0.108,
      "hits_at_5": 0.116,
      "hits_at_10": 0.168,
      "z_hits_at_k": 210.80235374344647,
      "adjusted_hits_at_k": 0.16773661068923038
    },
    "pessimistic": {
      "inverse_arithmetic_mean_rank": 0.00039472302679932516,
      "z_inverse_harmonic_mean_rank": 347.13072812737056,
      "geometric_mean_rank": 183.53620666996812,
      "adjusted_arithmetic_mean_rank_index": 0.8397060349166139,
      "count": 500.0,
      "standard_deviation": 5046.552743399795,
      "adjusted_inverse_harmonic_mean_rank": 0.11191717687250115,
      "median_rank": 135.5,
      "z_arithmetic_mean_rank": 32.52064563981626,
      "adjusted_arithmetic_mean_rank": 0.1603471123434621,
      "median_absolute_deviation": 199.40999838900345,
      "z_geometric_mean_rank": 22.062525786366617,
      "inverse_geometric_mean_rank": 0.005448516225456179,
      "arithmetic_mean_rank": 2533.422,
      "adjusted_geometric_mean_rank_index": 0.984314387537433,
      "variance": 25467694.591916,
      "harmonic_mean_rank": 8.910702530516126,
      "inverse_median_rank": 0.007380073800738007,
      "inverse_harmonic_mean_rank": 0.11222459694679966,
      "hits_at_1": 0.082,
      "hits_at_3": 0.108,
      "hits_at_5": 0.116,
      "hits_at_10": 0.168,
      "z_hits_at_k": 210.80235374344647,
      "adjusted_hits_at_k": 0.16773661068923038
    }
  },
  "both": {
    "optimistic": {
      "inverse_arithmetic_mean_rank": 0.0001940770027679262,
      "z_inverse_harmonic_mean_rank": 400.2496147784243,
      "geometric_mean_rank": 644.4697523154242,
      "adjusted_arithmetic_mean_rank_index": 0.665890540305746,
      "count": 1000.0,
      "standard_deviation": 6916.285015900082,
      "adjusted_inverse_harmonic_mean_rank": 0.09247705691584769,
      "median_rank": 1915.0,
      "z_arithmetic_mean_rank": 36.429410015756716,
      "adjusted_arithmetic_mean_rank": 0.3341526435904402,
      "median_absolute_deviation": 2831.7702373456996,
      "z_geometric_mean_rank": 29.877802820536704,
      "inverse_geometric_mean_rank": 0.0015516632028225396,
      "arithmetic_mean_rank": 5152.594,
      "adjusted_geometric_mean_rank_index": 0.9432472269968307,
      "variance": 47834998.421164,