{
  "head": {
    "optimistic": {
      "adjusted_inverse_harmonic_mean_rank": 0.08823813099944587,
      "inverse_median_rank": 0.00016873365392727579,
      "arithmetic_mean_rank": 8100.548,
      "median_rank": 5926.5,
      "inverse_harmonic_mean_rank": 0.0885665159426669,
      "inverse_arithmetic_mean_rank": 0.0001234484383031864,
      "variance": 60170881.347696,
      "harmonic_mean_rank": 11.290948834967665,
      "adjusted_arithmetic_mean_rank_index": 0.4662378933856792,
      "count": 500.0,
      "standard_deviation": 7756.98919347552,
      "adjusted_arithmetic_mean_rank": 0.5337928297758228,
      "z_geometric_mean_rank": 18.159066496769718,
      "z_inverse_harmonic_mean_rank": 267.7604168786985,
      "inverse_geometric_mean_rank": 0.0004718067581436263,
      "adjusted_geometric_mean_rank_index": 0.8101367145887295,
      "geometric_mean_rank": 2119.511818640763,
      "z_arithmetic_mean_rank": 18.026545419269425,
      "median_absolute_deviation": 7587.958154311671,
      "hits_at_1": 0.08,
      "hits_at_3": 0.09,
      "hits_at_5": 0.096,
      "hits_at_10": 0.106,
      "z_hits_at_k": 129.96229721709332,
      "adjusted_hits_at_k": 0.10570429506882853
    },
    "realistic": {
      "adjusted_inverse_harmonic_mean_rank": 0.08823813437800694,
      "inverse_median_rank": 0.00016873364802449942,
      "arithmetic_mean_rank": 8100.55078125,
      "median_rank": 5926.5,
      "inverse_harmonic_mean_rank": 0.08856651932001114,
      "inverse_arithmetic_mean_rank": 0.00012344839342404157,
      "variance": 60170868.0,
      "harmonic_mean_rank": 11.290948867797852,
      "adjusted_arithmetic_mean_rank_index": 0.46623771010065407,
      "count": 500.0,
      "standard_deviation": 7756.98828125,
      "adjusted_arithmetic_mean_rank": 0.5337930130487702,
      "z_geometric_mean_rank": 18.15906522611604,
      "z_inverse_harmonic_mean_rank": 267.76042713101134,
      "inverse_geometric_mean_rank": 0.0004718066193163395,
      "adjusted_geometric_mean_rank_index": 0.8101366579006176,
      "geometric_mean_rank": 2119.512451171875,
      "z_arithmetic_mean_rank": 18.02653833276728,
      "median_absolute_deviation": 7587.95849609375,
      "hits_at_1": 0.08,
      "hits_at_3": 0.09,
      "hits_at_5": 0.096,
      "hits_at_10": 0.106,
      "z_hits_at_k": 129.96229721709332,
      "adjusted_hits_at_k": 0.10570429506882853
    },
    "pessimistic": {
      "adjusted_inverse_harmonic_mean_rank": 0.08823813079260709,
      "inverse_median_rank": 0.00016873365392727579,
      "arithmetic_mean_rank": 8100.554,
      "median_rank": 5926.5,
      "inverse_harmonic_mean_rank": 0.08856651573590262,
      "inverse_arithmetic_mean_rank": 0.00012344834686615262,
      "variance": 60170850.319083996,
      "harmonic_mean_rank": 11.290948861327118,
      "adjusted_arithmetic_mean_rank_index": 0.4662374979842766,
      "count": 500.0,
      "standard_deviation": 7756.987193433028,
      "adjusted_arithmetic_mean_rank": 0.5337932251511701,
      "z_geometric_mean_rank": 18.159061789043275,
      "z_inverse_harmonic_mean_rank": 267.760416251042,
      "inverse_geometric_mean_rank": 0.0004718062364761654,
      "adjusted_geometric_mean_rank_index": 0.8101365045613014,
      "geometric_mean_rank": 2119.514162145921,
      "z_arithmetic_mean_rank": 18.02653013153446,
      "median_absolute_deviation": 7587.958154311671,
      "hits_at_1": 0.08,
      "hits_at_3": 0.09,
      "hits_at_5": 0.096,
      "hits_at_10": 0.106,
      "z_hits_at_k": 129.96229721709332,
      "adjusted_hits_at_k": 0.10570429506882853
    }
  },
  "tail": {
    "optimistic": {
      "adjusted_inverse_harmonic_mean_rank": 0.13430450701212665,
      "inverse_median_rank": 0.003861003861003861,
      "arithmetic_mean_rank": 3191.904,
      "median_rank": 259.0,
      "inverse_harmonic_mean_rank": 0.13460417011360198,
      "inverse_arithmetic_mean_rank": 0.00031329263035479766,
      "variance": 33706284.09878401,
      "harmonic_mean_rank": 7.429190337535823,
      "adjusted_arithmetic_mean_rank_index": 0.7980317407953409,
      "count": 500.0,
      "standard_deviation": 5805.71133443474,
      "adjusted_arithmetic_mean_rank": 0.2020187674244054,
      "z_geometric_mean_rank": 21.965071821094156,
      "z_inverse_harmonic_mean_rank": 416.57456290291026,
      "inverse_geometric_mean_rank": 0.004270960017900109,
      "adjusted_geometric_mean_rank_index": 0.9799665190050088,
      "geometric_mean_rank": 234.13939625022928,
      "z_arithmetic_mean_rank": 30.906658274021368,
      "median_absolute_deviation": 382.51137237444533,
      "hits_at_1": 0.11,
      "hits_at_3": 0.13,
      "hits_at_5": 0.15,
      "hits_at_10": 0.174,
      "z_hits_at_k": 218.3481717010412,
      "adjusted_hits_at_k": 0.1737385171840685
    },
    "realistic": {
      "adjusted_inverse_harmonic_mean_rank": 0.13430450781726802,
      "inverse_median_rank": 0.0038610037881881,
      "arithmetic_mean_rank": 3191.904052734375,
      "median_rank": 259.0,
      "inverse_harmonic_mean_rank": 0.13460417091846466,
      "inverse_arithmetic_mean_rank": 0.00031329263583756983,
      "variance": 33706284.0,
      "harmonic_mean_rank": 7.429190158843994,
      "adjusted_arithmetic_mean_rank_index": 0.7980317374575188,
      "count": 500.0,
      "standard_deviation": 5805.71142578125,
      "adjusted_arithmetic_mean_rank": 0.20201877076201624,
      "z_geometric_mean_rank": 21.96507174681846,
      "z_inverse_harmonic_mean_rank": 416.5745654002309,
      "inverse_geometric_mean_rank": 0.0042709591798484325,
      "adjusted_geometric_mean_rank_index": 0.979966515691216,
      "geometric_mean_rank": 234.13943481445312,
      "z_arithmetic_mean_rank": 30.906658144752164,
      "median_absolute_deviation": 382.5113830566406,
      "hits_at_1": 0.11,
      "hits_at_3": 0.13,
      "hits_at_5": 0.15,
      "hits_at_10": 0.174,
      "z_hits_at_k": 218.3481717010412,
      "adjusted_hits_at_k": 0.1737385171840685
    },
    "pessimistic": {
      "adjusted_inverse_harmonic_mean_rank": 0.13430450701212665,
      "inverse_median_rank": 0.003861003861003861,
      "arithmetic_mean_rank": 3191.904,
      "median_rank": 259.0,
      "inverse_harmonic_mean_rank": 0.13460417011360198,
      "inverse_arithmetic_mean_rank": 0.00031329263035479766,
      "variance": 33706284.09878401,
      "harmonic_mean_rank": 7.429190337535823,
      "adjusted_arithmetic_mean_rank_index": 0.7980317407953409,
      "count": 500.0,
      "standard_deviation": 5805.71133443474,
      "adjusted_arithmetic_mean_rank": 0.2020187674244054,
      "z_geometric_mean_rank": 21.965071821094156,
      "z_inverse_harmonic_mean_rank": 416.57456290291026,
      "inverse_geometric_mean_rank": 0.004270960017900109,
      "adjusted_geometric_mean_rank_index": 0.9799665190050088,
      "geometric_mean_rank": 234.13939625022928,
      "z_arithmetic_mean_rank": 30.906658274021368,
      "median_absolute_deviation": 382.51137237444533,
      "hits_at_1": 0.11,
      "hits_at_3": 0.13,
      "hits_at_5": 0.15,
      "hits_at_10": 0.174,
      "z_hits_at_k": 218.3481717010412,
      "adjusted_hits_at_k": 0.1737385171840685
    }
  },
  "both": {
    "optimistic": {
      "adjusted_inverse_harmonic_mean_rank": 0.1112714804360868,
      "inverse_median_rank": 0.00046425255338904364,
      "arithmetic_mean_rank": 5646.226,
      "median_rank": 2154.0,
      "inverse_harmonic_mean_rank": 0.11158534302813446,
      "inverse_arithmetic_mean_rank": 0.00017710945328791304,
      "variance": 52962279.202924006,
      "harmonic_mean_rank": 8.96175046706507,
      "adjusted_arithmetic_mean_rank_index": 0.6354801477005013,
      "count": 1000.0,
      "standard_deviation": 7277.518753182571,
      "adjusted_arithmetic_mean_rank": 0.36456088345979354,
      "z_geometric_mean_rank": 29.71899282917108,
      "z_inverse_harmonic_mean_rank": 482.7174161050354,
      "inverse_geometric_mean_rank": 0.0014195308380611162,
      "adjusted_geometric_mean_rank_index": 0.9382367766411598,