{
  "head": {
    "optimistic": {
      "adjusted_arithmetic_mean_rank_index": 0.6928606377244269,
      "count": 500.0,
      "standard_deviation": 1311.967673406628,
      "adjusted_inverse_harmonic_mean_rank": 0.007008587317625984,
      "median_rank": 1186.0,
      "z_arithmetic_mean_rank": 26.830543744984467,
      "adjusted_arithmetic_mean_rank": 0.3072829781941796,
      "median_absolute_deviation": 1002.239099709787,
      "z_geometric_mean_rank": 16.61023663070124,
      "inverse_geometric_mean_rank": 0.0010812838006571484,
      "arithmetic_mean_rank": 1482.456,
      "adjusted_geometric_mean_rank_index": 0.740033901954465,
      "variance": 1721259.176064,
      "harmonic_mean_rank": 124.80739476741205,
      "inverse_median_rank": 0.0008431703204047217,
      "inverse_harmonic_mean_rank": 0.008012345757745966,
      "inverse_arithmetic_mean_rank": 0.0006745562768810676,
      "z_inverse_harmonic_mean_rank": 12.025907396790858,
      "geometric_mean_rank": 924.8265805815752,
      "hits_at_1": 0.004,
      "hits_at_3": 0.006,
      "hits_at_5": 0.008,
      "hits_at_10": 0.01,
      "z_hits_at_k": 6.228455490336661,
      "adjusted_hits_at_k": 0.00897271248767586
    },
    "realistic": {
      "adjusted_arithmetic_mean_rank_index": 0.692860423922959,
      "count": 500.0,
      "standard_deviation": 1311.968505859375,
      "adjusted_inverse_harmonic_mean_rank": 0.007008587552145794,
      "median_rank": 1186.0,
      "z_arithmetic_mean_rank": 26.830535465672117,
      "adjusted_arithmetic_mean_rank": 0.30728319195133075,
      "median_absolute_deviation": 1002.239099709787,
      "z_geometric_mean_rank": 16.610234971581576,
      "inverse_geometric_mean_rank": 0.001081283437088132,
      "arithmetic_mean_rank": 1482.45703125,
      "adjusted_geometric_mean_rank_index": 0.7400338280359033,
      "variance": 1721261.25,
      "harmonic_mean_rank": 124.80739111801655,
      "inverse_median_rank": 0.0008431703317910433,
      "inverse_harmonic_mean_rank": 0.008012345992028713,
      "inverse_arithmetic_mean_rank": 0.0006745558348484337,
      "z_inverse_harmonic_mean_rank": 12.025907799199132,
      "geometric_mean_rank": 924.8268432617188,
      "hits_at_1": 0.004,
      "hits_at_3": 0.006,
      "hits_at_5": 0.008,
      "hits_at_10": 0.01,
      "z_hits_at_k": 6.228455490336661,
      "adjusted_hits_at_k": 0.00897271248767586
    },
    "pessimistic": {
      "adjusted_arithmetic_mean_rank_index": 0.6928602230791558,
      "count": 500.0,
      "standard_deviation": 1311.9693503416913,
      "adjusted_inverse_harmonic_mean_rank": 0.007008587017441265,
      "median_rank": 1186.0,
      "z_arithmetic_mean_rank": 26.83052768813627,
      "adjusted_arithmetic_mean_rank": 0.3072833927535031,
      "median_absolute_deviation": 1002.239099709787,
      "z_geometric_mean_rank": 16.610232106930283,
      "inverse_geometric_mean_rank": 0.0010812829632643925,
      "arithmetic_mean_rank": 1482.458,
      "adjusted_geometric_mean_rank_index": 0.7400337004074342,
      "variance": 1721263.5762359998,
      "harmonic_mean_rank": 124.80739943862868,
      "inverse_median_rank": 0.0008431703204047217,
      "inverse_harmonic_mean_rank": 0.008012345457864686,
      "inverse_arithmetic_mean_rank": 0.000674555366829954,
      "z_inverse_harmonic_mean_rank": 12.025906881709362,
      "geometric_mean_rank": 924.8272968076743,
      "hits_at_1": 0.004,
      "hits_at_3": 0.006,
      "hits_at_5": 0.008,
      "hits_at_10": 0.01,
      "z_hits_at_k": 6.228455490336661,
      "adjusted_hits_at_k": 0.00897271248767586
    }
  },
  "tail": {
    "optimistic": {
      "adjusted_arithmetic_mean_rank_index": 0.79148262018414,
      "count": 500.0,
      "standard_deviation": 1556.9625111941523,
      "adjusted_inverse_harmonic_mean_rank": 0.07263248127804317,
      "median_rank": 331.0,
      "z_arithmetic_mean_rank": 30.6508301840341,
      "adjusted_arithmetic_mean_rank": 0.2086805309340488,
      "median_absolute_deviation": 481.84572101432065,
      "z_geometric_mean_rank": 21.268233084055403,
      "inverse_geometric_mean_rank": 0.005309012293786676,
      "arithmetic_mean_rank": 1012.356,
      "adjusted_geometric_mean_rank_index": 0.9475704916578167,
      "variance": 2424132.2612640006,
      "harmonic_mean_rank": 13.593386135276683,
      "inverse_median_rank": 0.0030211480362537764,
      "inverse_harmonic_mean_rank": 0.07356518751460052,
      "inverse_arithmetic_mean_rank": 0.0009877948073602567,
      "z_inverse_harmonic_mean_rank": 124.97868134442174,
      "geometric_mean_rank": 188.35895354213727,
      "hits_at_1": 0.04,
      "hits_at_3": 0.062,
      "hits_at_5": 0.092,
      "hits_at_10": 0.148,
      "z_hits_at_k": 102.41265615184234,
      "adjusted_hits_at_k": 0.1471208743859128
    },
    "realistic": {
      "adjusted_arithmetic_mean_rank_index": 0.7914824151154862,
      "count": 500.0,
      "standard_deviation": 1556.9635009765625,
      "adjusted_inverse_harmonic_mean_rank": 0.07263247883101938,
      "median_rank": 331.0,
      "z_arithmetic_mean_rank": 30.650822242577995,
      "adjusted_arithmetic_mean_rank": 0.20868073596043107,
      "median_absolute_deviation": 481.84572101432065,
      "z_geometric_mean_rank": 21.268232545377955,
      "inverse_geometric_mean_rank": 0.005309009924530983,
      "arithmetic_mean_rank": 1012.3569946289062,
      "adjusted_geometric_mean_rank_index": 0.9475704676579456,
      "variance": 2424135.25,
      "harmonic_mean_rank": 13.593386586983348,
      "inverse_median_rank": 0.003021148033440113,
      "inverse_harmonic_mean_rank": 0.07356518507003784,
      "inverse_arithmetic_mean_rank": 0.0009877937845885754,
      "z_inverse_harmonic_mean_rank": 124.9786771338289,
      "geometric_mean_rank": 188.35903930664062,
      "hits_at_1": 0.04,
      "hits_at_3": 0.062,
      "hits_at_5": 0.092,
      "hits_at_10": 0.148,
      "z_hits_at_k": 102.41265615184234,
      "adjusted_hits_at_k": 0.1471208743859128
    },
    "pessimistic": {
      "adjusted_arithmetic_mean_rank_index": 0.7914822078320507,
      "count": 500.0,
      "standard_deviation": 1556.964403522444,
      "adjusted_inverse_harmonic_mean_rank": 0.07263248095397268,
      "median_rank": 331.0,
      "z_arithmetic_mean_rank": 30.65081421535261,
      "adjusted_arithmetic_mean_rank": 0.2086809432011385,
      "median_absolute_deviation": 481.84572101432065,
      "z_geometric_mean_rank": 21.26823213208402,
      "inverse_geometric_mean_rank": 0.005309008021800981,
      "arithmetic_mean_rank": 1012.358,
      "adjusted_geometric_mean_rank_index": 0.9475704492443268,
      "variance": 2424138.1538359993,
      "harmonic_mean_rank": 13.59338619509825,
      "inverse_median_rank": 0.0030211480362537764,
      "inverse_harmonic_mean_rank": 0.07356518719085596,
      "inverse_arithmetic_mean_rank": 0.0009877928558869491,
      "z_inverse_harmonic_mean_rank": 124.97868078679377,
      "geometric_mean_rank": 188.35910510844715,
      "hits_at_1": 0.04,
      "hits_at_3": 0.062,
      "hits_at_5": 0.092,
      "hits_at_10": 0.148,
      "z_hits_at_k": 102.41265615184234,
      "adjusted_hits_at_k": 0.1471208743859128
    }
  },
  "both": {
    "optimistic": {
      "adjusted_arithmetic_mean_rank_index": 0.7423083634426975,
      "count": 1000.0,
      "standard_deviation": 1458.74748368729,
      "adjusted_inverse_harmonic_mean_rank": 0.039820617825615974,
      "median_rank": 801.0,
      "z_arithmetic_mean_rank": 40.65275209578532,
      "adjusted_arithmetic_mean_rank": 0.25784507541839163,
      "median_absolute_deviation": 1063.0257906685165,
      "z_geometric_mean_rank": 28.01110588439003,
      "inverse_geometric_mean_rank": 0.002395944279561022,
      "arithmetic_mean_rank": 1247.406,
      "adjusted_geometric_mean_rank_index": 0.8831009577652839,
      "variance": 2127944.221164,
      "harmonic_mean_rank": 24.5165540041889,
      "inverse_median_rank": 0.0012484394506866417,
      "inverse_harmonic_mean_rank": 0.04078876663617325,