{
  "losses": [
    0.8487558917087668,
    0.4317029717506147,
    0.28273836946954917
  ],
  "metrics": {
    "both": {
      "optimistic": {
        "adjusted_arithmetic_mean_rank": 0.3341526435904402,
        "adjusted_arithmetic_mean_rank_index": 0.665890540305746,
        "adjusted_geometric_mean_rank_index": 0.9432472269968307,
        "adjusted_hits_at_k": 0.12671611748089537,
        "adjusted_inverse_harmonic_mean_rank": 0.09247705691584769,
        "arithmetic_mean_rank": 5152.594,
        "count": 1000.0,
        "geometric_mean_rank": 644.4697523154242,
        "harmonic_mean_rank": 10.775988091761853,
        "hits_at_1": 0.074,
        "hits_at_10": 0.127,
        "hits_at_3": 0.091,
        "hits_at_5": 0.098,
        "inverse_arithmetic_mean_rank": 0.0001940770027679262,
        "inverse_geometric_mean_rank": 0.0015516632028225396,
        "inverse_harmonic_mean_rank": 0.0927989147245338,
        "inverse_median_rank": 0.0005221932114882506,
        "median_absolute_deviation": 2831.7702373456996,
        "median_rank": 1915.0,
        "standard_deviation": 6916.285015900082,
        "variance": 47834998.421164,
        "z_arithmetic_mean_rank": 36.429410015756716,
        "z_geometric_mean_rank": 29.877802820536704,
        "z_hits_at_k": 222.2131954910625,
        "z_inverse_harmonic_mean_rank": 400.2496147784243
      },
      "pessimistic": {
        "adjusted_arithmetic_mean_rank": 0.33415277329312726,
        "adjusted_arithmetic_mean_rank_index": 0.665890410594647,
        "adjusted_geometric_mean_rank_index": 0.9432471822856002,
        "adjusted_hits_at_k": 0.12671611748089537,
        "adjusted_inverse_harmonic_mean_rank": 0.0924770564470968,
        "arithmetic_mean_rank": 5152.596,
        "count": 1000.0,
        "geometric_mean_rank": 644.4702592567215,
        "harmonic_mean_rank": 10.775988146174802,
        "hits_at_1": 0.074,
        "hits_at_10": 0.127,
        "hits_at_3": 0.091,
        "hits_at_5": 0.098,
        "inverse_arithmetic_mean_rank": 0.00019407692743618945,
        "inverse_geometric_mean_rank": 0.0015516619822818773,
        "inverse_harmonic_mean_rank": 0.09279891425594916,
        "inverse_median_rank": 0.0005221932114882506,
        "median_absolute_deviation": 2831.7702373456996,
        "median_rank": 1915.0,
        "standard_deviation": 6916.285040741453,
        "variance": 47834998.764784,
        "z_arithmetic_mean_rank": 36.42940291954717,
        "z_geometric_mean_rank": 29.877801404287297,
        "z_hits_at_k": 222.2131954910625,
        "z_inverse_harmonic_mean_rank": 400.24961274962527
      },
      "realistic": {
        "adjusted_arithmetic_mean_rank": 0.33415272237468957,
        "adjusted_arithmetic_mean_rank_index": 0.665890461516387,
        "adjusted_geometric_mean_rank_index": 0.9432472400345508,
        "adjusted_hits_at_k": 0.12671611748089537,
        "adjusted_inverse_harmonic_mean_rank": 0.09247705322506582,
        "arithmetic_mean_rank": 5152.59521484375,
        "count": 1000.0,
        "geometric_mean_rank": 644.4696044921875,
        "harmonic_mean_rank": 10.775988520190548,
        "hits_at_1": 0.074,
        "hits_at_10": 0.127,
        "hits_at_3": 0.091,
        "hits_at_5": 0.098,
        "inverse_arithmetic_mean_rank": 0.00019407695799600333,
        "inverse_geometric_mean_rank": 0.0015516635030508041,
        "inverse_harmonic_mean_rank": 0.09279891103506088,
        "inverse_median_rank": 0.0005221932078711689,
        "median_absolute_deviation": 2831.7702373456996,
        "median_rank": 1915.0,
        "standard_deviation": 6916.28466796875,
        "variance": 47834996.0,
        "z_arithmetic_mean_rank": 36.42940570536381,
        "z_geometric_mean_rank": 29.877803233512672,
        "z_hits_at_k": 222.2131954910625,
        "z_inverse_harmonic_mean_rank": 400.2495988043646
      }
    },
    "head": {
      "optimistic": {
        "adjusted_arithmetic_mean_rank": 0.5167347056555482,
        "adjusted_arithmetic_mean_rank_index": 0.4832974281593423,
        "adjusted_geometric_mean_rank_index": 0.7954382941265048,
        "adjusted_hits_at_k": 0.08569491838423009,
        "adjusted_inverse_harmonic_mean_rank": 0.07303660657373252,
        "arithmetic_mean_rank": 7771.768,
        "count": 500.0,
        "geometric_mean_rank": 2262.9941062819307,
        "harmonic_mean_rank": 13.628948408479477,
        "hits_at_1": 0.066,
        "hits_at_10": 0.086,
        "hits_at_3": 0.074,
        "hits_at_5": 0.08,
        "inverse_arithmetic_mean_rank": 0.00012867085069960914,
        "inverse_geometric_mean_rank": 0.00044189244559853793,
        "inverse_harmonic_mean_rank": 0.07337323247755735,
        "inverse_median_rank": 0.00018278194114421494,
        "median_absolute_deviation": 6915.59804821938,
        "median_rank": 5471.0,
        "standard_deviation": 7515.462941042021,
        "variance": 56482183.21817599,
        "z_arithmetic_mean_rank": 18.684321863996562,
        "z_geometric_mean_rank": 17.829724473471927,
        "z_hits_at_k": 104.88307817520493,
        "z_inverse_harmonic_mean_rank": 220.6274624355978
      },
      "pessimistic": {
        "adjusted_arithmetic_mean_rank": 0.5167348386329366,
        "adjusted_arithmetic_mean_rank_index": 0.48329729517311193,
        "adjusted_geometric_mean_rank_index": 0.7954380176627611,
        "adjusted_hits_at_k": 0.08569491838423009,
        "adjusted_inverse_harmonic_mean_rank": 0.07303660566094235,
        "arithmetic_mean_rank": 7771.77,
        "count": 500.0,
        "geometric_mean_rank": 2262.9971633514638,
        "harmonic_mean_rank": 13.628948577967074,
        "hits_at_1": 0.066,
        "hits_at_10": 0.086,
        "hits_at_3": 0.074,
        "hits_at_5": 0.08,
        "inverse_arithmetic_mean_rank": 0.00012867081758724202,
        "inverse_geometric_mean_rank": 0.00044189184864863707,
        "inverse_harmonic_mean_rank": 0.07337323156509865,
        "inverse_median_rank": 0.00018278194114421494,
        "median_absolute_deviation": 6915.59804821938,
        "median_rank": 5471.0,
        "standard_deviation": 7515.461266821884,
        "variance": 56482158.0531,
        "z_arithmetic_mean_rank": 18.68431672273698,
        "z_geometric_mean_rank": 17.829718276545766,
        "z_hits_at_k": 104.88307817520493,
        "z_inverse_harmonic_mean_rank": 220.62745967826018
      },
      "realistic": {
        "adjusted_arithmetic_mean_rank": 0.5167347750011785,
        "adjusted_arithmetic_mean_rank_index": 0.4832973588091011,
        "adjusted_geometric_mean_rank_index": 0.7954381143913509,
        "adjusted_hits_at_k": 0.08569491838423009,
        "adjusted_inverse_harmonic_mean_rank": 0.07303660240620044,
        "arithmetic_mean_rank": 7771.76904296875,
        "count": 500.0,
        "geometric_mean_rank": 2262.99609375,
        "harmonic_mean_rank": 13.628949182310134,
        "hits_at_1": 0.066,
        "hits_at_10": 0.086,
        "hits_at_3": 0.074,
        "hits_at_5": 0.08,
        "inverse_arithmetic_mean_rank": 0.00012867082841694355,
        "inverse_geometric_mean_rank": 0.00044189204345457256,
        "inverse_harmonic_mean_rank": 0.0733732283115387,
        "inverse_median_rank": 0.00018278193601872772,
        "median_absolute_deviation": 6915.59804821938,
        "median_rank": 5471.0,
        "standard_deviation": 7515.4619140625,
        "variance": 56482168.0,
        "z_arithmetic_mean_rank": 18.684319182910023,
        "z_geometric_mean_rank": 17.82972044471408,
        "z_hits_at_k": 104.88307817520493,
        "z_inverse_harmonic_mean_rank": 220.62744984640352
      }
    },
    "tail": {
      "optimistic": {
        "adjusted_arithmetic_mean_rank": 0.16034698575806708,
        "adjusted_arithmetic_mean_rank_index": 0.8397061615100214,
        "adjusted_geometric_mean_rank_index": 0.9843143910435838,
        "adjusted_hits_at_k": 0.16773661068923038,
        "adjusted_inverse_harmonic_mean_rank": 0.11191717689722029,
        "arithmetic_mean_rank": 2533.42,