{
  "losses": [
    0.8479000350423888,
    0.43658383672728257,
    0.28646686114370823
  ],
  "metrics": {
    "both": {
      "optimistic": {
        "adjusted_arithmetic_mean_rank": 0.36456088345979354,
        "adjusted_arithmetic_mean_rank_index": 0.6354801477005013,
        "adjusted_geometric_mean_rank_index": 0.9382367766411598,
        "adjusted_hits_at_k": 0.1397216475866196,
        "adjusted_inverse_harmonic_mean_rank": 0.1112714804360868,
        "arithmetic_mean_rank": 5646.226,
        "count": 1000.0,
        "geometric_mean_rank": 704.4581020626945,
        "harmonic_mean_rank": 8.96175046706507,
        "hits_at_1": 0.095,
        "hits_at_10": 0.14,
        "hits_at_3": 0.11,
        "hits_at_5": 0.123,
        "inverse_arithmetic_mean_rank": 0.00017710945328791304,
        "inverse_geometric_mean_rank": 0.0014195308380611162,
        "inverse_harmonic_mean_rank": 0.11158534302813446,
        "inverse_median_rank": 0.00046425255338904364,
        "median_absolute_deviation": 3192.042576442561,
        "median_rank": 2154.0,
        "standard_deviation": 7277.518753182571,
        "variance": 52962279.202924006,
        "z_arithmetic_mean_rank": 34.77054244634665,
        "z_geometric_mean_rank": 29.71899282917108,
        "z_hits_at_k": 245.59278184837777,
        "z_inverse_harmonic_mean_rank": 482.7174161050354
      },
      "pessimistic": {
        "adjusted_arithmetic_mean_rank": 0.36456107716132985,
        "adjusted_arithmetic_mean_rank_index": 0.6354799539864575,
        "adjusted_geometric_mean_rank_index": 0.9382367424474012,
        "adjusted_hits_at_k": 0.1397216475866196,
        "adjusted_inverse_harmonic_mean_rank": 0.11127148033266814,
        "arithmetic_mean_rank": 5646.229,
        "count": 1000.0,
        "geometric_mean_rank": 704.4584915157575,
        "harmonic_mean_rank": 8.961750475367996,
        "hits_at_1": 0.095,
        "hits_at_10": 0.14,
        "hits_at_3": 0.11,
        "hits_at_5": 0.123,
        "inverse_arithmetic_mean_rank": 0.0001771093591846877,
        "inverse_geometric_mean_rank": 0.0014195300532872232,
        "inverse_harmonic_mean_rank": 0.11158534292475232,
        "inverse_median_rank": 0.00046425255338904364,
        "median_absolute_deviation": 3192.042576442561,
        "median_rank": 2154.0,
        "standard_deviation": 7277.518699018163,
        "variance": 52962278.41455901,
        "z_arithmetic_mean_rank": 34.77053184720771,
        "z_geometric_mean_rank": 29.718991746071275,
        "z_hits_at_k": 245.59278184837777,
        "z_inverse_harmonic_mean_rank": 482.71741565638507
      },
      "realistic": {
        "adjusted_arithmetic_mean_rank": 0.3645609828327171,
        "adjusted_arithmetic_mean_rank_index": 0.6354800483211611,
        "adjusted_geometric_mean_rank_index": 0.9382367741985691,
        "adjusted_hits_at_k": 0.1397216475866196,
        "adjusted_inverse_harmonic_mean_rank": 0.11127147134810984,
        "arithmetic_mean_rank": 5646.2275390625,
        "count": 1000.0,
        "geometric_mean_rank": 704.4581298828125,
        "harmonic_mean_rank": 8.961750984191895,
        "hits_at_1": 0.095,
        "hits_at_10": 0.14,
        "hits_at_3": 0.11,
        "hits_at_5": 0.123,
        "inverse_arithmetic_mean_rank": 0.00017710941028781235,
        "inverse_geometric_mean_rank": 0.001419530832208693,
        "inverse_harmonic_mean_rank": 0.111585333943367,
        "inverse_median_rank": 0.0004642525454983115,
        "median_absolute_deviation": 3192.042724609375,
        "median_rank": 2154.0,
        "standard_deviation": 7277.51904296875,
        "variance": 52962280.0,
        "z_arithmetic_mean_rank": 34.77053700876756,
        "z_geometric_mean_rank": 29.718992751801128,
        "z_hits_at_k": 245.59278184837777,
        "z_inverse_harmonic_mean_rank": 482.7173766796163
      }
    },
    "head": {
      "optimistic": {
        "adjusted_arithmetic_mean_rank": 0.5337928297758228,
        "adjusted_arithmetic_mean_rank_index": 0.4662378933856792,
        "adjusted_geometric_mean_rank_index": 0.8101367145887295,
        "adjusted_hits_at_k": 0.10570429506882853,
        "adjusted_inverse_harmonic_mean_rank": 0.08823813099944587,
        "arithmetic_mean_rank": 8100.548,
        "count": 500.0,
        "geometric_mean_rank": 2119.511818640763,
        "harmonic_mean_rank": 11.290948834967665,
        "hits_at_1": 0.08,
        "hits_at_10": 0.106,
        "hits_at_3": 0.09,
        "hits_at_5": 0.096,
        "inverse_arithmetic_mean_rank": 0.0001234484383031864,
        "inverse_geometric_mean_rank": 0.0004718067581436263,
        "inverse_harmonic_mean_rank": 0.0885665159426669,
        "inverse_median_rank": 0.00016873365392727579,
        "median_absolute_deviation": 7587.958154311671,
        "median_rank": 5926.5,
        "standard_deviation": 7756.98919347552,
        "variance": 60170881.347696,
        "z_arithmetic_mean_rank": 18.026545419269425,
        "z_geometric_mean_rank": 18.159066496769718,
        "z_hits_at_k": 129.96229721709332,
        "z_inverse_harmonic_mean_rank": 267.7604168786985
      },
      "pessimistic": {
        "adjusted_arithmetic_mean_rank": 0.5337932251511701,
        "adjusted_arithmetic_mean_rank_index": 0.4662374979842766,
        "adjusted_geometric_mean_rank_index": 0.8101365045613014,
        "adjusted_hits_at_k": 0.10570429506882853,
        "adjusted_inverse_harmonic_mean_rank": 0.08823813079260709,
        "arithmetic_mean_rank": 8100.554,
        "count": 500.0,
        "geometric_mean_rank": 2119.514162145921,
        "harmonic_mean_rank": 11.290948861327118,
        "hits_at_1": 0.08,
        "hits_at_10": 0.106,
        "hits_at_3": 0.09,
        "hits_at_5": 0.096,
        "inverse_arithmetic_mean_rank": 0.00012344834686615262,
        "inverse_geometric_mean_rank": 0.0004718062364761654,
        "inverse_harmonic_mean_rank": 0.08856651573590262,
        "inverse_median_rank": 0.00016873365392727579,
        "median_absolute_deviation": 7587.958154311671,
        "median_rank": 5926.5,
        "standard_deviation": 7756.987193433028,
        "variance": 60170850.319083996,
        "z_arithmetic_mean_rank": 18.02653013153446,
        "z_geometric_mean_rank": 18.159061789043275,
        "z_hits_at_k": 129.96229721709332,
        "z_inverse_harmonic_mean_rank": 267.760416251042
      },
      "realistic": {
        "adjusted_arithmetic_mean_rank": 0.5337930130487702,
        "adjusted_arithmetic_mean_rank_index": 0.46623771010065407,
        "adjusted_geometric_mean_rank_index": 0.8101366579006176,
        "adjusted_hits_at_k": 0.10570429506882853,
        "adjusted_inverse_harmonic_mean_rank": 0.08823813437800694,
        "arithmetic_mean_rank": 8100.55078125,
        "count": 500.0,
        "geometric_mean_rank": 2119.512451171875,
        "harmonic_mean_rank": 11.290948867797852,
        "hits_at_1": 0.08,
        "hits_at_10": 0.106,
        "hits_at_3": 0.09,
        "hits_at_5": 0.096,
        "inverse_arithmetic_mean_rank": 0.00012344839342404157,
        "inverse_geometric_mean_rank": 0.0004718066193163395,
        "inverse_harmonic_mean_rank": 0.08856651932001114,
        "inverse_median_rank": 0.00016873364802449942,
        "median_absolute_deviation": 7587.95849609375,
        "median_rank": 5926.5,
        "standard_deviation": 7756.98828125,
        "variance": 60170868.0,
        "z_arithmetic_mean_rank": 18.02653833276728,
        "z_geometric_mean_rank": 18.15906522611604,
        "z_hits_at_k": 129.96229721709332,
        "z_inverse_harmonic_mean_rank": 267.76042713101134
      }
    },
    "tail": {
      "optimistic": {
        "adjusted_arithmetic_mean_rank": 0.2020187674244054,
        "adjusted_arithmetic_mean_rank_index": 0.7980317407953409,
        "adjusted_geometric_mean_rank_index": 0.9799665190050088,
        "adjusted_hits_at_k": 0.1737385171840685,
        "adjusted_inverse_harmonic_mean_rank": 0.13430450701212665,
        "arithmetic_mean_rank": 3191.904,