{
  "losses": [
    0.9137787889031803,
    0.43508147083076776,
    0.21952404520090887
  ],
  "metrics": {
    "both": {
      "optimistic": {
        "adjusted_arithmetic_mean_rank": 0.25784507541839163,
        "adjusted_arithmetic_mean_rank_index": 0.7423083634426975,
        "adjusted_geometric_mean_rank_index": 0.8831009577652839,
        "adjusted_hits_at_k": 0.07804699446156617,
        "adjusted_inverse_harmonic_mean_rank": 0.039820617825615974,
        "arithmetic_mean_rank": 1247.406,
        "count": 1000.0,
        "geometric_mean_rank": 417.3719766902163,
        "harmonic_mean_rank": 24.5165540041889,
        "hits_at_1": 0.022,
        "hits_at_10": 0.079,
        "hits_at_3": 0.034,
        "hits_at_5": 0.05,
        "inverse_arithmetic_mean_rank": 0.0008016636123283037,
        "inverse_geometric_mean_rank": 0.002395944279561022,
        "inverse_harmonic_mean_rank": 0.04078876663617325,
        "inverse_median_rank": 0.0012484394506866417,
        "median_absolute_deviation": 1063.0257906685165,
        "median_rank": 801.0,
        "standard_deviation": 1458.74748368729,
        "variance": 2127944.221164,
        "z_arithmetic_mean_rank": 40.65275209578532,
        "z_geometric_mean_rank": 28.01110588439003,
        "z_hits_at_k": 76.72524733376925,
        "z_inverse_harmonic_mean_rank": 96.76501168053645
      },
      "pessimistic": {
        "adjusted_arithmetic_mean_rank": 0.2578454888284208,
        "adjusted_arithmetic_mean_rank_index": 0.7423079499471967,
        "adjusted_geometric_mean_rank_index": 0.8831008652453247,
        "adjusted_hits_at_k": 0.07804699446156617,
        "adjusted_inverse_harmonic_mean_rank": 0.03982061751348834,
        "arithmetic_mean_rank": 1247.408,
        "count": 1000.0,
        "geometric_mean_rank": 417.3723062285731,
        "harmonic_mean_rank": 24.516554191607618,
        "hits_at_1": 0.022,
        "hits_at_10": 0.079,
        "hits_at_3": 0.034,
        "hits_at_5": 0.05,
        "inverse_arithmetic_mean_rank": 0.0008016623270012699,
        "inverse_geometric_mean_rank": 0.002395942387831434,
        "inverse_harmonic_mean_rank": 0.040788766324360334,
        "inverse_median_rank": 0.0012484394506866417,
        "median_absolute_deviation": 1063.0257906685165,
        "median_rank": 801.0,
        "standard_deviation": 1458.7492476556758,
        "variance": 2127949.3675360004,
        "z_arithmetic_mean_rank": 40.652729450573545,
        "z_geometric_mean_rank": 28.011102949746657,
        "z_hits_at_k": 76.72524733376925,
        "z_inverse_harmonic_mean_rank": 96.76501092205916
      },
      "realistic": {
        "adjusted_arithmetic_mean_rank": 0.2578452784899196,
        "adjusted_arithmetic_mean_rank_index": 0.7423081603291848,
        "adjusted_geometric_mean_rank_index": 0.8831008886402342,
        "adjusted_hits_at_k": 0.07804699446156617,
        "adjusted_inverse_harmonic_mean_rank": 0.03982062091454215,
        "arithmetic_mean_rank": 1247.406982421875,
        "count": 1000.0,
        "geometric_mean_rank": 417.3722229003906,
        "harmonic_mean_rank": 24.516552149426733,
        "hits_at_1": 0.022,
        "hits_at_10": 0.079,
        "hits_at_3": 0.034,
        "hits_at_5": 0.05,
        "inverse_arithmetic_mean_rank": 0.0008016629726625979,
        "inverse_geometric_mean_rank": 0.002395942807197571,
        "inverse_harmonic_mean_rank": 0.04078876972198486,
        "inverse_median_rank": 0.0012484394246712327,
        "median_absolute_deviation": 1063.0257906685165,
        "median_rank": 801.0,
        "standard_deviation": 1458.748291015625,
        "variance": 2127946.75,
        "z_arithmetic_mean_rank": 40.652740972209614,
        "z_geometric_mean_rank": 28.011103691810497,
        "z_hits_at_k": 76.72524733376925,
        "z_inverse_harmonic_mean_rank": 96.76501918669769
      }
    },
    "head": {
      "optimistic": {
        "adjusted_arithmetic_mean_rank": 0.3072829781941796,
        "adjusted_arithmetic_mean_rank_index": 0.6928606377244269,
        "adjusted_geometric_mean_rank_index": 0.740033901954465,
        "adjusted_hits_at_k": 0.00897271248767586,
        "adjusted_inverse_harmonic_mean_rank": 0.007008587317625984,
        "arithmetic_mean_rank": 1482.456,
        "count": 500.0,
        "geometric_mean_rank": 924.8265805815752,
        "harmonic_mean_rank": 124.80739476741205,
        "hits_at_1": 0.004,
        "hits_at_10": 0.01,
        "hits_at_3": 0.006,
        "hits_at_5": 0.008,
        "inverse_arithmetic_mean_rank": 0.0006745562768810676,
        "inverse_geometric_mean_rank": 0.0010812838006571484,
        "inverse_harmonic_mean_rank": 0.008012345757745966,
        "inverse_median_rank": 0.0008431703204047217,
        "median_absolute_deviation": 1002.239099709787,
        "median_rank": 1186.0,
        "standard_deviation": 1311.967673406628,
        "variance": 1721259.176064,
        "z_arithmetic_mean_rank": 26.830543744984467,
        "z_geometric_mean_rank": 16.61023663070124,
        "z_hits_at_k": 6.228455490336661,
        "z_inverse_harmonic_mean_rank": 12.025907396790858
      },
      "pessimistic": {
        "adjusted_arithmetic_mean_rank": 0.3072833927535031,
        "adjusted_arithmetic_mean_rank_index": 0.6928602230791558,
        "adjusted_geometric_mean_rank_index": 0.7400337004074342,
        "adjusted_hits_at_k": 0.00897271248767586,
        "adjusted_inverse_harmonic_mean_rank": 0.007008587017441265,
        "arithmetic_mean_rank": 1482.458,
        "count": 500.0,
        "geometric_mean_rank": 924.8272968076743,
        "harmonic_mean_rank": 124.80739943862868,
        "hits_at_1": 0.004,
        "hits_at_10": 0.01,
        "hits_at_3": 0.006,
        "hits_at_5": 0.008,
        "inverse_arithmetic_mean_rank": 0.000674555366829954,
        "inverse_geometric_mean_rank": 0.0010812829632643925,
        "inverse_harmonic_mean_rank": 0.008012345457864686,
        "inverse_median_rank": 0.0008431703204047217,
        "median_absolute_deviation": 1002.239099709787,
        "median_rank": 1186.0,
        "standard_deviation": 1311.9693503416913,
        "variance": 1721263.5762359998,
        "z_arithmetic_mean_rank": 26.83052768813627,
        "z_geometric_mean_rank": 16.610232106930283,
        "z_hits_at_k": 6.228455490336661,
        "z_inverse_harmonic_mean_rank": 12.025906881709362
      },
      "realistic": {
        "adjusted_arithmetic_mean_rank": 0.30728319195133075,
        "adjusted_arithmetic_mean_rank_index": 0.692860423922959,
        "adjusted_geometric_mean_rank_index": 0.7400338280359033,
        "adjusted_hits_at_k": 0.00897271248767586,
        "adjusted_inverse_harmonic_mean_rank": 0.007008587552145794,
        "arithmetic_mean_rank": 1482.45703125,
        "count": 500.0,
        "geometric_mean_rank": 924.8268432617188,
        "harmonic_mean_rank": 124.80739111801655,
        "hits_at_1": 0.004,
        "hits_at_10": 0.01,
        "hits_at_3": 0.006,
        "hits_at_5": 0.008,
        "inverse_arithmetic_mean_rank": 0.0006745558348484337,
        "inverse_geometric_mean_rank": 0.001081283437088132,
        "inverse_harmonic_mean_rank": 0.008012345992028713,
        "inverse_median_rank": 0.0008431703317910433,
        "median_absolute_deviation": 1002.239099709787,
        "median_rank": 1186.0,
        "standard_deviation": 1311.968505859375,
        "variance": 1721261.25,
        "z_arithmetic_mean_rank": 26.830535465672117,
        "z_geometric_mean_rank": 16.610234971581576,
        "z_hits_at_k": 6.228455490336661,
        "z_inverse_harmonic_mean_rank": 12.025907799199132
      }
    },
    "tail": {
      "optimistic": {
        "adjusted_arithmetic_mean_rank": 0.2086805309340488,
        "adjusted_arithmetic_mean_rank_index": 0.79148262018414,
        "adjusted_geometric_mean_rank_index": 0.9475704916578167,
        "adjusted_hits_at_k": 0.1471208743859128,
        "adjusted_inverse_harmonic_mean_rank": 0.07263248127804317,
        "arithmetic_mean_rank": 1012.356,