{
  "head": {
    "optimistic": {
      "adjusted_inverse_harmonic_mean_rank": 0.02762560737222765,
      "inverse_median_rank": 0.000385579332947754,
      "arithmetic_mean_rank": 6957.63,
      "median_rank": 2593.5,
      "inverse_harmonic_mean_rank": 0.02797582284028915,
      "inverse_arithmetic_mean_rank": 0.0001437271024759868,
      "variance": 70720856.1451,
      "harmonic_mean_rank": 35.7451505790871,
      "adjusted_arithmetic_mean_rank_index": 0.5415564567632192,
      "count": 500.0,
      "standard_deviation": 8409.5693198344,
      "adjusted_arithmetic_mean_rank": 0.45847922958214166,
      "z_geometric_mean_rank": 18.744382944069553,
      "z_inverse_harmonic_mean_rank": 83.83047173292208,
      "inverse_geometric_mean_rank": 0.0005470036328163892,
      "adjusted_geometric_mean_rank_index": 0.836249639704929,
      "geometric_mean_rank": 1828.1414235792954,
      "z_arithmetic_mean_rank": 20.938649996998816,
      "median_absolute_deviation": 3713.17725624728,
      "hits_at_1": 0.02,
      "hits_at_3": 0.024,
      "hits_at_5": 0.032,
      "hits_at_10": 0.046,
      "z_hits_at_k": 56.16854025000139,
      "adjusted_hits_at_k": 0.04568444910029352
    },
    "realistic": {
      "adjusted_inverse_harmonic_mean_rank": 0.027625606399173223,
      "inverse_median_rank": 0.0003855793329421431,
      "arithmetic_mean_rank": 6957.630859375,
      "median_rank": 2593.5,
      "inverse_harmonic_mean_rank": 0.027975821867585182,
      "inverse_arithmetic_mean_rank": 0.00014372708392329514,
      "variance": 70720888.0,
      "harmonic_mean_rank": 35.74515151977539,
      "adjusted_arithmetic_mean_rank_index": 0.5415564001302058,
      "count": 500.0,
      "standard_deviation": 8409.5712890625,
      "adjusted_arithmetic_mean_rank": 0.45847928621142314,
      "z_geometric_mean_rank": 18.744383322188916,
      "z_inverse_harmonic_mean_rank": 83.83046878016847,
      "inverse_geometric_mean_rank": 0.0005470036994665861,
      "adjusted_geometric_mean_rank_index": 0.836249656574099,
      "geometric_mean_rank": 1828.1412353515625,
      "z_arithmetic_mean_rank": 20.938647807349277,
      "median_absolute_deviation": 3713.17724609375,
      "hits_at_1": 0.02,
      "hits_at_3": 0.024,
      "hits_at_5": 0.032,
      "hits_at_10": 0.046,
      "z_hits_at_k": 56.16854025000139,
      "adjusted_hits_at_k": 0.04568444910029352
    },
    "pessimistic": {
      "adjusted_inverse_harmonic_mean_rank": 0.027625607369011724,
      "inverse_median_rank": 0.000385579332947754,
      "arithmetic_mean_rank": 6957.632,
      "median_rank": 2593.5,
      "inverse_harmonic_mean_rank": 0.027975822837074383,
      "inverse_arithmetic_mean_rank": 0.0001437270611610387,
      "variance": 70720928.08457601,
      "harmonic_mean_rank": 35.745150583194665,
      "adjusted_arithmetic_mean_rank_index": 0.5415563249627516,
      "count": 500.0,
      "standard_deviation": 8409.573597072327,
      "adjusted_arithmetic_mean_rank": 0.45847936137392403,
      "z_geometric_mean_rank": 18.744382649596794,
      "z_inverse_harmonic_mean_rank": 83.83047172316328,
      "inverse_geometric_mean_rank": 0.00054700358895522,
      "adjusted_geometric_mean_rank_index": 0.8362496265675141,
      "geometric_mean_rank": 1828.1415701677674,
      "z_arithmetic_mean_rank": 20.938644901087162,
      "median_absolute_deviation": 3713.17725624728,
      "hits_at_1": 0.02,
      "hits_at_3": 0.024,
      "hits_at_5": 0.032,
      "hits_at_10": 0.046,
      "z_hits_at_k": 56.16854025000139,
      "adjusted_hits_at_k": 0.04568444910029352
    }
  },
  "tail": {
    "optimistic": {
      "adjusted_inverse_harmonic_mean_rank": 0.3147312317829727,
      "inverse_median_rank": 0.003952569169960474,
      "arithmetic_mean_rank": 5150.524,
      "median_rank": 253.0,
      "inverse_harmonic_mean_rank": 0.3149684396304103,
      "inverse_arithmetic_mean_rank": 0.00019415500248130092,
      "variance": 74506061.469424,
      "harmonic_mean_rank": 3.1749212752027414,
      "adjusted_arithmetic_mean_rank_index": 0.6740608937114332,
      "count": 500.0,
      "standard_deviation": 8631.689375170077,
      "adjusted_arithmetic_mean_rank": 0.32598176827054265,
      "z_geometric_mean_rank": 22.17987041907418,
      "z_inverse_harmonic_mean_rank": 976.2071893838101,
      "inverse_geometric_mean_rank": 0.008155599131276704,
      "adjusted_geometric_mean_rank_index": 0.9895497079908736,
      "geometric_mean_rank": 122.61514867313699,
      "z_arithmetic_mean_rank": 26.105439962899194,
      "median_absolute_deviation": 373.6157590634117,
      "hits_at_1": 0.264,
      "hits_at_3": 0.348,
      "hits_at_5": 0.368,
      "hits_at_10": 0.396,
      "z_hits_at_k": 497.4379202454131,
      "adjusted_hits_at_k": 0.3958087946479146
    },
    "realistic": {
      "adjusted_inverse_harmonic_mean_rank": 0.3147312291080421,
      "inverse_median_rank": 0.003952569328248501,
      "arithmetic_mean_rank": 5150.52392578125,
      "median_rank": 253.0,
      "inverse_harmonic_mean_rank": 0.31496843695640564,
      "inverse_arithmetic_mean_rank": 0.00019415499991737306,
      "variance": 74506056.0,
      "harmonic_mean_rank": 3.1749212741851807,
      "adjusted_arithmetic_mean_rank_index": 0.6740608984091088,
      "count": 500.0,
      "standard_deviation": 8631.689453125,
      "adjusted_arithmetic_mean_rank": 0.3259817635731644,
      "z_geometric_mean_rank": 22.179870430343108,
      "z_inverse_harmonic_mean_rank": 976.2071810869326,
      "inverse_geometric_mean_rank": 0.008155599236488342,
      "adjusted_geometric_mean_rank_index": 0.9895497084936342,
      "geometric_mean_rank": 122.61514282226562,
      "z_arithmetic_mean_rank": 26.10544014483363,
      "median_absolute_deviation": 373.6157531738281,
      "hits_at_1": 0.264,
      "hits_at_3": 0.348,
      "hits_at_5": 0.368,
      "hits_at_10": 0.396,
      "z_hits_at_k": 497.4379202454131,
      "adjusted_hits_at_k": 0.3958087946479146
    },
    "pessimistic": {
      "adjusted_inverse_harmonic_mean_rank": 0.3147312317829727,
      "inverse_median_rank": 0.003952569169960474,
      "arithmetic_mean_rank": 5150.524,
      "median_rank": 253.0,
      "inverse_harmonic_mean_rank": 0.3149684396304103,
      "inverse_arithmetic_mean_rank": 0.00019415500248130092,
      "variance": 74506061.469424,
      "harmonic_mean_rank": 3.1749212752027414,
      "adjusted_arithmetic_mean_rank_index": 0.6740608937114332,
      "count": 500.0,
      "standard_deviation": 8631.689375170077,
      "adjusted_arithmetic_mean_rank": 0.32598176827054265,
      "z_geometric_mean_rank": 22.17987041907418,
      "z_inverse_harmonic_mean_rank": 976.2071893838101,
      "inverse_geometric_mean_rank": 0.008155599131276704,
      "adjusted_geometric_mean_rank_index": 0.9895497079908736,
      "geometric_mean_rank": 122.61514867313699,
      "z_arithmetic_mean_rank": 26.105439962899194,
      "median_absolute_deviation": 373.6157590634117,
      "hits_at_1": 0.264,
      "hits_at_3": 0.348,
      "hits_at_5": 0.368,
      "hits_at_10": 0.396,
      "z_hits_at_k": 497.4379202454131,
      "adjusted_hits_at_k": 0.3958087946479146
    }
  },
  "both": {
    "optimistic": {
      "adjusted_inverse_harmonic_mean_rank": 0.1711794256812107,
      "inverse_median_rank": 0.0006887052341597796,
      "arithmetic_mean_rank": 6054.077,
      "median_rank": 1452.0,
      "inverse_harmonic_mean_rank": 0.17147213123534974,
      "inverse_arithmetic_mean_rank": 0.0001651779453746624,
      "variance": 73429866.831071,
      "harmonic_mean_rank": 5.831851466448943,
      "adjusted_arithmetic_mean_rank_index": 0.6091446588679545,
      "count": 1000.0,
      "standard_deviation": 8569.122874079412,
      "adjusted_arithmetic_mean_rank": 0.3908946718841252,
      "z_geometric_mean_rank": 30.361436044574923,
      "z_inverse_harmonic_mean_rank": 742.6097840285366,
      "inverse_geometric_mean_rank": 0.0021121416506954607,
      "adjusted_geometric_mean_rank_index": 0.9585188856298545,