{
  "head": {
    "optimistic": {
      "inverse_arithmetic_mean_rank": 0.00010479229852056329,
      "z_inverse_harmonic_mean_rank": 17.16817517392643,
      "geometric_mean_rank": 4016.0414901145796,
      "adjusted_arithmetic_mean_rank_index": 0.3655435735700773,
      "count": 500.0,
      "standard_deviation": 8996.431301766495,
      "adjusted_inverse_harmonic_mean_rank": 0.005683359822592383,
      "median_rank": 6893.0,
      "z_arithmetic_mean_rank": 14.131947297776666,
      "adjusted_arithmetic_mean_rank": 0.634480730944789,
      "median_absolute_deviation": 8928.230559840735,
      "z_geometric_mean_rank": 14.276156234494302,
      "inverse_geometric_mean_rank": 0.00024900141157940814,
      "arithmetic_mean_rank": 9542.686,
      "adjusted_geometric_mean_rank_index": 0.6369027955953787,
      "variance": 80935776.167404,
      "harmonic_mean_rank": 165.44116137319847,
      "inverse_median_rank": 0.0001450747134774409,
      "inverse_harmonic_mean_rank": 0.00604444499603229,
      "hits_at_1": 0.002,
      "hits_at_3": 0.004,
      "hits_at_5": 0.006,
      "hits_at_10": 0.012,
      "z_hits_at_k": 14.283325344171667,
      "adjusted_hits_at_k": 0.011670218122121821
    },
    "realistic": {
      "inverse_arithmetic_mean_rank": 0.00010479227057658136,
      "z_inverse_harmonic_mean_rank": 17.168175469130112,
      "geometric_mean_rank": 4016.044677734375,
      "adjusted_arithmetic_mean_rank_index": 0.3655434088957217,
      "count": 500.0,
      "standard_deviation": 8996.431640625,
      "adjusted_inverse_harmonic_mean_rank": 0.005683359920316732,
      "median_rank": 6893.0,
      "z_arithmetic_mean_rank": 14.131940931451329,
      "adjusted_arithmetic_mean_rank": 0.6344808956081956,
      "median_absolute_deviation": 8928.230559840735,
      "z_geometric_mean_rank": 14.276149772932243,
      "inverse_geometric_mean_rank": 0.00024900122662074864,
      "arithmetic_mean_rank": 9542.6884765625,
      "adjusted_geometric_mean_rank_index": 0.636902507325422,
      "variance": 80935776.0,
      "harmonic_mean_rank": 165.44115869937838,
      "inverse_median_rank": 0.00014507470768876374,
      "inverse_harmonic_mean_rank": 0.006044445093721151,
      "hits_at_1": 0.002,
      "hits_at_3": 0.004,
      "hits_at_5": 0.006,
      "hits_at_10": 0.012,
      "z_hits_at_k": 14.283325344171667,
      "adjusted_hits_at_k": 0.011670218122121821
    },
    "pessimistic": {
      "inverse_arithmetic_mean_rank": 0.00010479225459487838,
      "z_inverse_harmonic_mean_rank": 17.16817467177346,
      "geometric_mean_rank": 4016.0443467316086,
      "adjusted_arithmetic_mean_rank_index": 0.36554330759761644,
      "count": 500.0,
      "standard_deviation": 8996.43070233412,
      "adjusted_inverse_harmonic_mean_rank": 0.005683359656359456,
      "median_rank": 6893.0,
      "z_arithmetic_mean_rank": 14.131937015257506,
      "adjusted_arithmetic_mean_rank": 0.6344809968995657,
      "median_absolute_deviation": 8928.230559840735,
      "z_geometric_mean_rank": 14.276150443901509,
      "inverse_geometric_mean_rank": 0.0002490012344644136,
      "arithmetic_mean_rank": 9542.69,
      "adjusted_geometric_mean_rank_index": 0.6369025372594039,
      "variance": 80935765.3819,
      "harmonic_mean_rank": 165.4411659214708,
      "inverse_median_rank": 0.0001450747134774409,
      "inverse_harmonic_mean_rank": 0.006044444829859731,
      "hits_at_1": 0.002,
      "hits_at_3": 0.004,
      "hits_at_5": 0.006,
      "hits_at_10": 0.012,
      "z_hits_at_k": 14.283325344171667,
      "adjusted_hits_at_k": 0.011670218122121821
    }
  },
  "tail": {
    "optimistic": {
      "inverse_arithmetic_mean_rank": 0.0002052201437526063,
      "z_inverse_harmonic_mean_rank": 988.2771867723027,
      "geometric_mean_rank": 81.5411802022557,
      "adjusted_arithmetic_mean_rank_index": 0.6916301059631129,
      "count": 500.0,
      "standard_deviation": 8677.441801023157,
      "adjusted_inverse_harmonic_mean_rank": 0.3186269141534193,
      "median_rank": 17.5,
      "z_arithmetic_mean_rank": 26.78587107223605,
      "adjusted_arithmetic_mean_rank": 0.3084136691719815,
      "median_absolute_deviation": 24.46293660534243,
      "z_geometric_mean_rank": 22.258976156746666,
      "inverse_geometric_mean_rank": 0.012263742044444147,
      "arithmetic_mean_rank": 4872.816,
      "adjusted_geometric_mean_rank_index": 0.9930789745060579,
      "variance": 75297996.21014401,
      "harmonic_mean_rank": 3.136145279383081,
      "inverse_median_rank": 0.05714285714285714,
      "inverse_harmonic_mean_rank": 0.3188627792768301,
      "hits_at_1": 0.244,
      "hits_at_3": 0.37,
      "hits_at_5": 0.402,
      "hits_at_10": 0.444,
      "z_hits_at_k": 557.7741216258181,
      "adjusted_hits_at_k": 0.4438239850278991
    },
    "realistic": {
      "inverse_arithmetic_mean_rank": 0.0002052200579782948,
      "z_inverse_harmonic_mean_rank": 988.2771456628006,
      "geometric_mean_rank": 81.54119110107422,
      "adjusted_arithmetic_mean_rank_index": 0.6916299875290461,
      "count": 500.0,
      "standard_deviation": 8677.4462890625,
      "adjusted_inverse_harmonic_mean_rank": 0.3186269008994518,
      "median_rank": 17.5,
      "z_arithmetic_mean_rank": 26.78586648544953,
      "adjusted_arithmetic_mean_rank": 0.30841378759855226,
      "median_absolute_deviation": 24.46293660534243,
      "z_geometric_mean_rank": 22.258976135754693,
      "inverse_geometric_mean_rank": 0.012263740412890911,
      "arithmetic_mean_rank": 4872.81787109375,
      "adjusted_geometric_mean_rank_index": 0.9930789735695059,
      "variance": 75298080.0,
      "harmonic_mean_rank": 3.1361454096961294,
      "inverse_median_rank": 0.05714285746216774,
      "inverse_harmonic_mean_rank": 0.31886276602745056,
      "hits_at_1": 0.244,
      "hits_at_3": 0.37,
      "hits_at_5": 0.402,
      "hits_at_10": 0.444,
      "z_hits_at_k": 557.7741216258181,
      "adjusted_hits_at_k": 0.4438239850278991
    },
    "pessimistic": {
      "inverse_arithmetic_mean_rank": 0.00020521997529151498,
      "z_inverse_harmonic_mean_rank": 988.277186753584,
      "geometric_mean_rank": 81.54119283737147,
      "adjusted_arithmetic_mean_rank_index": 0.691629852776298,
      "count": 500.0,
      "standard_deviation": 8677.451514332995,
      "adjusted_inverse_harmonic_mean_rank": 0.31862691414738437,
      "median_rank": 17.5,
      "z_arithmetic_mean_rank": 26.785861266663208,
      "adjusted_arithmetic_mean_rank": 0.30841392234277154,
      "median_absolute_deviation": 24.46293660534243,
      "z_geometric_mean_rank": 22.25897613241045,
      "inverse_geometric_mean_rank": 0.012263740144131004,
      "arithmetic_mean_rank": 4872.82,
      "adjusted_geometric_mean_rank_index": 0.9930789734203033,
      "variance": 75298164.7836,
      "harmonic_mean_rank": 3.1361452794424167,
      "inverse_median_rank": 0.05714285714285714,
      "inverse_harmonic_mean_rank": 0.3188627792707972,
      "hits_at_1": 0.244,
      "hits_at_3": 0.37,
      "hits_at_5": 0.402,
      "hits_at_10": 0.444,
      "z_hits_at_k": 557.7741216258181,
      "adjusted_hits_at_k": 0.4438239850278991
    }
  },
  "both": {
    "optimistic": {
      "inverse_arithmetic_mean_rank": 0.00013873953192889153,
      "z_inverse_harmonic_mean_rank": 701.8288147835383,
      "geometric_mean_rank": 572.2523594055068,
      "adjusted_arithmetic_mean_rank_index": 0.5326022037526589,
      "count": 1000.0,
      "standard_deviation": 9141.597652653447,
      "adjusted_inverse_harmonic_mean_rank": 0.16215646649866014,
      "median_rank": 2620.0,
      "z_arithmetic_mean_rank": 29.137497653732307,
      "adjusted_arithmetic_mean_rank": 0.4674323362158243,
      "median_absolute_deviation": 3882.9352102661715,
      "z_geometric_mean_rank": 30.07955762033452,
      "inverse_geometric_mean_rank": 0.001747480781099558,
      "arithmetic_mean_rank": 7207.751,
      "adjusted_geometric_mean_rank_index": 0.9496166597354315,
      "variance": 83568807.64299901,