{
  "head": {
    "optimistic": {
      "adjusted_arithmetic_mean_rank_index": 0.15753659244516316,
      "count": 500.0,
      "standard_deviation": 3043.7753649959127,
      "adjusted_inverse_harmonic_mean_rank": 0.0049677748565682385,
      "median_rank": 3517.0,
      "z_arithmetic_mean_rank": 6.100494392231404,
      "adjusted_arithmetic_mean_rank": 0.8424960616864274,
      "median_absolute_deviation": 3962.254428956221,
      "z_geometric_mean_rank": 8.451681801177498,
      "inverse_geometric_mean_rank": 0.00045115565837526307,
      "arithmetic_mean_rank": 4064.538,
      "adjusted_geometric_mean_rank_index": 0.3765467765728556,
      "variance": 9264568.472556,
      "harmonic_mean_rank": 167.4033463602762,
      "inverse_median_rank": 0.0002843332385555871,
      "inverse_harmonic_mean_rank": 0.005973596237723083,
      "inverse_arithmetic_mean_rank": 0.00024603042215376014,
      "z_inverse_harmonic_mean_rank": 8.5241144449966,
      "geometric_mean_rank": 2216.5298859406485,
      "hits_at_1": 0.002,
      "hits_at_3": 0.004,
      "hits_at_5": 0.008,
      "hits_at_10": 0.01,
      "z_hits_at_k": 6.228455490336661,
      "adjusted_hits_at_k": 0.00897271248767586
    },
    "realistic": {
      "adjusted_arithmetic_mean_rank_index": 0.15753637216486305,
      "count": 500.0,
      "standard_deviation": 3043.77587890625,
      "adjusted_inverse_harmonic_mean_rank": 0.004967775210705561,
      "median_rank": 3517.0,
      "z_arithmetic_mean_rank": 6.100485862030794,
      "adjusted_arithmetic_mean_rank": 0.842496281921068,
      "median_absolute_deviation": 3962.254428956221,
      "z_geometric_mean_rank": 8.451680895722175,
      "inverse_geometric_mean_rank": 0.00045115561806596816,
      "arithmetic_mean_rank": 4064.5390625,
      "adjusted_geometric_mean_rank_index": 0.376546736232212,
      "variance": 9264571.0,
      "harmonic_mean_rank": 167.40333644600673,
      "inverse_median_rank": 0.0002843332476913929,
      "inverse_harmonic_mean_rank": 0.005973596591502428,
      "inverse_arithmetic_mean_rank": 0.0002460303658153862,
      "z_inverse_harmonic_mean_rank": 8.524115052654386,
      "geometric_mean_rank": 2216.530029296875,
      "hits_at_1": 0.002,
      "hits_at_3": 0.004,
      "hits_at_5": 0.008,
      "hits_at_10": 0.01,
      "z_hits_at_k": 6.228455490336661,
      "adjusted_hits_at_k": 0.00897271248767586
    },
    "pessimistic": {
      "adjusted_arithmetic_mean_rank_index": 0.15753617779989226,
      "count": 500.0,
      "standard_deviation": 3043.7763262762924,
      "adjusted_inverse_harmonic_mean_rank": 0.00496777479104253,
      "median_rank": 3517.0,
      "z_arithmetic_mean_rank": 6.100478335383208,
      "adjusted_arithmetic_mean_rank": 0.8424964762457509,
      "median_absolute_deviation": 3962.254428956221,
      "z_geometric_mean_rank": 8.451676735641788,
      "inverse_geometric_mean_rank": 0.00045115549513489105,
      "arithmetic_mean_rank": 4064.54,
      "adjusted_geometric_mean_rank_index": 0.3765465508886441,
      "variance": 9264574.324400002,
      "harmonic_mean_rank": 167.40334819470462,
      "inverse_median_rank": 0.0002843332385555871,
      "inverse_harmonic_mean_rank": 0.005973596172263611,
      "inverse_arithmetic_mean_rank": 0.0002460303010918825,
      "z_inverse_harmonic_mean_rank": 8.524114332562231,
      "geometric_mean_rank": 2216.5306879416594,
      "hits_at_1": 0.002,
      "hits_at_3": 0.004,
      "hits_at_5": 0.008,
      "hits_at_10": 0.01,
      "z_hits_at_k": 6.228455490336661,
      "adjusted_hits_at_k": 0.00897271248767586
    }
  },
  "tail": {
    "optimistic": {
      "adjusted_arithmetic_mean_rank_index": 0.487501195821059,
      "count": 500.0,
      "standard_deviation": 3263.7926679315888,
      "adjusted_inverse_harmonic_mean_rank": 0.08798606381651643,
      "median_rank": 211.0,
      "z_arithmetic_mean_rank": 18.878893846271033,
      "adjusted_arithmetic_mean_rank": 0.512599294528556,
      "median_absolute_deviation": 311.3464658861764,
      "z_geometric_mean_rank": 21.209349117471476,
      "inverse_geometric_mean_rank": 0.005057297867898633,
      "arithmetic_mean_rank": 2486.734,
      "adjusted_geometric_mean_rank_index": 0.9449470151825412,
      "variance": 10652342.579243999,
      "harmonic_mean_rank": 11.248172836399124,
      "inverse_median_rank": 0.004739336492890996,
      "inverse_harmonic_mean_rank": 0.08890332808222831,
      "inverse_arithmetic_mean_rank": 0.0004021338832380142,
      "z_inverse_harmonic_mean_rank": 151.39758464782852,
      "geometric_mean_rank": 197.73405208096074,
      "hits_at_1": 0.034,
      "hits_at_3": 0.08,
      "hits_at_5": 0.122,
      "hits_at_10": 0.208,
      "z_hits_at_k": 144.22249305223568,
      "adjusted_hits_at_k": 0.20718278464042597
    },
    "realistic": {
      "adjusted_arithmetic_mean_rank_index": 0.487501219176939,
      "count": 500.0,
      "standard_deviation": 3263.79248046875,
      "adjusted_inverse_harmonic_mean_rank": 0.08798607346104444,
      "median_rank": 211.0,
      "z_arithmetic_mean_rank": 18.878894750747133,
      "adjusted_arithmetic_mean_rank": 0.5125992711774905,
      "median_absolute_deviation": 311.3464658861764,
      "z_geometric_mean_rank": 21.209349101866795,
      "inverse_geometric_mean_rank": 0.005057297646999359,
      "arithmetic_mean_rank": 2486.73388671875,
      "adjusted_geometric_mean_rank_index": 0.944947014487301,
      "variance": 10652342.0,
      "harmonic_mean_rank": 11.24817161738741,
      "inverse_median_rank": 0.004739336669445038,
      "inverse_harmonic_mean_rank": 0.08890333771705627,
      "inverse_arithmetic_mean_rank": 0.00040213391184806824,
      "z_inverse_harmonic_mean_rank": 151.39760124316402,
      "geometric_mean_rank": 197.7340545654297,
      "hits_at_1": 0.034,
      "hits_at_3": 0.08,
      "hits_at_5": 0.122,
      "hits_at_10": 0.208,
      "z_hits_at_k": 144.22249305223568,
      "adjusted_hits_at_k": 0.20718278464042597
    },
    "pessimistic": {
      "adjusted_arithmetic_mean_rank_index": 0.487501195821059,
      "count": 500.0,
      "standard_deviation": 3263.7926679315888,
      "adjusted_inverse_harmonic_mean_rank": 0.08798606381651643,
      "median_rank": 211.0,
      "z_arithmetic_mean_rank": 18.878893846271033,
      "adjusted_arithmetic_mean_rank": 0.512599294528556,
      "median_absolute_deviation": 311.3464658861764,
      "z_geometric_mean_rank": 21.209349117471476,
      "inverse_geometric_mean_rank": 0.005057297867898633,
      "arithmetic_mean_rank": 2486.734,
      "adjusted_geometric_mean_rank_index": 0.9449470151825412,
      "variance": 10652342.579243999,
      "harmonic_mean_rank": 11.248172836399124,
      "inverse_median_rank": 0.004739336492890996,
      "inverse_harmonic_mean_rank": 0.08890332808222831,
      "inverse_arithmetic_mean_rank": 0.0004021338832380142,
      "z_inverse_harmonic_mean_rank": 151.39758464782852,
      "geometric_mean_rank": 197.73405208096074,
      "hits_at_1": 0.034,
      "hits_at_3": 0.08,
      "hits_at_5": 0.122,
      "hits_at_10": 0.208,
      "z_hits_at_k": 144.22249305223568,
      "adjusted_hits_at_k": 0.20718278464042597
    }
  },
  "both": {
    "optimistic": {
      "adjusted_arithmetic_mean_rank_index": 0.32297637369407783,
      "count": 1000.0,
      "standard_deviation": 3252.817531234114,
      "adjusted_inverse_harmonic_mean_rank": 0.04647702500435741,
      "median_rank": 2259.5,
      "z_arithmetic_mean_rank": 17.68790316693586,
      "adjusted_arithmetic_mean_rank": 0.6770903871419559,
      "median_absolute_deviation": 3329.183281654329,
      "z_geometric_mean_rank": 25.832350664490367,
      "inverse_geometric_mean_rank": 0.001510506057317092,
      "arithmetic_mean_rank": 3275.636,
      "adjusted_geometric_mean_rank_index": 0.8144117446592157,
      "variance": 10580821.891503997,
      "harmonic_mean_rank": 21.079941348598563,
      "inverse_median_rank": 0.0004425757911042266,
      "inverse_harmonic_mean_rank": 0.0474384621599757,