{
  "losses": [
    1.2368298868338268,
    0.9362541784842809,
    0.8420326432176665
  ],
  "metrics": {
    "both": {
      "optimistic": {
        "adjusted_arithmetic_mean_rank": 0.4674323362158243,
        "adjusted_arithmetic_mean_rank_index": 0.5326022037526589,
        "adjusted_geometric_mean_rank_index": 0.9496166597354315,
        "adjusted_hits_at_k": 0.22774896070475512,
        "adjusted_inverse_harmonic_mean_rank": 0.16215646649866014,
        "arithmetic_mean_rank": 7207.751,
        "count": 1000.0,
        "geometric_mean_rank": 572.2523594055068,
        "harmonic_mean_rank": 6.155603355622428,
        "hits_at_1": 0.123,
        "hits_at_10": 0.228,
        "hits_at_3": 0.187,
        "hits_at_5": 0.204,
        "inverse_arithmetic_mean_rank": 0.00013873953192889153,
        "inverse_geometric_mean_rank": 0.001747480781099558,
        "inverse_harmonic_mean_rank": 0.16245361213643117,
        "inverse_median_rank": 0.0003816793893129771,
        "median_absolute_deviation": 3882.9352102661715,
        "median_rank": 2620.0,
        "standard_deviation": 9141.597652653447,
        "variance": 83568807.64299901,
        "z_arithmetic_mean_rank": 29.137497653732307,
        "z_geometric_mean_rank": 30.07955762033452,
        "z_hits_at_k": 399.38742864026125,
        "z_inverse_harmonic_mean_rank": 701.8288147835383
      },
      "pessimistic": {
        "adjusted_arithmetic_mean_rank": 0.46743259562119843,
        "adjusted_arithmetic_mean_rank_index": 0.5326019443304608,
        "adjusted_geometric_mean_rank_index": 0.9496166378748103,
        "adjusted_hits_at_k": 0.22774896070475512,
        "adjusted_inverse_harmonic_mean_rank": 0.1621564664125269,
        "arithmetic_mean_rank": 7207.755,
        "count": 1000.0,
        "geometric_mean_rank": 572.2526072638533,
        "harmonic_mean_rank": 6.155603358884983,
        "hits_at_1": 0.123,
        "hits_at_10": 0.228,
        "hits_at_3": 0.187,
        "hits_at_5": 0.204,
        "inverse_arithmetic_mean_rank": 0.0001387394549343034,
        "inverse_geometric_mean_rank": 0.0017474800242175596,
        "inverse_harmonic_mean_rank": 0.1624536120503285,
        "inverse_median_rank": 0.0003816793893129771,
        "median_absolute_deviation": 3882.9352102661715,
        "median_rank": 2620.0,
        "standard_deviation": 9141.601967761175,
        "variance": 83568886.536975,
        "z_arithmetic_mean_rank": 29.137483461313217,
        "z_geometric_mean_rank": 30.079556927888987,
        "z_hits_at_k": 399.38742864026125,
        "z_inverse_harmonic_mean_rank": 701.8288144107454
      },
      "realistic": {
        "adjusted_arithmetic_mean_rank": 0.46743246135865124,
        "adjusted_arithmetic_mean_rank_index": 0.5326020786017157,
        "adjusted_geometric_mean_rank_index": 0.9496166471199451,
        "adjusted_hits_at_k": 0.22774896070475512,
        "adjusted_inverse_harmonic_mean_rank": 0.16215644617860023,
        "arithmetic_mean_rank": 7207.7529296875,
        "count": 1000.0,
        "geometric_mean_rank": 572.2525024414062,
        "harmonic_mean_rank": 6.155604125306042,
        "hits_at_1": 0.123,
        "hits_at_10": 0.228,
        "hits_at_3": 0.187,
        "hits_at_5": 0.204,
        "inverse_arithmetic_mean_rank": 0.00013873948773834854,
        "inverse_geometric_mean_rank": 0.0017474803607910872,
        "inverse_harmonic_mean_rank": 0.16245359182357788,
        "inverse_median_rank": 0.0003816793905571103,
        "median_absolute_deviation": 3882.9352102661715,
        "median_rank": 2620.0,
        "standard_deviation": 9141.599609375,
        "variance": 83568848.0,
        "z_arithmetic_mean_rank": 29.13749080699888,
        "z_geometric_mean_rank": 30.079557220733008,
        "z_hits_at_k": 399.38742864026125,
        "z_inverse_harmonic_mean_rank": 701.8287268363607
      }
    },
    "head": {
      "optimistic": {
        "adjusted_arithmetic_mean_rank": 0.634480730944789,
        "adjusted_arithmetic_mean_rank_index": 0.3655435735700773,
        "adjusted_geometric_mean_rank_index": 0.6369027955953787,
        "adjusted_hits_at_k": 0.011670218122121821,
        "adjusted_inverse_harmonic_mean_rank": 0.005683359822592383,
        "arithmetic_mean_rank": 9542.686,
        "count": 500.0,
        "geometric_mean_rank": 4016.0414901145796,
        "harmonic_mean_rank": 165.44116137319847,
        "hits_at_1": 0.002,
        "hits_at_10": 0.012,
        "hits_at_3": 0.004,
        "hits_at_5": 0.006,
        "inverse_arithmetic_mean_rank": 0.00010479229852056329,
        "inverse_geometric_mean_rank": 0.00024900141157940814,
        "inverse_harmonic_mean_rank": 0.00604444499603229,
        "inverse_median_rank": 0.0001450747134774409,
        "median_absolute_deviation": 8928.230559840735,
        "median_rank": 6893.0,
        "standard_deviation": 8996.431301766495,
        "variance": 80935776.167404,
        "z_arithmetic_mean_rank": 14.131947297776666,
        "z_geometric_mean_rank": 14.276156234494302,
        "z_hits_at_k": 14.283325344171667,
        "z_inverse_harmonic_mean_rank": 17.16817517392643
      },
      "pessimistic": {
        "adjusted_arithmetic_mean_rank": 0.6344809968995657,
        "adjusted_arithmetic_mean_rank_index": 0.36554330759761644,
        "adjusted_geometric_mean_rank_index": 0.6369025372594039,
        "adjusted_hits_at_k": 0.011670218122121821,
        "adjusted_inverse_harmonic_mean_rank": 0.005683359656359456,
        "arithmetic_mean_rank": 9542.69,
        "count": 500.0,
        "geometric_mean_rank": 4016.0443467316086,
        "harmonic_mean_rank": 165.4411659214708,
        "hits_at_1": 0.002,
        "hits_at_10": 0.012,
        "hits_at_3": 0.004,
        "hits_at_5": 0.006,
        "inverse_arithmetic_mean_rank": 0.00010479225459487838,
        "inverse_geometric_mean_rank": 0.0002490012344644136,
        "inverse_harmonic_mean_rank": 0.006044444829859731,
        "inverse_median_rank": 0.0001450747134774409,
        "median_absolute_deviation": 8928.230559840735,
        "median_rank": 6893.0,
        "standard_deviation": 8996.43070233412,
        "variance": 80935765.3819,
        "z_arithmetic_mean_rank": 14.131937015257506,
        "z_geometric_mean_rank": 14.276150443901509,
        "z_hits_at_k": 14.283325344171667,
        "z_inverse_harmonic_mean_rank": 17.16817467177346
      },
      "realistic": {
        "adjusted_arithmetic_mean_rank": 0.6344808956081956,
        "adjusted_arithmetic_mean_rank_index": 0.3655434088957217,
        "adjusted_geometric_mean_rank_index": 0.636902507325422,
        "adjusted_hits_at_k": 0.011670218122121821,
        "adjusted_inverse_harmonic_mean_rank": 0.005683359920316732,
        "arithmetic_mean_rank": 9542.6884765625,
        "count": 500.0,
        "geometric_mean_rank": 4016.044677734375,
        "harmonic_mean_rank": 165.44115869937838,
        "hits_at_1": 0.002,
        "hits_at_10": 0.012,
        "hits_at_3": 0.004,
        "hits_at_5": 0.006,
        "inverse_arithmetic_mean_rank": 0.00010479227057658136,
        "inverse_geometric_mean_rank": 0.00024900122662074864,
        "inverse_harmonic_mean_rank": 0.006044445093721151,
        "inverse_median_rank": 0.00014507470768876374,
        "median_absolute_deviation": 8928.230559840735,
        "median_rank": 6893.0,
        "standard_deviation": 8996.431640625,
        "variance": 80935776.0,
        "z_arithmetic_mean_rank": 14.131940931451329,
        "z_geometric_mean_rank": 14.276149772932243,
        "z_hits_at_k": 14.283325344171667,
        "z_inverse_harmonic_mean_rank": 17.168175469130112
      }
    },
    "tail": {
      "optimistic": {
        "adjusted_arithmetic_mean_rank": 0.3084136691719815,
        "adjusted_arithmetic_mean_rank_index": 0.6916301059631129,
        "adjusted_geometric_mean_rank_index": 0.9930789745060579,
        "adjusted_hits_at_k": 0.4438239850278991,
        "adjusted_inverse_harmonic_mean_rank": 0.3186269141534193,
        "arithmetic_mean_rank": 4872.816,