{
  "losses": [
    1.0491566237281351,
    1.0151459890253403,
    0.9193666869518804
  ],
  "metrics": {
    "both": {
      "optimistic": {
        "adjusted_arithmetic_mean_rank": 0.6770903871419559,
        "adjusted_arithmetic_mean_rank_index": 0.32297637369407783,
        "adjusted_geometric_mean_rank_index": 0.8144117446592157,
        "adjusted_hits_at_k": 0.10807803698724805,
        "adjusted_inverse_harmonic_mean_rank": 0.04647702500435741,
        "arithmetic_mean_rank": 3275.636,
        "count": 1000.0,
        "geometric_mean_rank": 662.0297847571462,
        "harmonic_mean_rank": 21.079941348598563,
        "hits_at_1": 0.018,
        "hits_at_10": 0.109,
        "hits_at_3": 0.042,
        "hits_at_5": 0.065,
        "inverse_arithmetic_mean_rank": 0.00030528422571982967,
        "inverse_geometric_mean_rank": 0.001510506057317092,
        "inverse_harmonic_mean_rank": 0.0474384621599757,
        "inverse_median_rank": 0.0004425757911042266,
        "median_absolute_deviation": 3329.183281654329,
        "median_rank": 2259.5,
        "standard_deviation": 3252.817531234114,
        "variance": 10580821.891503997,
        "z_arithmetic_mean_rank": 17.68790316693586,
        "z_geometric_mean_rank": 25.832350664490367,
        "z_hits_at_k": 106.24770596743957,
        "z_inverse_harmonic_mean_rank": 112.94023330120598
      },
      "pessimistic": {
        "adjusted_arithmetic_mean_rank": 0.6770905938469706,
        "adjusted_arithmetic_mean_rank_index": 0.32297616694632747,
        "adjusted_geometric_mean_rank_index": 0.8144117110329779,
        "adjusted_hits_at_k": 0.10807803698724805,
        "adjusted_inverse_harmonic_mean_rank": 0.04647702497159464,
        "arithmetic_mean_rank": 3275.637,
        "count": 1000.0,
        "geometric_mean_rank": 662.0299045273584,
        "harmonic_mean_rank": 21.079941363142474,
        "hits_at_1": 0.018,
        "hits_at_10": 0.109,
        "hits_at_3": 0.042,
        "hits_at_5": 0.065,
        "inverse_arithmetic_mean_rank": 0.00030528413252139963,
        "inverse_geometric_mean_rank": 0.001510505784046006,
        "inverse_harmonic_mean_rank": 0.047438462127245964,
        "inverse_median_rank": 0.0004425757911042266,
        "median_absolute_deviation": 3329.183281654329,
        "median_rank": 2259.5,
        "standard_deviation": 3252.8182235149566,
        "variance": 10580826.395231,
        "z_arithmetic_mean_rank": 17.687891844329975,
        "z_geometric_mean_rank": 25.832349597898716,
        "z_hits_at_k": 106.24770596743957,
        "z_inverse_harmonic_mean_rank": 112.9402332215917
      },
      "realistic": {
        "adjusted_arithmetic_mean_rank": 0.6770904852460937,
        "adjusted_arithmetic_mean_rank_index": 0.32297627556965725,
        "adjusted_geometric_mean_rank_index": 0.8144116931391568,
        "adjusted_hits_at_k": 0.10807803698724805,
        "adjusted_inverse_harmonic_mean_rank": 0.046477027906111114,
        "arithmetic_mean_rank": 3275.636474609375,
        "count": 1000.0,
        "geometric_mean_rank": 662.0299682617188,
        "harmonic_mean_rank": 21.079940060464107,
        "hits_at_1": 0.018,
        "hits_at_10": 0.109,
        "hits_at_3": 0.042,
        "hits_at_5": 0.065,
        "inverse_arithmetic_mean_rank": 0.00030528419301845133,
        "inverse_geometric_mean_rank": 0.0015105056809261441,
        "inverse_harmonic_mean_rank": 0.047438465058803565,
        "inverse_median_rank": 0.0004425757797434926,
        "median_absolute_deviation": 3329.183281654329,
        "median_rank": 2259.5,
        "standard_deviation": 3252.81787109375,
        "variance": 10580824.0,
        "z_arithmetic_mean_rank": 17.68789779312096,
        "z_geometric_mean_rank": 25.832349030324067,
        "z_hits_at_k": 106.24770596743957,
        "z_inverse_harmonic_mean_rank": 112.9402403525338
      }
    },
    "head": {
      "optimistic": {
        "adjusted_arithmetic_mean_rank": 0.8424960616864274,
        "adjusted_arithmetic_mean_rank_index": 0.15753659244516316,
        "adjusted_geometric_mean_rank_index": 0.3765467765728556,
        "adjusted_hits_at_k": 0.00897271248767586,
        "adjusted_inverse_harmonic_mean_rank": 0.0049677748565682385,
        "arithmetic_mean_rank": 4064.538,
        "count": 500.0,
        "geometric_mean_rank": 2216.5298859406485,
        "harmonic_mean_rank": 167.4033463602762,
        "hits_at_1": 0.002,
        "hits_at_10": 0.01,
        "hits_at_3": 0.004,
        "hits_at_5": 0.008,
        "inverse_arithmetic_mean_rank": 0.00024603042215376014,
        "inverse_geometric_mean_rank": 0.00045115565837526307,
        "inverse_harmonic_mean_rank": 0.005973596237723083,
        "inverse_median_rank": 0.0002843332385555871,
        "median_absolute_deviation": 3962.254428956221,
        "median_rank": 3517.0,
        "standard_deviation": 3043.7753649959127,
        "variance": 9264568.472556,
        "z_arithmetic_mean_rank": 6.100494392231404,
        "z_geometric_mean_rank": 8.451681801177498,
        "z_hits_at_k": 6.228455490336661,
        "z_inverse_harmonic_mean_rank": 8.5241144449966
      },
      "pessimistic": {
        "adjusted_arithmetic_mean_rank": 0.8424964762457509,
        "adjusted_arithmetic_mean_rank_index": 0.15753617779989226,
        "adjusted_geometric_mean_rank_index": 0.3765465508886441,
        "adjusted_hits_at_k": 0.00897271248767586,
        "adjusted_inverse_harmonic_mean_rank": 0.00496777479104253,
        "arithmetic_mean_rank": 4064.54,
        "count": 500.0,
        "geometric_mean_rank": 2216.5306879416594,
        "harmonic_mean_rank": 167.40334819470462,
        "hits_at_1": 0.002,
        "hits_at_10": 0.01,
        "hits_at_3": 0.004,
        "hits_at_5": 0.008,
        "inverse_arithmetic_mean_rank": 0.0002460303010918825,
        "inverse_geometric_mean_rank": 0.00045115549513489105,
        "inverse_harmonic_mean_rank": 0.005973596172263611,
        "inverse_median_rank": 0.0002843332385555871,
        "median_absolute_deviation": 3962.254428956221,
        "median_rank": 3517.0,
        "standard_deviation": 3043.7763262762924,
        "variance": 9264574.324400002,
        "z_arithmetic_mean_rank": 6.100478335383208,
        "z_geometric_mean_rank": 8.451676735641788,
        "z_hits_at_k": 6.228455490336661,
        "z_inverse_harmonic_mean_rank": 8.524114332562231
      },
      "realistic": {
        "adjusted_arithmetic_mean_rank": 0.842496281921068,
        "adjusted_arithmetic_mean_rank_index": 0.15753637216486305,
        "adjusted_geometric_mean_rank_index": 0.376546736232212,
        "adjusted_hits_at_k": 0.00897271248767586,
        "adjusted_inverse_harmonic_mean_rank": 0.004967775210705561,
        "arithmetic_mean_rank": 4064.5390625,
        "count": 500.0,
        "geometric_mean_rank": 2216.530029296875,
        "harmonic_mean_rank": 167.40333644600673,
        "hits_at_1": 0.002,
        "hits_at_10": 0.01,
        "hits_at_3": 0.004,
        "hits_at_5": 0.008,
        "inverse_arithmetic_mean_rank": 0.0002460303658153862,
        "inverse_geometric_mean_rank": 0.00045115561806596816,
        "inverse_harmonic_mean_rank": 0.005973596591502428,
        "inverse_median_rank": 0.0002843332476913929,
        "median_absolute_deviation": 3962.254428956221,
        "median_rank": 3517.0,
        "standard_deviation": 3043.77587890625,
        "variance": 9264571.0,
        "z_arithmetic_mean_rank": 6.100485862030794,
        "z_geometric_mean_rank": 8.451680895722175,
        "z_hits_at_k": 6.228455490336661,
        "z_inverse_harmonic_mean_rank": 8.524115052654386
      }
    },
    "tail": {
      "optimistic": {
        "adjusted_arithmetic_mean_rank": 0.512599294528556,
        "adjusted_arithmetic_mean_rank_index": 0.487501195821059,
        "adjusted_geometric_mean_rank_index": 0.9449470151825412,
        "adjusted_hits_at_k": 0.20718278464042597,
        "adjusted_inverse_harmonic_mean_rank": 0.08798606381651643,
        "arithmetic_mean_rank": 2486.734,