{
  "losses": [
    1.236471962110669,
    0.9196378591598249,
    0.8044149761690813
  ],
  "metrics": {
    "both": {
      "optimistic": {
        "adjusted_arithmetic_mean_rank": 0.3908946718841252,
        "adjusted_arithmetic_mean_rank_index": 0.6091446588679545,
        "adjusted_geometric_mean_rank_index": 0.9585188856298545,
        "adjusted_hits_at_k": 0.22074786449997286,
        "adjusted_inverse_harmonic_mean_rank": 0.1711794256812107,
        "arithmetic_mean_rank": 6054.077,
        "count": 1000.0,
        "geometric_mean_rank": 473.4530942423923,
        "harmonic_mean_rank": 5.831851466448943,
        "hits_at_1": 0.142,
        "hits_at_10": 0.221,
        "hits_at_3": 0.186,
        "hits_at_5": 0.2,
        "inverse_arithmetic_mean_rank": 0.0001651779453746624,
        "inverse_geometric_mean_rank": 0.0021121416506954607,
        "inverse_harmonic_mean_rank": 0.17147213123534974,
        "inverse_median_rank": 0.0006887052341597796,
        "median_absolute_deviation": 2151.2558190516284,
        "median_rank": 1452.0,
        "standard_deviation": 8569.122874079412,
        "variance": 73429866.831071,
        "z_arithmetic_mean_rank": 33.32958597333828,
        "z_geometric_mean_rank": 30.361436044574923,
        "z_hits_at_k": 388.0149072535621,
        "z_inverse_harmonic_mean_rank": 742.6097840285366
      },
      "pessimistic": {
        "adjusted_arithmetic_mean_rank": 0.39089473645130396,
        "adjusted_arithmetic_mean_rank_index": 0.6091445942966065,
        "adjusted_geometric_mean_rank_index": 0.9585188839632648,
        "adjusted_hits_at_k": 0.22074786449997286,
        "adjusted_inverse_harmonic_mean_rank": 0.17117942567960273,
        "arithmetic_mean_rank": 6054.078,
        "count": 1000.0,
        "geometric_mean_rank": 473.4531132241746,
        "harmonic_mean_rank": 5.831851466503611,
        "hits_at_1": 0.142,
        "hits_at_10": 0.221,
        "hits_at_3": 0.186,
        "hits_at_5": 0.2,
        "inverse_arithmetic_mean_rank": 0.00016517791809091326,
        "inverse_geometric_mean_rank": 0.002112141566015031,
        "inverse_harmonic_mean_rank": 0.17147213123374236,
        "inverse_median_rank": 0.0006887052341597796,
        "median_absolute_deviation": 2151.2558190516284,
        "median_rank": 1452.0,
        "standard_deviation": 8569.125078321356,
        "variance": 73429904.607916,
        "z_arithmetic_mean_rank": 33.32958244029196,
        "z_geometric_mean_rank": 30.361435991785083,
        "z_hits_at_k": 388.0149072535621,
        "z_inverse_harmonic_mean_rank": 742.609784021561
      },
      "realistic": {
        "adjusted_arithmetic_mean_rank": 0.3908947129952585,
        "adjusted_arithmetic_mean_rank_index": 0.6091446177541666,
        "adjusted_geometric_mean_rank_index": 0.9585188882882062,
        "adjusted_hits_at_k": 0.22074786449997286,
        "adjusted_inverse_harmonic_mean_rank": 0.17117942665216698,
        "arithmetic_mean_rank": 6054.07763671875,
        "count": 1000.0,
        "geometric_mean_rank": 473.45306396484375,
        "harmonic_mean_rank": 5.831851482391357,
        "hits_at_1": 0.142,
        "hits_at_10": 0.221,
        "hits_at_3": 0.186,
        "hits_at_5": 0.2,
        "inverse_arithmetic_mean_rank": 0.00016517793119419366,
        "inverse_geometric_mean_rank": 0.0021121418103575706,
        "inverse_harmonic_mean_rank": 0.17147213220596313,
        "inverse_median_rank": 0.000688705244101584,
        "median_absolute_deviation": 2151.255859375,
        "median_rank": 1452.0,
        "standard_deviation": 8569.1240234375,
        "variance": 73429888.0,
        "z_arithmetic_mean_rank": 33.32958372378144,
        "z_geometric_mean_rank": 30.361436128779182,
        "z_hits_at_k": 388.0149072535621,
        "z_inverse_harmonic_mean_rank": 742.6097882407347
      }
    },
    "head": {
      "optimistic": {
        "adjusted_arithmetic_mean_rank": 0.45847922958214166,
        "adjusted_arithmetic_mean_rank_index": 0.5415564567632192,
        "adjusted_geometric_mean_rank_index": 0.836249639704929,
        "adjusted_hits_at_k": 0.04568444910029352,
        "adjusted_inverse_harmonic_mean_rank": 0.02762560737222765,
        "arithmetic_mean_rank": 6957.63,
        "count": 500.0,
        "geometric_mean_rank": 1828.1414235792954,
        "harmonic_mean_rank": 35.7451505790871,
        "hits_at_1": 0.02,
        "hits_at_10": 0.046,
        "hits_at_3": 0.024,
        "hits_at_5": 0.032,
        "inverse_arithmetic_mean_rank": 0.0001437271024759868,
        "inverse_geometric_mean_rank": 0.0005470036328163892,
        "inverse_harmonic_mean_rank": 0.02797582284028915,
        "inverse_median_rank": 0.000385579332947754,
        "median_absolute_deviation": 3713.17725624728,
        "median_rank": 2593.5,
        "standard_deviation": 8409.5693198344,
        "variance": 70720856.1451,
        "z_arithmetic_mean_rank": 20.938649996998816,
        "z_geometric_mean_rank": 18.744382944069553,
        "z_hits_at_k": 56.16854025000139,
        "z_inverse_harmonic_mean_rank": 83.83047173292208
      },
      "pessimistic": {
        "adjusted_arithmetic_mean_rank": 0.45847936137392403,
        "adjusted_arithmetic_mean_rank_index": 0.5415563249627516,
        "adjusted_geometric_mean_rank_index": 0.8362496265675141,
        "adjusted_hits_at_k": 0.04568444910029352,
        "adjusted_inverse_harmonic_mean_rank": 0.027625607369011724,
        "arithmetic_mean_rank": 6957.632,
        "count": 500.0,
        "geometric_mean_rank": 1828.1415701677674,
        "harmonic_mean_rank": 35.745150583194665,
        "hits_at_1": 0.02,
        "hits_at_10": 0.046,
        "hits_at_3": 0.024,
        "hits_at_5": 0.032,
        "inverse_arithmetic_mean_rank": 0.0001437270611610387,
        "inverse_geometric_mean_rank": 0.00054700358895522,
        "inverse_harmonic_mean_rank": 0.027975822837074383,
        "inverse_median_rank": 0.000385579332947754,
        "median_absolute_deviation": 3713.17725624728,
        "median_rank": 2593.5,
        "standard_deviation": 8409.573597072327,
        "variance": 70720928.08457601,
        "z_arithmetic_mean_rank": 20.938644901087162,
        "z_geometric_mean_rank": 18.744382649596794,
        "z_hits_at_k": 56.16854025000139,
        "z_inverse_harmonic_mean_rank": 83.83047172316328
      },
      "realistic": {
        "adjusted_arithmetic_mean_rank": 0.45847928621142314,
        "adjusted_arithmetic_mean_rank_index": 0.5415564001302058,
        "adjusted_geometric_mean_rank_index": 0.836249656574099,
        "adjusted_hits_at_k": 0.04568444910029352,
        "adjusted_inverse_harmonic_mean_rank": 0.027625606399173223,
        "arithmetic_mean_rank": 6957.630859375,
        "count": 500.0,
        "geometric_mean_rank": 1828.1412353515625,
        "harmonic_mean_rank": 35.74515151977539,
        "hits_at_1": 0.02,
        "hits_at_10": 0.046,
        "hits_at_3": 0.024,
        "hits_at_5": 0.032,
        "inverse_arithmetic_mean_rank": 0.00014372708392329514,
        "inverse_geometric_mean_rank": 0.0005470036994665861,
        "inverse_harmonic_mean_rank": 0.027975821867585182,
        "inverse_median_rank": 0.0003855793329421431,
        "median_absolute_deviation": 3713.17724609375,
        "median_rank": 2593.5,
        "standard_deviation": 8409.5712890625,
        "variance": 70720888.0,
        "z_arithmetic_mean_rank": 20.938647807349277,
        "z_geometric_mean_rank": 18.744383322188916,
        "z_hits_at_k": 56.16854025000139,
        "z_inverse_harmonic_mean_rank": 83.83046878016847
      }
    },
    "tail": {
      "optimistic": {
        "adjusted_arithmetic_mean_rank": 0.32598176827054265,
        "adjusted_arithmetic_mean_rank_index": 0.6740608937114332,
        "adjusted_geometric_mean_rank_index": 0.9895497079908736,
        "adjusted_hits_at_k": 0.3958087946479146,
        "adjusted_inverse_harmonic_mean_rank": 0.3147312317829727,
        "arithmetic_mean_rank": 5150.524,
        "count": 500.0,