{
  "losses": [
    0.8148874675155316,
    0.32946167902025597,
    0.2742729205145407,
    0.2802283966509753,
    0.2996848775123162,
    0.31869635324944895,
    0.33770991309925363,
    0.3500754549389794,
    0.36719998378286917,
    0.36495268455258123,
    0.37186173030308317,
    0.3805708566670695,
    0.3882633774841904,
    0.39595017735920257,
    0.3844609128892737,
    0.3992123233262824,
    0.39104302992265694,
    0.39912850058898725,
    0.405573784516602,
    0.4119361610639663
  ],
  "metrics": {
    "both": {
      "optimistic": {
        "adjusted_arithmetic_mean_rank": 0.21889400401763107,
        "adjusted_arithmetic_mean_rank_index": 0.7811609508767295,
        "adjusted_geometric_mean_rank_index": 0.9583704052246081,
        "adjusted_hits_at_k": 0.1558217846136886,
        "adjusted_inverse_harmonic_mean_rank": 0.06723018580384846,
        "arithmetic_mean_rank": 3111.4871624979296,
        "count": 24148.0,
        "geometric_mean_rank": 435.1332384423208,
        "harmonic_mean_rank": 14.795632342673553,
        "hits_at_1": 0.011802219645519297,
        "hits_at_10": 0.15612058969686932,
        "hits_at_3": 0.1013748550604605,
        "hits_at_5": 0.12551764121252276,
        "inverse_arithmetic_mean_rank": 0.00032138972387634444,
        "inverse_geometric_mean_rank": 0.002298146663260603,
        "inverse_harmonic_mean_rank": 0.06758751345258834,
        "inverse_median_rank": 0.001002004008016032,
        "median_absolute_deviation": 1470.7414007575571,
        "median_rank": 998.0,
        "standard_deviation": 5116.8032083608405,
        "variance": 26181675.07309179,
        "z_arithmetic_mean_rank": 209.67345936610064,
        "z_geometric_mean_rank": 149.07932462715686,
        "z_hits_at_k": 1286.813192762004,
        "z_inverse_harmonic_mean_rank": 1370.3868920513714
      },
      "pessimistic": {
        "adjusted_arithmetic_mean_rank": 0.21889428660739008,
        "adjusted_arithmetic_mean_rank_index": 0.7811606682670889,
        "adjusted_geometric_mean_rank_index": 0.9583703132018877,
        "adjusted_hits_at_k": 0.1558217846136886,
        "adjusted_inverse_harmonic_mean_rank": 0.0672301645671453,
        "arithmetic_mean_rank": 3111.4911793937385,
        "count": 24148.0,
        "geometric_mean_rank": 435.1341980990717,
        "harmonic_mean_rank": 14.795636989836412,
        "hits_at_1": 0.011802219645519297,
        "hits_at_10": 0.15612058969686932,
        "hits_at_3": 0.1013748550604605,
        "hits_at_5": 0.12551764121252276,
        "inverse_arithmetic_mean_rank": 0.00032138930896627064,
        "inverse_geometric_mean_rank": 0.0022981415948656815,
        "inverse_harmonic_mean_rank": 0.06758749222402059,
        "inverse_median_rank": 0.001002004008016032,
        "median_absolute_deviation": 1470.7414007575571,
        "median_rank": 998.0,
        "standard_deviation": 5116.80653128123,
        "variance": 26181709.07856225,
        "z_arithmetic_mean_rank": 209.67338351010588,
        "z_geometric_mean_rank": 149.079310312561,
        "z_hits_at_k": 1286.813192762004,
        "z_inverse_harmonic_mean_rank": 1370.3864591729064
      },
      "realistic": {
        "adjusted_arithmetic_mean_rank": 0.21889415142360513,
        "adjusted_arithmetic_mean_rank_index": 0.7811608034603846,
        "adjusted_geometric_mean_rank_index": 0.9583703729095195,
        "adjusted_hits_at_k": 0.1558217846136886,
        "adjusted_inverse_harmonic_mean_rank": 0.0672301746477257,
        "arithmetic_mean_rank": 3111.4892578125,
        "count": 24148.0,
        "geometric_mean_rank": 435.1335754394531,
        "harmonic_mean_rank": 14.795634783933446,
        "hits_at_1": 0.011802219645519297,
        "hits_at_10": 0.15612058969686932,
        "hits_at_3": 0.1013748550604605,
        "hits_at_5": 0.12551764121252276,
        "inverse_arithmetic_mean_rank": 0.0003213894960936159,
        "inverse_geometric_mean_rank": 0.002298144856467843,
        "inverse_harmonic_mean_rank": 0.06758750230073929,
        "inverse_median_rank": 0.0010020040208473802,
        "median_absolute_deviation": 1470.7414007575571,
        "median_rank": 998.0,
        "standard_deviation": 5116.8046875,
        "variance": 26181692.0,
        "z_arithmetic_mean_rank": 209.67341979769293,
        "z_geometric_mean_rank": 149.0793196003827,
        "z_hits_at_k": 1286.813192762004,
        "z_inverse_harmonic_mean_rank": 1370.3866646504766
      }
    },
    "head": {
      "optimistic": {
        "adjusted_arithmetic_mean_rank": 0.2873476564417309,
        "adjusted_arithmetic_mean_rank_index": 0.7127044622165783,
        "adjusted_geometric_mean_rank_index": 0.8597381109038547,
        "adjusted_hits_at_k": 0.01346731435488122,
        "adjusted_inverse_harmonic_mean_rank": 0.006224704834859101,
        "arithmetic_mean_rank": 3929.378913367567,
        "count": 12074.0,
        "geometric_mean_rank": 1406.0321993118089,
        "harmonic_mean_rank": 151.05669655172835,
        "hits_at_1": 0.0010766937220473745,
        "hits_at_10": 0.01383137319860858,
        "hits_at_3": 0.0031472585721384794,
        "hits_at_5": 0.00612887195626967,
        "inverse_arithmetic_mean_rank": 0.0002544931456210664,
        "inverse_geometric_mean_rank": 0.0007112212654087554,
        "inverse_harmonic_mean_rank": 0.0066200309077827394,
        "inverse_median_rank": 0.0005712653527563553,
        "median_absolute_deviation": 2184.6143689680043,
        "median_rank": 1750.5,
        "standard_deviation": 5426.622568583624,
        "variance": 29448232.501861133,
        "z_arithmetic_mean_rank": 135.05216941091467,
        "z_geometric_mean_rank": 94.57196639980933,
        "z_hits_at_k": 77.01887222059864,
        "z_inverse_harmonic_mean_rank": 87.8705795528244
      },
      "pessimistic": {
        "adjusted_arithmetic_mean_rank": 0.2873480258974661,
        "adjusted_arithmetic_mean_rank_index": 0.7127040927338235,
        "adjusted_geometric_mean_rank_index": 0.8597376287026208,
        "adjusted_hits_at_k": 0.01346731435488122,
        "adjusted_inverse_harmonic_mean_rank": 0.006224663339734166,
        "arithmetic_mean_rank": 3929.383965545801,
        "count": 12074.0,
        "geometric_mean_rank": 1406.0370296207716,
        "harmonic_mean_rank": 151.0576430219745,
        "hits_at_1": 0.0010766937220473745,
        "hits_at_10": 0.01383137319860858,
        "hits_at_3": 0.0031472585721384794,
        "hits_at_5": 0.00612887195626967,
        "inverse_arithmetic_mean_rank": 0.00025449281840826606,
        "inverse_geometric_mean_rank": 0.00071121882207449,
        "inverse_harmonic_mean_rank": 0.006619989429164659,
        "inverse_median_rank": 0.0005712653527563553,
        "median_absolute_deviation": 2184.6143689680043,
        "median_rank": 1750.5,
        "standard_deviation": 5426.625764124594,
        "variance": 29448267.183860835,
        "z_arithmetic_mean_rank": 135.05209939669385,
        "z_geometric_mean_rank": 94.57191335723938,
        "z_hits_at_k": 77.01887222059864,
        "z_inverse_harmonic_mean_rank": 87.86999379000136
      },
      "realistic": {
        "adjusted_arithmetic_mean_rank": 0.2873478523099333,
        "adjusted_arithmetic_mean_rank_index": 0.7127042663340513,
        "adjusted_geometric_mean_rank_index": 0.8597379010203742,
        "adjusted_hits_at_k": 0.01346731435488122,
        "adjusted_inverse_harmonic_mean_rank": 0.006224683814128381,
        "arithmetic_mean_rank": 3929.381591796875,
        "count": 12074.0,
        "geometric_mean_rank": 1406.0343017578125,
        "harmonic_mean_rank": 151.05717601611607,
        "hits_at_1": 0.0010766937220473745,
        "hits_at_10": 0.01383137319860858,
        "hits_at_3": 0.0031472585721384794,
        "hits_at_5": 0.00612887195626967,
        "inverse_arithmetic_mean_rank": 0.000254492973908782,
        "inverse_geometric_mean_rank": 0.0007112202001735568,
        "inverse_harmonic_mean_rank": 0.006620009895414114,