{
  "losses": [
    0.8055365035931269,
    0.3301551266774243,
    0.27280020195187304,
    0.2806304197247122,
    0.3073086423032424,
    0.32729914112418307,
    0.35501310616439463,
    0.36230959721347866,
    0.3641976897476935,
    0.36796199004439745,
    0.38800327845063864,
    0.4011177804101916,
    0.40271997415259775,
    0.40252695539418387,
    0.41396529724200565,
    0.4038347505471286,
    0.4053022680329342,
    0.4106971148912813,
    0.4113663020087223,
    0.4112490789563048
  ],
  "metrics": {
    "both": {
      "optimistic": {
        "adjusted_arithmetic_mean_rank": 0.22856768896975546,
        "adjusted_arithmetic_mean_rank_index": 0.7714826955031797,
        "adjusted_geometric_mean_rank_index": 0.9482117896602371,
        "adjusted_hits_at_k": 0.11580461630609075,
        "adjusted_inverse_harmonic_mean_rank": 0.04456237916594321,
        "arithmetic_mean_rank": 3499.8087013386676,
        "count": 25996.0,
        "geometric_mean_rank": 583.1164914726133,
        "harmonic_mean_rank": 22.269672579572116,
        "hits_at_1": 0.005808585936297892,
        "hits_at_10": 0.11609478381289429,
        "hits_at_3": 0.06008616710263118,
        "hits_at_5": 0.08512848130481612,
        "inverse_arithmetic_mean_rank": 0.00028572990278511584,
        "inverse_geometric_mean_rank": 0.0017149232008077514,
        "inverse_harmonic_mean_rank": 0.0449041177604603,
        "inverse_median_rank": 0.000859106529209622,
        "median_absolute_deviation": 1702.0273468444311,
        "median_rank": 1164.0,
        "standard_deviation": 5675.038591260588,
        "variance": 32206063.01229696,
        "z_arithmetic_mean_rank": 214.97256245302634,
        "z_geometric_mean_rank": 153.02965523214604,
        "z_hits_at_k": 1030.5237230445966,
        "z_inverse_harmonic_mean_rank": 978.7318075145354
      },
      "pessimistic": {
        "adjusted_arithmetic_mean_rank": 0.22856793014639265,
        "adjusted_arithmetic_mean_rank_index": 0.7714824543107907,
        "adjusted_geometric_mean_rank_index": 0.9482117352544112,
        "adjusted_hits_at_k": 0.11580461630609075,
        "adjusted_inverse_harmonic_mean_rank": 0.04456237847015653,
        "arithmetic_mean_rank": 3499.8123942144944,
        "count": 25996.0,
        "geometric_mean_rank": 583.1171030119635,
        "harmonic_mean_rank": 22.269672924515973,
        "hits_at_1": 0.005808585936297892,
        "hits_at_10": 0.11609478381289429,
        "hits_at_3": 0.06008616710263118,
        "hits_at_5": 0.08512848130481612,
        "inverse_arithmetic_mean_rank": 0.0002857296012932265,
        "inverse_geometric_mean_rank": 0.0017149214022959011,
        "inverse_harmonic_mean_rank": 0.04490411706492249,
        "inverse_median_rank": 0.000859106529209622,
        "median_absolute_deviation": 1702.0273468444311,
        "median_rank": 1164.0,
        "standard_deviation": 5675.042213745259,
        "variance": 32206104.127790686,
        "z_arithmetic_mean_rank": 214.9724952451081,
        "z_geometric_mean_rank": 153.02964645171863,
        "z_hits_at_k": 1030.5237230445966,
        "z_inverse_harmonic_mean_rank": 978.7317922328434
      },
      "realistic": {
        "adjusted_arithmetic_mean_rank": 0.22856780949919306,
        "adjusted_arithmetic_mean_rank_index": 0.77148257496587,
        "adjusted_geometric_mean_rank_index": 0.9482117766080401,
        "adjusted_hits_at_k": 0.11580461630609075,
        "adjusted_inverse_harmonic_mean_rank": 0.04456237794619387,
        "arithmetic_mean_rank": 3499.810546875,
        "count": 25996.0,
        "geometric_mean_rank": 583.1166381835938,
        "harmonic_mean_rank": 22.269673184276204,
        "hits_at_1": 0.005808585936297892,
        "hits_at_10": 0.11609478381289429,
        "hits_at_3": 0.06008616710263118,
        "hits_at_5": 0.08512848130481612,
        "inverse_arithmetic_mean_rank": 0.0002857297658920288,
        "inverse_geometric_mean_rank": 0.001714922720566392,
        "inverse_harmonic_mean_rank": 0.04490411654114723,
        "inverse_median_rank": 0.0008591065416112542,
        "median_absolute_deviation": 1702.0273468444311,
        "median_rank": 1164.0,
        "standard_deviation": 5675.04052734375,
        "variance": 32206086.0,
        "z_arithmetic_mean_rank": 214.9725288654754,
        "z_geometric_mean_rank": 153.02965312568287,
        "z_hits_at_k": 1030.5237230445966,
        "z_inverse_harmonic_mean_rank": 978.7317807249541
      }
    },
    "head": {
      "optimistic": {
        "adjusted_arithmetic_mean_rank": 0.29501952606970766,
        "adjusted_arithmetic_mean_rank_index": 0.705028034139306,
        "adjusted_geometric_mean_rank_index": 0.8458829078889333,
        "adjusted_hits_at_k": 0.005278167343583216,
        "adjusted_inverse_harmonic_mean_rank": 0.0039061282367754326,
        "arithmetic_mean_rank": 4373.341514079089,
        "count": 12998.0,
        "geometric_mean_rank": 1675.8872504893852,
        "harmonic_mean_rank": 233.97910516243655,
        "hits_at_1": 0.001000153869826127,
        "hits_at_10": 0.005616248653639021,
        "hits_at_3": 0.001615633174334513,
        "hits_at_5": 0.0031543314356054777,
        "inverse_arithmetic_mean_rank": 0.00022865810885811273,
        "inverse_geometric_mean_rank": 0.0005966988529258066,
        "inverse_harmonic_mean_rank": 0.004273885906631554,
        "inverse_median_rank": 0.0005054334091483447,
        "median_absolute_deviation": 2403.2981961975806,
        "median_rank": 1978.5,
        "standard_deviation": 5966.007457607626,
        "variance": 35593244.9842298,
        "z_arithmetic_mean_rank": 138.723645871404,
        "z_geometric_mean_rank": 96.53586089080139,
        "z_hits_at_k": 32.6353627425746,
        "z_inverse_harmonic_mean_rank": 59.611287587663966
      },
      "pessimistic": {
        "adjusted_arithmetic_mean_rank": 0.295019827085187,
        "adjusted_arithmetic_mean_rank_index": 0.7050277331035193,
        "adjusted_geometric_mean_rank_index": 0.8458826959606958,
        "adjusted_hits_at_k": 0.005278167343583216,
        "adjusted_inverse_harmonic_mean_rank": 0.0039061272641723105,
        "arithmetic_mean_rank": 4373.345976304046,
        "count": 12998.0,
        "geometric_mean_rank": 1675.8895536466675,
        "harmonic_mean_rank": 233.97915838913622,
        "hits_at_1": 0.001000153869826127,
        "hits_at_10": 0.005616248653639021,
        "hits_at_3": 0.001615633174334513,
        "hits_at_5": 0.0031543314356054777,
        "inverse_arithmetic_mean_rank": 0.00022865787555301283,
        "inverse_geometric_mean_rank": 0.0005966980328888862,
        "inverse_harmonic_mean_rank": 0.004273884934387517,
        "inverse_median_rank": 0.0005054334091483447,
        "median_absolute_deviation": 2403.2981961975806,
        "median_rank": 1978.5,
        "standard_deviation": 5966.010495204689,
        "variance": 35593281.2288925,
        "z_arithmetic_mean_rank": 138.72358663860777,
        "z_geometric_mean_rank": 96.53583670462307,
        "z_hits_at_k": 32.6353627425746,
        "z_inverse_harmonic_mean_rank": 59.61127274480144
      },
      "realistic": {
        "adjusted_arithmetic_mean_rank": 0.29501967690181746,
        "adjusted_arithmetic_mean_rank_index": 0.7050278832970207,
        "adjusted_geometric_mean_rank_index": 0.8458827546332076,
        "adjusted_hits_at_k": 0.005278167343583216,
        "adjusted_inverse_harmonic_mean_rank": 0.003906127725332928,
        "arithmetic_mean_rank": 4373.34375,
        "count": 12998.0,
        "geometric_mean_rank": 1675.888916015625,
        "harmonic_mean_rank": 233.9791331516472,
        "hits_at_1": 0.001000153869826127,
        "hits_at_10": 0.005616248653639021,
        "hits_at_3": 0.001615633174334513,
        "hits_at_5": 0.0031543314356054777,
        "inverse_arithmetic_mean_rank": 0.00022865799837745726,
        "inverse_geometric_mean_rank": 0.0005966982571408153,
        "inverse_harmonic_mean_rank": 0.004273885395377874,