{
  "losses": [
    0.8012012906563588,
    0.33002764246402644,
    0.26902626882760955,
    0.2809645091111843,
    0.2973891017528681,
    0.3144109993408888,
    0.3341300354554103,
    0.36337568225004735,
    0.3715855599978031,
    0.376115118769499,
    0.38595637663816795,
    0.39163349461861147,
    0.4018781747573461,
    0.40391443891403,
    0.40600445820735054,
    0.40156364891773616,
    0.3953857164352368,
    0.4134525296779779,
    0.4246395108027336,
    0.415444577504427
  ],
  "metrics": {
    "both": {
      "optimistic": {
        "adjusted_arithmetic_mean_rank": 0.23306373656092683,
        "adjusted_arithmetic_mean_rank_index": 0.7669900337345528,
        "adjusted_geometric_mean_rank_index": 0.949590391203499,
        "adjusted_hits_at_k": 0.13277902880807943,
        "adjusted_inverse_harmonic_mean_rank": 0.05470251737414762,
        "arithmetic_mean_rank": 3324.466818946862,
        "count": 24954.0,
        "geometric_mean_rank": 528.5693918275275,
        "harmonic_mean_rank": 18.160865902463495,
        "hits_at_1": 0.007012903742886912,
        "hits_at_10": 0.13308487617215678,
        "hits_at_3": 0.08171034703855093,
        "hits_at_5": 0.10459245010819909,
        "inverse_arithmetic_mean_rank": 0.00030080011456296745,
        "inverse_geometric_mean_rank": 0.0018918991819456329,
        "inverse_harmonic_mean_rank": 0.055063453767606504,
        "inverse_median_rank": 0.0008703220191470844,
        "median_absolute_deviation": 1687.201324659375,
        "median_rank": 1149.0,
        "standard_deviation": 5326.914014192825,
        "variance": 28376012.914603915,
        "z_arithmetic_mean_rank": 209.29268064105986,
        "z_geometric_mean_rank": 150.15801696325414,
        "z_hits_at_k": 1116.6987263074195,
        "z_inverse_harmonic_mean_rank": 1135.5440066457213
      },
      "pessimistic": {
        "adjusted_arithmetic_mean_rank": 0.23306397535935136,
        "adjusted_arithmetic_mean_rank_index": 0.766989794919386,
        "adjusted_geometric_mean_rank_index": 0.9495902835380532,
        "adjusted_hits_at_k": 0.13277902880807943,
        "adjusted_inverse_harmonic_mean_rank": 0.05470248747603635,
        "arithmetic_mean_rank": 3324.4702252143943,
        "count": 24954.0,
        "geometric_mean_rank": 528.5705186165487,
        "harmonic_mean_rank": 18.160875759610594,
        "hits_at_1": 0.007012903742886912,
        "hits_at_10": 0.13308487617215678,
        "hits_at_3": 0.08171034703855093,
        "hits_at_5": 0.10459245010819909,
        "inverse_arithmetic_mean_rank": 0.0003007998063617821,
        "inverse_geometric_mean_rank": 0.0018918951488579893,
        "inverse_harmonic_mean_rank": 0.05506342388091102,
        "inverse_median_rank": 0.0008703220191470844,
        "median_absolute_deviation": 1687.201324659375,
        "median_rank": 1149.0,
        "standard_deviation": 5326.917336872482,
        "variance": 28376048.313872617,
        "z_arithmetic_mean_rank": 209.29261547428553,
        "z_geometric_mean_rank": 150.15799993819786,
        "z_hits_at_k": 1116.6987263074195,
        "z_inverse_harmonic_mean_rank": 1135.5433860047947
      },
      "realistic": {
        "adjusted_arithmetic_mean_rank": 0.23306387193856312,
        "adjusted_arithmetic_mean_rank_index": 0.766989898347425,
        "adjusted_geometric_mean_rank_index": 0.9495903207284776,
        "adjusted_hits_at_k": 0.13277902880807943,
        "adjusted_inverse_harmonic_mean_rank": 0.054702501270861806,
        "arithmetic_mean_rank": 3324.46875,
        "count": 24954.0,
        "geometric_mean_rank": 528.5701293945312,
        "harmonic_mean_rank": 18.160871211575362,
        "hits_at_1": 0.007012903742886912,
        "hits_at_10": 0.13308487617215678,
        "hits_at_3": 0.08171034703855093,
        "hits_at_5": 0.10459245010819909,
        "inverse_arithmetic_mean_rank": 0.0003007999330293387,
        "inverse_geometric_mean_rank": 0.0018918965943157673,
        "inverse_harmonic_mean_rank": 0.05506343767046929,
        "inverse_median_rank": 0.0008703219937160611,
        "median_absolute_deviation": 1687.201324659375,
        "median_rank": 1149.0,
        "standard_deviation": 5326.91552734375,
        "variance": 28376030.0,
        "z_arithmetic_mean_rank": 209.29264369724882,
        "z_geometric_mean_rank": 150.15800581909184,
        "z_hits_at_k": 1116.6987263074195,
        "z_inverse_harmonic_mean_rank": 1135.5436723651328
      }
    },
    "head": {
      "optimistic": {
        "adjusted_arithmetic_mean_rank": 0.3061791590448824,
        "adjusted_arithmetic_mean_rank_index": 0.6938713285541885,
        "adjusted_geometric_mean_rank_index": 0.8362938587154949,
        "adjusted_hits_at_k": 0.007169336344065912,
        "adjusted_inverse_harmonic_mean_rank": 0.004765427664923428,
        "arithmetic_mean_rank": 4207.943015147872,
        "count": 12477.0,
        "geometric_mean_rank": 1649.1865727065701,
        "harmonic_mean_rank": 193.81670749653068,
        "hits_at_1": 0.000721327242125511,
        "hits_at_10": 0.007533862306644225,
        "hits_at_3": 0.004087521038711229,
        "hits_at_5": 0.005129438166225855,
        "inverse_arithmetic_mean_rank": 0.0002376458037573636,
        "inverse_geometric_mean_rank": 0.0006063595329659065,
        "inverse_harmonic_mean_rank": 0.005159513918674426,
        "inverse_median_rank": 0.0005224660397074191,
        "median_absolute_deviation": 2292.1030298096607,
        "median_rank": 1914.0,
        "standard_deviation": 5657.527372198769,
        "variance": 32007615.967178307,
        "z_arithmetic_mean_rank": 133.66686286742714,
        "z_geometric_mean_rank": 93.51523777740307,
        "z_hits_at_k": 41.78577168909191,
        "z_inverse_harmonic_mean_rank": 68.55796540816121
      },
      "pessimistic": {
        "adjusted_arithmetic_mean_rank": 0.30617950894722595,
        "adjusted_arithmetic_mean_rank_index": 0.6938709786263835,
        "adjusted_geometric_mean_rank_index": 0.836293279925636,
        "adjusted_hits_at_k": 0.007169336344065912,
        "adjusted_inverse_harmonic_mean_rank": 0.004765369062302963,
        "arithmetic_mean_rank": 4207.947823996153,
        "count": 12477.0,
        "geometric_mean_rank": 1649.1923999386233,
        "harmonic_mean_rank": 193.81890805233985,
        "hits_at_1": 0.000721327242125511,
        "hits_at_10": 0.007533862306644225,
        "hits_at_3": 0.004087521038711229,
        "hits_at_5": 0.005129438166225855,
        "inverse_arithmetic_mean_rank": 0.00023764553217542803,
        "inverse_geometric_mean_rank": 0.000606357390464094,
        "inverse_harmonic_mean_rank": 0.005159455339259031,
        "inverse_median_rank": 0.0005224660397074191,
        "median_absolute_deviation": 2292.1030298096607,
        "median_rank": 1914.0,
        "standard_deviation": 5657.531040465843,
        "variance": 32007657.473834526,
        "z_arithmetic_mean_rank": 133.66679545759192,
        "z_geometric_mean_rank": 93.51517305652689,
        "z_hits_at_k": 41.78577168909191,
        "z_inverse_harmonic_mean_rank": 68.55712231983648
      },
      "realistic": {
        "adjusted_arithmetic_mean_rank": 0.30617932620525984,
        "adjusted_arithmetic_mean_rank_index": 0.6938711613816473,
        "adjusted_geometric_mean_rank_index": 0.8362935119947443,
        "adjusted_hits_at_k": 0.007169336344065912,
        "adjusted_inverse_harmonic_mean_rank": 0.004765397957016785,
        "arithmetic_mean_rank": 4207.9453125,
        "count": 12477.0,
        "geometric_mean_rank": 1649.1900634765625,
        "harmonic_mean_rank": 193.81782303607574,
        "hits_at_1": 0.000721327242125511,
        "hits_at_10": 0.007533862306644225,
        "hits_at_3": 0.004087521038711229,
        "hits_at_5": 0.005129438166225855,
        "inverse_arithmetic_mean_rank": 0.00023764566867612302,
        "inverse_geometric_mean_rank": 0.0006063582259230316,
        "inverse_harmonic_mean_rank": 0.005159484222531319,