{
  "head": {
    "optimistic": {
      "inverse_arithmetic_mean_rank": 0.0002449052363678398,
      "z_inverse_harmonic_mean_rank": 6.872902617729682,
      "geometric_mean_rank": 1524.0081046121952,
      "adjusted_arithmetic_mean_rank_index": 0.7285610072004731,
      "count": 500.0,
      "standard_deviation": 5851.554668210492,
      "adjusted_inverse_harmonic_mean_rank": 0.002275208530113189,
      "median_rank": 1693.0,
      "z_arithmetic_mean_rank": 28.166233799206324,
      "adjusted_arithmetic_mean_rank": 0.2714874338695137,
      "median_absolute_deviation": 2014.1151138398602,
      "z_geometric_mean_rank": 19.327708617426666,
      "inverse_geometric_mean_rank": 0.0006561644895283964,
      "arithmetic_mean_rank": 4083.212,
      "adjusted_geometric_mean_rank_index": 0.8622679276336724,
      "variance": 34240692.03505601,
      "harmonic_mean_rank": 379.14240989196463,
      "inverse_median_rank": 0.0005906674542232723,
      "inverse_harmonic_mean_rank": 0.002637531370560594,
      "hits_at_1": 0.0,
      "hits_at_3": 0.0,
      "hits_at_5": 0.0,
      "hits_at_10": 0.0,
      "z_hits_at_k": -0.40852646626616174,
      "adjusted_hits_at_k": -0.0003337873257876306
    },
    "realistic": {
      "inverse_arithmetic_mean_rank": 0.0002449051826260984,
      "z_inverse_harmonic_mean_rank": 6.872903336279146,
      "geometric_mean_rank": 1524.009033203125,
      "adjusted_arithmetic_mean_rank_index": 0.7285609479800423,
      "count": 500.0,
      "standard_deviation": 5851.55517578125,
      "adjusted_inverse_harmonic_mean_rank": 0.002275208767982101,
      "median_rank": 1693.0,
      "z_arithmetic_mean_rank": 28.166231509739166,
      "adjusted_arithmetic_mean_rank": 0.2714874930860069,
      "median_absolute_deviation": 2014.1151138398602,
      "z_geometric_mean_rank": 19.32770673509806,
      "inverse_geometric_mean_rank": 0.0006561640766449273,
      "arithmetic_mean_rank": 4083.212890625,
      "adjusted_geometric_mean_rank_index": 0.8622678436572624,
      "variance": 34240700.0,
      "harmonic_mean_rank": 379.1423757109746,
      "inverse_median_rank": 0.0005906674778088927,
      "inverse_harmonic_mean_rank": 0.0026375316083431244,
      "hits_at_1": 0.0,
      "hits_at_3": 0.0,
      "hits_at_5": 0.0,
      "hits_at_10": 0.0,
      "z_hits_at_k": -0.40852646626616174,
      "adjusted_hits_at_k": -0.0003337873257876306
    },
    "pessimistic": {
      "inverse_arithmetic_mean_rank": 0.000244905116410749,
      "z_inverse_harmonic_mean_rank": 6.872902515249278,
      "geometric_mean_rank": 1524.0085015151978,
      "adjusted_arithmetic_mean_rank_index": 0.7285608742142426,
      "count": 500.0,
      "standard_deviation": 5851.555897383532,
      "adjusted_inverse_harmonic_mean_rank": 0.0022752084961880333,
      "median_rank": 1693.0,
      "z_arithmetic_mean_rank": 28.166228657946743,
      "adjusted_arithmetic_mean_rank": 0.271487566846902,
      "median_absolute_deviation": 2014.1151138398602,
      "z_geometric_mean_rank": 19.327707812872312,
      "inverse_geometric_mean_rank": 0.0006561643186411239,
      "arithmetic_mean_rank": 4083.214,
      "adjusted_geometric_mean_rank_index": 0.8622678917400531,
      "variance": 34240706.420204,
      "harmonic_mean_rank": 379.1424147668998,
      "inverse_median_rank": 0.0005906674542232723,
      "inverse_harmonic_mean_rank": 0.0026375313366477585,
      "hits_at_1": 0.0,
      "hits_at_3": 0.0,
      "hits_at_5": 0.0,
      "hits_at_10": 0.0,
      "z_hits_at_k": -0.40852646626616174,
      "adjusted_hits_at_k": -0.0003337873257876306
    }
  },
  "tail": {
    "optimistic": {
      "inverse_arithmetic_mean_rank": 0.00040588138360093094,
      "z_inverse_harmonic_mean_rank": 311.7771986909141,
      "geometric_mean_rank": 146.8413456032506,
      "adjusted_arithmetic_mean_rank_index": 0.8441145237388274,
      "count": 500.0,
      "standard_deviation": 5364.582124911874,
      "adjusted_inverse_harmonic_mean_rank": 0.10051897185518192,
      "median_rank": 137.0,
      "z_arithmetic_mean_rank": 32.69138027412019,
      "adjusted_arithmetic_mean_rank": 0.1559389025463981,
      "median_absolute_deviation": 200.15129949825626,
      "z_geometric_mean_rank": 22.133202948746522,
      "inverse_geometric_mean_rank": 0.006810071072910838,
      "arithmetic_mean_rank": 2463.774,
      "adjusted_geometric_mean_rank_index": 0.9874676324774955,
      "variance": 28778741.374924,
      "harmonic_mean_rank": 9.917650027828097,
      "inverse_median_rank": 0.0072992700729927005,
      "inverse_harmonic_mean_rank": 0.1008303375491254,
      "hits_at_1": 0.002,
      "hits_at_3": 0.168,
      "hits_at_5": 0.204,
      "hits_at_10": 0.254,
      "z_hits_at_k": 318.91674518505505,
      "adjusted_hits_at_k": 0.25376383602664165
    },
    "realistic": {
      "inverse_arithmetic_mean_rank": 0.0004058810882270336,
      "z_inverse_harmonic_mean_rank": 311.7772028678211,
      "geometric_mean_rank": 146.8416290283203,
      "adjusted_arithmetic_mean_rank_index": 0.8441144048102552,
      "count": 500.0,
      "standard_deviation": 5364.58203125,
      "adjusted_inverse_harmonic_mean_rank": 0.10051897320184357,
      "median_rank": 137.0,
      "z_arithmetic_mean_rank": 32.69137566818217,
      "adjusted_arithmetic_mean_rank": 0.15593902146744307,
      "median_absolute_deviation": 200.15129949825626,
      "z_geometric_mean_rank": 22.133202402847747,
      "inverse_geometric_mean_rank": 0.006810057908296585,
      "arithmetic_mean_rank": 2463.77587890625,
      "adjusted_geometric_mean_rank_index": 0.9874676081223503,
      "variance": 28778738.0,
      "harmonic_mean_rank": 9.917649895416604,
      "inverse_median_rank": 0.007299270015209913,
      "inverse_harmonic_mean_rank": 0.10083033889532089,
      "hits_at_1": 0.002,
      "hits_at_3": 0.168,
      "hits_at_5": 0.204,
      "hits_at_10": 0.254,
      "z_hits_at_k": 318.91674518505505,
      "adjusted_hits_at_k": 0.25376383602664165
    },
    "pessimistic": {
      "inverse_arithmetic_mean_rank": 0.0004058807246432106,
      "z_inverse_harmonic_mean_rank": 311.7771852554826,
      "geometric_mean_rank": 146.84190855978866,
      "adjusted_arithmetic_mean_rank_index": 0.8441142705520126,
      "count": 500.0,
      "standard_deviation": 5364.581234795126,
      "adjusted_inverse_harmonic_mean_rank": 0.10051896752351248,
      "median_rank": 137.0,
      "z_arithmetic_mean_rank": 32.691370468547355,
      "adjusted_arithmetic_mean_rank": 0.1559391557171882,
      "median_absolute_deviation": 200.15129949825626,
      "z_geometric_mean_rank": 22.133201864448353,
      "inverse_geometric_mean_rank": 0.006810044964737274,
      "arithmetic_mean_rank": 2463.778,
      "adjusted_geometric_mean_rank_index": 0.9874675841017883,
      "variance": 28778731.824716,
      "harmonic_mean_rank": 9.91765045374269,
      "inverse_median_rank": 0.0072992700729927005,
      "inverse_harmonic_mean_rank": 0.10083033321895543,
      "hits_at_1": 0.002,
      "hits_at_3": 0.168,
      "hits_at_5": 0.204,
      "hits_at_10": 0.254,
      "z_hits_at_k": 318.91674518505505,
      "adjusted_hits_at_k": 0.25376383602664165
    }
  },
  "both": {
    "optimistic": {
      "inverse_arithmetic_mean_rank": 0.0003054840807663252,
      "z_inverse_harmonic_mean_rank": 222.45336618922386,
      "geometric_mean_rank": 473.0617304237518,
      "adjusted_arithmetic_mean_rank_index": 0.7877606682352631,
      "count": 1000.0,
      "standard_deviation": 5671.451451255754,
      "adjusted_inverse_harmonic_mean_rank": 0.05139750757184663,
      "median_rank": 847.0,
      "z_arithmetic_mean_rank": 43.096657243775034,
      "adjusted_arithmetic_mean_rank": 0.21229041910245613,
      "median_absolute_deviation": 1242.4206591076945,
      "z_geometric_mean_rank": 30.35666794910249,
      "inverse_geometric_mean_rank": 0.0021138890248091633,
      "arithmetic_mean_rank": 3273.493,
      "adjusted_geometric_mean_rank_index": 0.9583650791139444,