{
  "head": {
    "optimistic": {
      "adjusted_arithmetic_mean_rank_index": 0.4836716838744455,
      "count": 500.0,
      "standard_deviation": 2567.8294149409535,
      "adjusted_inverse_harmonic_mean_rank": 0.004311115069500879,
      "median_rank": 1407.5,
      "z_arithmetic_mean_rank": 18.729847772886544,
      "adjusted_arithmetic_mean_rank": 0.5164285714285715,
      "median_absolute_deviation": 1606.3995037508198,
      "z_geometric_mean_rank": 14.77817486152199,
      "inverse_geometric_mean_rank": 0.0008231212891214055,
      "arithmetic_mean_rank": 2491.458,
      "adjusted_geometric_mean_rank_index": 0.6584102713096507,
      "variance": 6593747.904236,
      "harmonic_mean_rank": 188.0547533908116,
      "inverse_median_rank": 0.0007104795737122557,
      "inverse_harmonic_mean_rank": 0.005317600230619112,
      "inverse_arithmetic_mean_rank": 0.0004013714058194037,
      "z_inverse_harmonic_mean_rank": 7.397363869940142,
      "geometric_mean_rank": 1214.8877853316048,
      "hits_at_1": 0.0,
      "hits_at_3": 0.004,
      "hits_at_5": 0.006,
      "hits_at_10": 0.008,
      "z_hits_at_k": 4.838704388003525,
      "adjusted_hits_at_k": 0.006970637159368135
    },
    "realistic": {
      "adjusted_arithmetic_mean_rank_index": 0.48367147979122616,
      "count": 500.0,
      "standard_deviation": 2567.829345703125,
      "adjusted_inverse_harmonic_mean_rank": 0.004311115283056875,
      "median_rank": 1407.5,
      "z_arithmetic_mean_rank": 18.729839869906574,
      "adjusted_arithmetic_mean_rank": 0.5164287754694885,
      "median_absolute_deviation": 1606.3995037508198,
      "z_geometric_mean_rank": 14.778171575039043,
      "inverse_geometric_mean_rank": 0.0008231209358200431,
      "arithmetic_mean_rank": 2491.458984375,
      "adjusted_geometric_mean_rank_index": 0.6584101248873659,
      "variance": 6593747.0,
      "harmonic_mean_rank": 188.05474584612583,
      "inverse_median_rank": 0.0007104795658960938,
      "inverse_harmonic_mean_rank": 0.005317600443959236,
      "inverse_arithmetic_mean_rank": 0.00040137124597094953,
      "z_inverse_harmonic_mean_rank": 7.397364236376989,
      "geometric_mean_rank": 1214.8883056640625,
      "hits_at_1": 0.0,
      "hits_at_3": 0.004,
      "hits_at_5": 0.006,
      "hits_at_10": 0.008,
      "z_hits_at_k": 4.838704388003525,
      "adjusted_hits_at_k": 0.006970637159368135
    },
    "pessimistic": {
      "adjusted_arithmetic_mean_rank_index": 0.48367126922917447,
      "count": 500.0,
      "standard_deviation": 2567.8289141607547,
      "adjusted_inverse_harmonic_mean_rank": 0.004311114483591645,
      "median_rank": 1407.5,
      "z_arithmetic_mean_rank": 18.729831716038348,
      "adjusted_arithmetic_mean_rank": 0.5164289859878949,
      "median_absolute_deviation": 1606.3995037508198,
      "z_geometric_mean_rank": 14.778166559241207,
      "inverse_geometric_mean_rank": 0.0008231203985389191,
      "arithmetic_mean_rank": 2491.46,
      "adjusted_geometric_mean_rank_index": 0.65840990141912,
      "variance": 6593745.3324,
      "harmonic_mean_rank": 188.05477409030877,
      "inverse_median_rank": 0.0007104795737122557,
      "inverse_harmonic_mean_rank": 0.00531759964530214,
      "inverse_arithmetic_mean_rank": 0.00040137108362165157,
      "z_inverse_harmonic_mean_rank": 7.397362864589153,
      "geometric_mean_rank": 1214.8890997903238,
      "hits_at_1": 0.0,
      "hits_at_3": 0.004,
      "hits_at_5": 0.006,
      "hits_at_10": 0.008,
      "z_hits_at_k": 4.838704388003525,
      "adjusted_hits_at_k": 0.006970637159368135
    }
  },
  "tail": {
    "optimistic": {
      "adjusted_arithmetic_mean_rank_index": 0.6484174751516631,
      "count": 500.0,
      "standard_deviation": 2535.4852911196313,
      "adjusted_inverse_harmonic_mean_rank": 0.059601240370202,
      "median_rank": 171.5,
      "z_arithmetic_mean_rank": 25.11051211031005,
      "adjusted_arithmetic_mean_rank": 0.35171618544103506,
      "median_absolute_deviation": 249.81847381819392,
      "z_geometric_mean_rank": 21.193811572008094,
      "inverse_geometric_mean_rank": 0.004994809574308001,
      "arithmetic_mean_rank": 1706.254,
      "adjusted_geometric_mean_rank_index": 0.9442547658764657,
      "variance": 6428685.661484,
      "harmonic_mean_rank": 16.516080513502523,
      "inverse_median_rank": 0.0058309037900874635,
      "inverse_harmonic_mean_rank": 0.06054705286659641,
      "inverse_arithmetic_mean_rank": 0.0005860792121219936,
      "z_inverse_harmonic_mean_rank": 102.55583035150366,
      "geometric_mean_rank": 200.2078327757958,
      "hits_at_1": 0.014,
      "hits_at_3": 0.056,
      "hits_at_5": 0.088,
      "hits_at_10": 0.158,
      "z_hits_at_k": 109.3809623019079,
      "adjusted_hits_at_k": 0.15713119276166498
    },
    "realistic": {
      "adjusted_arithmetic_mean_rank_index": 0.6484172679688995,
      "count": 500.0,
      "standard_deviation": 2535.4853515625,
      "adjusted_inverse_harmonic_mean_rank": 0.05960124131849366,
      "median_rank": 171.5,
      "z_arithmetic_mean_rank": 25.110504086983266,
      "adjusted_arithmetic_mean_rank": 0.3517163925810914,
      "median_absolute_deviation": 249.81847381819392,
      "z_geometric_mean_rank": 21.193810951815646,
      "inverse_geometric_mean_rank": 0.0049948072992265224,
      "arithmetic_mean_rank": 1706.2550048828125,
      "adjusted_geometric_mean_rank_index": 0.9442547382448302,
      "variance": 6428686.5,
      "harmonic_mean_rank": 16.516080255086823,
      "inverse_median_rank": 0.0058309040032327175,
      "inverse_harmonic_mean_rank": 0.06054705381393432,
      "inverse_arithmetic_mean_rank": 0.0005860788514837623,
      "z_inverse_harmonic_mean_rank": 102.55583198322873,
      "geometric_mean_rank": 200.2079315185547,
      "hits_at_1": 0.014,
      "hits_at_3": 0.056,
      "hits_at_5": 0.088,
      "hits_at_10": 0.158,
      "z_hits_at_k": 109.3809623019079,
      "adjusted_hits_at_k": 0.15713119276166498
    },
    "pessimistic": {
      "adjusted_arithmetic_mean_rank_index": 0.6484170627995738,
      "count": 500.0,
      "standard_deviation": 2535.4856005238917,
      "adjusted_inverse_harmonic_mean_rank": 0.05960123991558144,
      "median_rank": 171.5,
      "z_arithmetic_mean_rank": 25.11049614162856,
      "adjusted_arithmetic_mean_rank": 0.3517165977081248,
      "median_absolute_deviation": 249.81847381819392,
      "z_geometric_mean_rank": 21.193810373548164,
      "inverse_geometric_mean_rank": 0.004994804813948416,
      "arithmetic_mean_rank": 1706.256,
      "adjusted_geometric_mean_rank_index": 0.9442547124810914,
      "variance": 6428687.230463998,
      "harmonic_mean_rank": 16.516080637389614,
      "inverse_median_rank": 0.0058309037900874635,
      "inverse_harmonic_mean_rank": 0.06054705241243308,
      "inverse_arithmetic_mean_rank": 0.000586078525145113,
      "z_inverse_harmonic_mean_rank": 102.55582956923823,
      "geometric_mean_rank": 200.20802358631016,
      "hits_at_1": 0.014,
      "hits_at_3": 0.056,
      "hits_at_5": 0.088,
      "hits_at_10": 0.158,
      "z_hits_at_k": 109.3809623019079,
      "adjusted_hits_at_k": 0.15713119276166498
    }
  },
  "both": {
    "optimistic": {
      "adjusted_arithmetic_mean_rank_index": 0.5662729913835807,
      "count": 1000.0,
      "standard_deviation": 2581.7345164179837,
      "adjusted_inverse_harmonic_mean_rank": 0.031956248094546086,
      "median_rank": 922.5,
      "z_arithmetic_mean_rank": 31.01211931722032,
      "adjusted_arithmetic_mean_rank": 0.4338440600833601,
      "median_absolute_deviation": 1343.9789110753281,
      "z_geometric_mean_rank": 27.335979497968633,
      "inverse_geometric_mean_rank": 0.0020276424970197132,
      "arithmetic_mean_rank": 2098.856,
      "adjusted_geometric_mean_rank_index": 0.861816372968023,
      "variance": 6665353.113264001,
      "harmonic_mean_rank": 30.365300748612785,
      "inverse_median_rank": 0.001084010840108401,
      "inverse_harmonic_mean_rank": 0.03293232654860776,