{
  "head": {
    "optimistic": {
      "adjusted_inverse_harmonic_mean_rank": 0.002453361492140496,
      "inverse_median_rank": 0.0006385696040868455,
      "arithmetic_mean_rank": 3710.504,
      "median_rank": 1566.0,
      "inverse_harmonic_mean_rank": 0.0028126431284802773,
      "inverse_arithmetic_mean_rank": 0.0002695051669530608,
      "variance": 26603902.421984,
      "harmonic_mean_rank": 355.537462209192,
      "adjusted_arithmetic_mean_rank_index": 0.7555428192370428,
      "count": 500.0,
      "standard_deviation": 5157.897093000596,
      "adjusted_arithmetic_mean_rank": 0.2445069679303807,
      "z_geometric_mean_rank": 19.518509911380526,
      "z_inverse_harmonic_mean_rank": 7.444775727330517,
      "inverse_geometric_mean_rank": 0.0006931057903334179,
      "adjusted_geometric_mean_rank_index": 0.8707860338573163,
      "geometric_mean_rank": 1442.781194367098,
      "z_arithmetic_mean_rank": 29.212183609265082,
      "median_absolute_deviation": 1936.278497368316,
      "hits_at_1": 0.0,
      "hits_at_3": 0.0,
      "hits_at_5": 0.0,
      "hits_at_10": 0.002,
      "z_hits_at_k": 2.053118474133974,
      "adjusted_hits_at_k": 0.0016698953900345225
    },
    "realistic": {
      "adjusted_inverse_harmonic_mean_rank": 0.00245336143341298,
      "inverse_median_rank": 0.0006385695887729526,
      "arithmetic_mean_rank": 3710.5048828125,
      "median_rank": 1566.0,
      "inverse_harmonic_mean_rank": 0.0028126430697739124,
      "inverse_arithmetic_mean_rank": 0.0002695051080081612,
      "variance": 26603906.0,
      "harmonic_mean_rank": 355.5374755859375,
      "adjusted_arithmetic_mean_rank_index": 0.7555427610594926,
      "count": 500.0,
      "standard_deviation": 5157.8974609375,
      "adjusted_arithmetic_mean_rank": 0.2445070261040972,
      "z_geometric_mean_rank": 19.51850906396383,
      "z_inverse_harmonic_mean_rank": 7.444775549120664,
      "inverse_geometric_mean_rank": 0.0006931055686436594,
      "adjusted_geometric_mean_rank_index": 0.8707859960512222,
      "geometric_mean_rank": 1442.7816162109375,
      "z_arithmetic_mean_rank": 29.212181359897826,
      "median_absolute_deviation": 1936.278564453125,
      "hits_at_1": 0.0,
      "hits_at_3": 0.0,
      "hits_at_5": 0.0,
      "hits_at_10": 0.002,
      "z_hits_at_k": 2.053118474133974,
      "adjusted_hits_at_k": 0.0016698953900345225
    },
    "pessimistic": {
      "adjusted_inverse_harmonic_mean_rank": 0.002453361430311681,
      "inverse_median_rank": 0.0006385696040868455,
      "arithmetic_mean_rank": 3710.506,
      "median_rank": 1566.0,
      "inverse_harmonic_mean_rank": 0.002812643066673731,
      "inverse_arithmetic_mean_rank": 0.0002695050216870691,
      "variance": 26603910.333964,
      "harmonic_mean_rank": 355.53747002196525,
      "adjusted_arithmetic_mean_rank_index": 0.7555426874365752,
      "count": 500.0,
      "standard_deviation": 5157.897859977842,
      "adjusted_arithmetic_mean_rank": 0.24450709972216314,
      "z_geometric_mean_rank": 19.51850889237137,
      "z_inverse_harmonic_mean_rank": 7.444775539709711,
      "inverse_geometric_mean_rank": 0.0006931055466467981,
      "adjusted_geometric_mean_rank_index": 0.8707859883959083,
      "geometric_mean_rank": 1442.7817016296267,
      "z_arithmetic_mean_rank": 29.21217851335343,
      "median_absolute_deviation": 1936.278497368316,
      "hits_at_1": 0.0,
      "hits_at_3": 0.0,
      "hits_at_5": 0.0,
      "hits_at_10": 0.002,
      "z_hits_at_k": 2.053118474133974,
      "adjusted_hits_at_k": 0.0016698953900345225
    }
  },
  "tail": {
    "optimistic": {
      "adjusted_inverse_harmonic_mean_rank": 0.0866305953347199,
      "inverse_median_rank": 0.00411522633744856,
      "arithmetic_mean_rank": 2560.1,
      "median_rank": 243.0,
      "inverse_harmonic_mean_rank": 0.08694676090426677,
      "inverse_arithmetic_mean_rank": 0.0003906097418069607,
      "variance": 26745504.945999995,
      "harmonic_mean_rank": 11.501291015326675,
      "adjusted_arithmetic_mean_rank_index": 0.8380217730992086,
      "count": 500.0,
      "standard_deviation": 5171.605644865044,
      "adjusted_arithmetic_mean_rank": 0.16203126612931348,
      "z_geometric_mean_rank": 22.045832128543182,
      "z_inverse_harmonic_mean_rank": 268.70358403029144,
      "inverse_geometric_mean_rank": 0.005202687928973944,
      "adjusted_geometric_mean_rank_index": 0.9835696211486854,
      "geometric_mean_rank": 192.20833800754536,
      "z_arithmetic_mean_rank": 32.45541654966454,
      "median_absolute_deviation": 357.3071346598501,
      "hits_at_1": 0.002,
      "hits_at_3": 0.144,
      "hits_at_5": 0.172,
      "hits_at_10": 0.22,
      "z_hits_at_k": 276.17757905708226,
      "adjusted_hits_at_k": 0.21975307918108164
    },
    "realistic": {
      "adjusted_inverse_harmonic_mean_rank": 0.0866305900762922,
      "inverse_median_rank": 0.004115226212888956,
      "arithmetic_mean_rank": 2560.10205078125,
      "median_rank": 243.0,
      "inverse_harmonic_mean_rank": 0.0869467556476593,
      "inverse_arithmetic_mean_rank": 0.00039060943527147174,
      "variance": 26745508.0,
      "harmonic_mean_rank": 11.501291275024414,
      "adjusted_arithmetic_mean_rank_index": 0.8380216432950154,
      "count": 500.0,
      "standard_deviation": 5171.60595703125,
      "adjusted_arithmetic_mean_rank": 0.16203139592529117,
      "z_geometric_mean_rank": 22.04583150078798,
      "z_inverse_harmonic_mean_rank": 268.70356772013724,
      "inverse_geometric_mean_rank": 0.0052026789635419846,
      "adjusted_geometric_mean_rank_index": 0.9835695931415345,
      "geometric_mean_rank": 192.2086639404297,
      "z_arithmetic_mean_rank": 32.45541152252886,
      "median_absolute_deviation": 357.30712890625,
      "hits_at_1": 0.002,
      "hits_at_3": 0.144,
      "hits_at_5": 0.172,
      "hits_at_10": 0.22,
      "z_hits_at_k": 276.17757905708226,
      "adjusted_hits_at_k": 0.21975307918108164
    },
    "pessimistic": {
      "adjusted_inverse_harmonic_mean_rank": 0.08663058836939325,
      "inverse_median_rank": 0.00411522633744856,
      "arithmetic_mean_rank": 2560.104,
      "median_rank": 243.0,
      "inverse_harmonic_mean_rank": 0.0869467539413512,
      "inverse_arithmetic_mean_rank": 0.0003906091315040327,
      "variance": 26745508.649184003,
      "harmonic_mean_rank": 11.501291936379097,
      "adjusted_arithmetic_mean_rank_index": 0.8380215199192204,
      "count": 500.0,
      "standard_deviation": 5171.606002895426,
      "adjusted_arithmetic_mean_rank": 0.16203151929327758,
      "z_geometric_mean_rank": 22.04583061918161,
      "z_inverse_harmonic_mean_rank": 268.7035624258199,
      "inverse_geometric_mean_rank": 0.00520266671681219,
      "adjusted_geometric_mean_rank_index": 0.9835695538088736,
      "geometric_mean_rank": 192.2091216738031,
      "z_arithmetic_mean_rank": 32.45540674435609,
      "median_absolute_deviation": 357.3071346598501,
      "hits_at_1": 0.002,
      "hits_at_3": 0.144,
      "hits_at_5": 0.172,
      "hits_at_10": 0.22,
      "z_hits_at_k": 276.17757905708226,
      "adjusted_hits_at_k": 0.21975307918108164
    }
  },
  "both": {
    "optimistic": {
      "adjusted_inverse_harmonic_mean_rank": 0.044542273395526286,
      "inverse_median_rank": 0.0009699321047526673,
      "arithmetic_mean_rank": 3135.302,
      "median_rank": 1031.0,
      "inverse_harmonic_mean_rank": 0.044879702016373514,
      "inverse_arithmetic_mean_rank": 0.00031894854148021467,
      "variance": 27005561.024796,
      "harmonic_mean_rank": 22.281787870052455,
      "adjusted_arithmetic_mean_rank_index": 0.7976138949792225,
      "count": 1000.0,
      "standard_deviation": 5196.687505016634,
      "adjusted_arithmetic_mean_rank": 0.2024376046997158,
      "z_geometric_mean_rank": 30.213611767076365,
      "z_inverse_harmonic_mean_rank": 193.233082157855,
      "inverse_geometric_mean_rank": 0.0018989505335499453,
      "adjusted_geometric_mean_rank_index": 0.9538520325360506,