{
  "losses": [
    0.776469380832186,
    0.3678952145810221,
    0.3686440755777499
  ],
  "metrics": {
    "both": {
      "optimistic": {
        "adjusted_arithmetic_mean_rank": 0.2024376046997158,
        "adjusted_arithmetic_mean_rank_index": 0.7976138949792225,
        "adjusted_geometric_mean_rank_index": 0.9538520325360506,
        "adjusted_hits_at_k": 0.1107122612843079,
        "adjusted_inverse_harmonic_mean_rank": 0.044542273395526286,
        "arithmetic_mean_rank": 3135.302,
        "count": 1000.0,
        "geometric_mean_rank": 526.6066610648226,
        "harmonic_mean_rank": 22.281787870052455,
        "hits_at_1": 0.001,
        "hits_at_10": 0.111,
        "hits_at_3": 0.072,
        "hits_at_5": 0.086,
        "inverse_arithmetic_mean_rank": 0.00031894854148021467,
        "inverse_geometric_mean_rank": 0.0018989505335499453,
        "inverse_harmonic_mean_rank": 0.044879702016373514,
        "inverse_median_rank": 0.0009699321047526673,
        "median_absolute_deviation": 1494.4630362536468,
        "median_rank": 1031.0,
        "standard_deviation": 5196.687505016634,
        "variance": 27005561.024796,
        "z_arithmetic_mean_rank": 43.641753234188506,
        "z_geometric_mean_rank": 30.213611767076365,
        "z_hits_at_k": 194.60214435763274,
        "z_inverse_harmonic_mean_rank": 193.233082157855
      },
      "pessimistic": {
        "adjusted_arithmetic_mean_rank": 0.2024377984012521,
        "adjusted_arithmetic_mean_rank_index": 0.7976137012651787,
        "adjusted_geometric_mean_rank_index": 0.9538519301526293,
        "adjusted_hits_at_k": 0.1107122612843079,
        "adjusted_inverse_harmonic_mean_rank": 0.044542269881924376,
        "arithmetic_mean_rank": 3135.305,
        "count": 1000.0,
        "geometric_mean_rank": 526.6078271705286,
        "harmonic_mean_rank": 22.28178961386283,
        "hits_at_1": 0.001,
        "hits_at_10": 0.111,
        "hits_at_3": 0.072,
        "hits_at_5": 0.086,
        "inverse_arithmetic_mean_rank": 0.00031894823629599037,
        "inverse_geometric_mean_rank": 0.0018989463285667711,
        "inverse_harmonic_mean_rank": 0.04487969850401246,
        "inverse_median_rank": 0.0009699321047526673,
        "median_absolute_deviation": 1494.4630362536468,
        "median_rank": 1031.0,
        "standard_deviation": 5196.687953107729,
        "variance": 27005565.681975,
        "z_arithmetic_mean_rank": 43.64174263504956,
        "z_geometric_mean_rank": 30.213608524044076,
        "z_hits_at_k": 194.60214435763274,
        "z_inverse_harmonic_mean_rank": 193.2330669151636
      },
      "realistic": {
        "adjusted_arithmetic_mean_rank": 0.20243769940665185,
        "adjusted_arithmetic_mean_rank_index": 0.7976138002661711,
        "adjusted_geometric_mean_rank_index": 0.9538519764550517,
        "adjusted_hits_at_k": 0.1107122612843079,
        "adjusted_inverse_harmonic_mean_rank": 0.04454227609392715,
        "arithmetic_mean_rank": 3135.303466796875,
        "count": 1000.0,
        "geometric_mean_rank": 526.6072998046875,
        "harmonic_mean_rank": 22.28178596496582,
        "hits_at_1": 0.001,
        "hits_at_10": 0.111,
        "hits_at_3": 0.072,
        "hits_at_5": 0.086,
        "inverse_arithmetic_mean_rank": 0.0003189483832102269,
        "inverse_geometric_mean_rank": 0.0018989482196047902,
        "inverse_harmonic_mean_rank": 0.04487970471382141,
        "inverse_median_rank": 0.0009699321235530078,
        "median_absolute_deviation": 1494.4630126953125,
        "median_rank": 1031.0,
        "standard_deviation": 5196.6875,
        "variance": 27005562.0,
        "z_arithmetic_mean_rank": 43.64174805192721,
        "z_geometric_mean_rank": 30.21360999069023,
        "z_hits_at_k": 194.60214435763274,
        "z_inverse_harmonic_mean_rank": 193.23309386404497
      }
    },
    "head": {
      "optimistic": {
        "adjusted_arithmetic_mean_rank": 0.2445069679303807,
        "adjusted_arithmetic_mean_rank_index": 0.7555428192370428,
        "adjusted_geometric_mean_rank_index": 0.8707860338573163,
        "adjusted_hits_at_k": 0.0016698953900345225,
        "adjusted_inverse_harmonic_mean_rank": 0.002453361492140496,
        "arithmetic_mean_rank": 3710.504,
        "count": 500.0,
        "geometric_mean_rank": 1442.781194367098,
        "harmonic_mean_rank": 355.537462209192,
        "hits_at_1": 0.0,
        "hits_at_10": 0.002,
        "hits_at_3": 0.0,
        "hits_at_5": 0.0,
        "inverse_arithmetic_mean_rank": 0.0002695051669530608,
        "inverse_geometric_mean_rank": 0.0006931057903334179,
        "inverse_harmonic_mean_rank": 0.0028126431284802773,
        "inverse_median_rank": 0.0006385696040868455,
        "median_absolute_deviation": 1936.278497368316,
        "median_rank": 1566.0,
        "standard_deviation": 5157.897093000596,
        "variance": 26603902.421984,
        "z_arithmetic_mean_rank": 29.212183609265082,
        "z_geometric_mean_rank": 19.518509911380526,
        "z_hits_at_k": 2.053118474133974,
        "z_inverse_harmonic_mean_rank": 7.444775727330517
      },
      "pessimistic": {
        "adjusted_arithmetic_mean_rank": 0.24450709972216314,
        "adjusted_arithmetic_mean_rank_index": 0.7555426874365752,
        "adjusted_geometric_mean_rank_index": 0.8707859883959083,
        "adjusted_hits_at_k": 0.0016698953900345225,
        "adjusted_inverse_harmonic_mean_rank": 0.002453361430311681,
        "arithmetic_mean_rank": 3710.506,
        "count": 500.0,
        "geometric_mean_rank": 1442.7817016296267,
        "harmonic_mean_rank": 355.53747002196525,
        "hits_at_1": 0.0,
        "hits_at_10": 0.002,
        "hits_at_3": 0.0,
        "hits_at_5": 0.0,
        "inverse_arithmetic_mean_rank": 0.0002695050216870691,
        "inverse_geometric_mean_rank": 0.0006931055466467981,
        "inverse_harmonic_mean_rank": 0.002812643066673731,
        "inverse_median_rank": 0.0006385696040868455,
        "median_absolute_deviation": 1936.278497368316,
        "median_rank": 1566.0,
        "standard_deviation": 5157.897859977842,
        "variance": 26603910.333964,
        "z_arithmetic_mean_rank": 29.21217851335343,
        "z_geometric_mean_rank": 19.51850889237137,
        "z_hits_at_k": 2.053118474133974,
        "z_inverse_harmonic_mean_rank": 7.444775539709711
      },
      "realistic": {
        "adjusted_arithmetic_mean_rank": 0.2445070261040972,
        "adjusted_arithmetic_mean_rank_index": 0.7555427610594926,
        "adjusted_geometric_mean_rank_index": 0.8707859960512222,
        "adjusted_hits_at_k": 0.0016698953900345225,
        "adjusted_inverse_harmonic_mean_rank": 0.00245336143341298,
        "arithmetic_mean_rank": 3710.5048828125,
        "count": 500.0,
        "geometric_mean_rank": 1442.7816162109375,
        "harmonic_mean_rank": 355.5374755859375,
        "hits_at_1": 0.0,
        "hits_at_10": 0.002,
        "hits_at_3": 0.0,
        "hits_at_5": 0.0,
        "inverse_arithmetic_mean_rank": 0.0002695051080081612,
        "inverse_geometric_mean_rank": 0.0006931055686436594,
        "inverse_harmonic_mean_rank": 0.0028126430697739124,
        "inverse_median_rank": 0.0006385695887729526,
        "median_absolute_deviation": 1936.278564453125,
        "median_rank": 1566.0,
        "standard_deviation": 5157.8974609375,
        "variance": 26603906.0,
        "z_arithmetic_mean_rank": 29.212181359897826,
        "z_geometric_mean_rank": 19.51850906396383,
        "z_hits_at_k": 2.053118474133974,
        "z_inverse_harmonic_mean_rank": 7.444775549120664
      }
    },
    "tail": {
      "optimistic": {
        "adjusted_arithmetic_mean_rank": 0.16203126612931348,
        "adjusted_arithmetic_mean_rank_index": 0.8380217730992086,
        "adjusted_geometric_mean_rank_index": 0.9835696211486854,
        "adjusted_hits_at_k": 0.21975307918108164,
        "adjusted_inverse_harmonic_mean_rank": 0.0866305953347199,
        "arithmetic_mean_rank": 2560.1,
        "count": 500.0,