{
  "losses": [
    0.7800805320342382,
    0.36842776864182714,
    0.3645116664907512
  ],
  "metrics": {
    "both": {
      "optimistic": {
        "adjusted_arithmetic_mean_rank": 0.21229041910245613,
        "adjusted_arithmetic_mean_rank_index": 0.7877606682352631,
        "adjusted_geometric_mean_rank_index": 0.9583650791139444,
        "adjusted_hits_at_k": 0.12671611748089537,
        "adjusted_inverse_harmonic_mean_rank": 0.05139750757184663,
        "arithmetic_mean_rank": 3273.493,
        "count": 1000.0,
        "geometric_mean_rank": 473.0617304237518,
        "harmonic_mean_rank": 19.32967230196307,
        "hits_at_1": 0.001,
        "hits_at_10": 0.127,
        "hits_at_3": 0.084,
        "hits_at_5": 0.102,
        "inverse_arithmetic_mean_rank": 0.0003054840807663252,
        "inverse_geometric_mean_rank": 0.0021138890248091633,
        "inverse_harmonic_mean_rank": 0.051733934459843006,
        "inverse_median_rank": 0.0011806375442739079,
        "median_absolute_deviation": 1242.4206591076945,
        "median_rank": 847.0,
        "standard_deviation": 5671.451451255754,
        "variance": 32165361.563951004,
        "z_arithmetic_mean_rank": 43.096657243775034,
        "z_geometric_mean_rank": 30.35666794910249,
        "z_hits_at_k": 222.2131954910625,
        "z_inverse_harmonic_mean_rank": 222.45336618922386
      },
      "pessimistic": {
        "adjusted_arithmetic_mean_rank": 0.21229061365648674,
        "adjusted_arithmetic_mean_rank_index": 0.7877604736686146,
        "adjusted_geometric_mean_rank_index": 0.9583649937024538,
        "adjusted_hits_at_k": 0.12671611748089537,
        "adjusted_inverse_harmonic_mean_rank": 0.05139750538903106,
        "arithmetic_mean_rank": 3273.496,
        "count": 1000.0,
        "geometric_mean_rank": 473.06269882948436,
        "harmonic_mean_rank": 19.329673117252835,
        "hits_at_1": 0.001,
        "hits_at_10": 0.127,
        "hits_at_3": 0.084,
        "hits_at_5": 0.102,
        "inverse_arithmetic_mean_rank": 0.0003054838008050109,
        "inverse_geometric_mean_rank": 0.0021138846974710435,
        "inverse_harmonic_mean_rank": 0.051733932277801584,
        "inverse_median_rank": 0.0011806375442739079,
        "median_absolute_deviation": 1242.4206591076945,
        "median_rank": 847.0,
        "standard_deviation": 5671.451521611024,
        "variance": 32165362.361984,
        "z_arithmetic_mean_rank": 43.09664659946071,
        "z_geometric_mean_rank": 30.356665243653055,
        "z_hits_at_k": 222.2131954910625,
        "z_inverse_harmonic_mean_rank": 222.4533567417877
      },
      "realistic": {
        "adjusted_arithmetic_mean_rank": 0.2122905089063674,
        "adjusted_arithmetic_mean_rank_index": 0.7877605784255275,
        "adjusted_geometric_mean_rank_index": 0.9583650569958666,
        "adjusted_hits_at_k": 0.12671611748089537,
        "adjusted_inverse_harmonic_mean_rank": 0.05139751022742259,
        "arithmetic_mean_rank": 3273.494384765625,
        "count": 1000.0,
        "geometric_mean_rank": 473.0619812011719,
        "harmonic_mean_rank": 19.32967131009562,
        "hits_at_1": 0.001,
        "hits_at_10": 0.127,
        "hits_at_3": 0.084,
        "hits_at_5": 0.102,
        "inverse_arithmetic_mean_rank": 0.00030548396171070635,
        "inverse_geometric_mean_rank": 0.002113887807354331,
        "inverse_harmonic_mean_rank": 0.05173393711447715,
        "inverse_median_rank": 0.0011806375114247203,
        "median_absolute_deviation": 1242.4206591076945,
        "median_rank": 847.0,
        "standard_deviation": 5671.45166015625,
        "variance": 32165362.0,
        "z_arithmetic_mean_rank": 43.09665233048151,
        "z_geometric_mean_rank": 30.356667248501896,
        "z_hits_at_k": 222.2131954910625,
        "z_inverse_harmonic_mean_rank": 222.45337768281252
      }
    },
    "head": {
      "optimistic": {
        "adjusted_arithmetic_mean_rank": 0.2714874338695137,
        "adjusted_arithmetic_mean_rank_index": 0.7285610072004731,
        "adjusted_geometric_mean_rank_index": 0.8622679276336724,
        "adjusted_hits_at_k": -0.0003337873257876306,
        "adjusted_inverse_harmonic_mean_rank": 0.002275208530113189,
        "arithmetic_mean_rank": 4083.212,
        "count": 500.0,
        "geometric_mean_rank": 1524.0081046121952,
        "harmonic_mean_rank": 379.14240989196463,
        "hits_at_1": 0.0,
        "hits_at_10": 0.0,
        "hits_at_3": 0.0,
        "hits_at_5": 0.0,
        "inverse_arithmetic_mean_rank": 0.0002449052363678398,
        "inverse_geometric_mean_rank": 0.0006561644895283964,
        "inverse_harmonic_mean_rank": 0.002637531370560594,
        "inverse_median_rank": 0.0005906674542232723,
        "median_absolute_deviation": 2014.1151138398602,
        "median_rank": 1693.0,
        "standard_deviation": 5851.554668210492,
        "variance": 34240692.03505601,
        "z_arithmetic_mean_rank": 28.166233799206324,
        "z_geometric_mean_rank": 19.327708617426666,
        "z_hits_at_k": -0.40852646626616174,
        "z_inverse_harmonic_mean_rank": 6.872902617729682
      },
      "pessimistic": {
        "adjusted_arithmetic_mean_rank": 0.271487566846902,
        "adjusted_arithmetic_mean_rank_index": 0.7285608742142426,
        "adjusted_geometric_mean_rank_index": 0.8622678917400531,
        "adjusted_hits_at_k": -0.0003337873257876306,
        "adjusted_inverse_harmonic_mean_rank": 0.0022752084961880333,
        "arithmetic_mean_rank": 4083.214,
        "count": 500.0,
        "geometric_mean_rank": 1524.0085015151978,
        "harmonic_mean_rank": 379.1424147668998,
        "hits_at_1": 0.0,
        "hits_at_10": 0.0,
        "hits_at_3": 0.0,
        "hits_at_5": 0.0,
        "inverse_arithmetic_mean_rank": 0.000244905116410749,
        "inverse_geometric_mean_rank": 0.0006561643186411239,
        "inverse_harmonic_mean_rank": 0.0026375313366477585,
        "inverse_median_rank": 0.0005906674542232723,
        "median_absolute_deviation": 2014.1151138398602,
        "median_rank": 1693.0,
        "standard_deviation": 5851.555897383532,
        "variance": 34240706.420204,
        "z_arithmetic_mean_rank": 28.166228657946743,
        "z_geometric_mean_rank": 19.327707812872312,
        "z_hits_at_k": -0.40852646626616174,
        "z_inverse_harmonic_mean_rank": 6.872902515249278
      },
      "realistic": {
        "adjusted_arithmetic_mean_rank": 0.2714874930860069,
        "adjusted_arithmetic_mean_rank_index": 0.7285609479800423,
        "adjusted_geometric_mean_rank_index": 0.8622678436572624,
        "adjusted_hits_at_k": -0.0003337873257876306,
        "adjusted_inverse_harmonic_mean_rank": 0.002275208767982101,
        "arithmetic_mean_rank": 4083.212890625,
        "count": 500.0,
        "geometric_mean_rank": 1524.009033203125,
        "harmonic_mean_rank": 379.1423757109746,
        "hits_at_1": 0.0,
        "hits_at_10": 0.0,
        "hits_at_3": 0.0,
        "hits_at_5": 0.0,
        "inverse_arithmetic_mean_rank": 0.0002449051826260984,
        "inverse_geometric_mean_rank": 0.0006561640766449273,
        "inverse_harmonic_mean_rank": 0.0026375316083431244,
        "inverse_median_rank": 0.0005906674778088927,
        "median_absolute_deviation": 2014.1151138398602,
        "median_rank": 1693.0,
        "standard_deviation": 5851.55517578125,
        "variance": 34240700.0,
        "z_arithmetic_mean_rank": 28.166231509739166,
        "z_geometric_mean_rank": 19.32770673509806,
        "z_hits_at_k": -0.40852646626616174,
        "z_inverse_harmonic_mean_rank": 6.872903336279146
      }
    },
    "tail": {
      "optimistic": {
        "adjusted_arithmetic_mean_rank": 0.1559389025463981,
        "adjusted_arithmetic_mean_rank_index": 0.8441145237388274,
        "adjusted_geometric_mean_rank_index": 0.9874676324774955,
        "adjusted_hits_at_k": 0.25376383602664165,
        "adjusted_inverse_harmonic_mean_rank": 0.10051897185518192,
        "arithmetic_mean_rank": 2463.774,