{
  "head": {
    "optimistic": {
      "inverse_arithmetic_mean_rank": 0.0001702306727754511,
      "z_inverse_harmonic_mean_rank": 7.432389485183622,
      "geometric_mean_rank": 2407.364650135003,
      "adjusted_arithmetic_mean_rank_index": 0.6094605340421146,
      "count": 500.0,
      "standard_deviation": 7397.145872569771,
      "adjusted_inverse_harmonic_mean_rank": 0.0024604212945183975,
      "median_rank": 2382.5,
      "z_arithmetic_mean_rank": 23.56179883848195,
      "adjusted_arithmetic_mean_rank": 0.39057998819293765,
      "median_absolute_deviation": 2903.676444943221,
      "z_geometric_mean_rank": 17.537073753353585,
      "inverse_geometric_mean_rank": 0.00041539199304264966,
      "arithmetic_mean_rank": 5874.382,
      "adjusted_geometric_mean_rank_index": 0.7823822544814625,
      "variance": 54717767.060076006,
      "harmonic_mean_rank": 354.2736360700953,
      "inverse_median_rank": 0.0004197271773347324,
      "inverse_harmonic_mean_rank": 0.0028226768751207433,
      "hits_at_1": 0.0,
      "hits_at_3": 0.0,
      "hits_at_5": 0.004,
      "hits_at_10": 0.006,
      "z_hits_at_k": 6.9373994389527525,
      "adjusted_hits_at_k": 0.005668215398167095
    },
    "realistic": {
      "inverse_arithmetic_mean_rank": 0.00017023061809595674,
      "z_inverse_harmonic_mean_rank": 7.432388876005902,
      "geometric_mean_rank": 2407.36767578125,
      "adjusted_arithmetic_mean_rank_index": 0.6094604150817757,
      "count": 500.0,
      "standard_deviation": 7397.1455078125,
      "adjusted_inverse_harmonic_mean_rank": 0.002460421092855953,
      "median_rank": 2382.5,
      "z_arithmetic_mean_rank": 23.56179423946459,
      "adjusted_arithmetic_mean_rank": 0.39058010714536706,
      "median_absolute_deviation": 2903.676444943221,
      "z_geometric_mean_rank": 17.537067620124954,
      "inverse_geometric_mean_rank": 0.0004153914633207023,
      "arithmetic_mean_rank": 5874.3837890625,
      "adjusted_geometric_mean_rank_index": 0.7823819808594598,
      "variance": 54717760.0,
      "harmonic_mean_rank": 354.2736613715205,
      "inverse_median_rank": 0.00041972717735916376,
      "inverse_harmonic_mean_rank": 0.0028226766735315323,
      "hits_at_1": 0.0,
      "hits_at_3": 0.0,
      "hits_at_5": 0.004,
      "hits_at_10": 0.006,
      "z_hits_at_k": 6.9373994389527525,
      "adjusted_hits_at_k": 0.005668215398167095
    },
    "pessimistic": {
      "inverse_arithmetic_mean_rank": 0.00017023055686160221,
      "z_inverse_harmonic_mean_rank": 7.432387774063626,
      "geometric_mean_rank": 2407.367973729266,
      "adjusted_arithmetic_mean_rank_index": 0.6094602680696537,
      "count": 500.0,
      "standard_deviation": 7397.14462620571,
      "adjusted_inverse_harmonic_mean_rank": 0.0024604207280685252,
      "median_rank": 2382.5,
      "z_arithmetic_mean_rank": 23.561788555962785,
      "adjusted_arithmetic_mean_rank": 0.39058025414771436,
      "median_absolute_deviation": 2903.676444943221,
      "z_geometric_mean_rank": 17.53706701616033,
      "inverse_geometric_mean_rank": 0.0004153914195555634,
      "arithmetic_mean_rank": 5874.386,
      "adjusted_geometric_mean_rank_index": 0.782381953914759,
      "variance": 54717748.62100401,
      "harmonic_mean_rank": 354.27370713930685,
      "inverse_median_rank": 0.0004197271773347324,
      "inverse_harmonic_mean_rank": 0.0028226763088765768,
      "hits_at_1": 0.0,
      "hits_at_3": 0.0,
      "hits_at_5": 0.004,
      "hits_at_10": 0.006,
      "z_hits_at_k": 6.9373994389527525,
      "adjusted_hits_at_k": 0.005668215398167095
    }
  },
  "tail": {
    "optimistic": {
      "inverse_arithmetic_mean_rank": 0.0002956449139022882,
      "z_inverse_harmonic_mean_rank": 267.4643387797575,
      "geometric_mean_rank": 231.31873334706378,
      "adjusted_arithmetic_mean_rank_index": 0.7859662472859166,
      "count": 500.0,
      "standard_deviation": 6382.182096266449,
      "adjusted_inverse_harmonic_mean_rank": 0.08623222113404273,
      "median_rank": 195.5,
      "z_arithmetic_mean_rank": 30.439378484852387,
      "adjusted_arithmetic_mean_rank": 0.21408349863803608,
      "median_absolute_deviation": 286.88352928083395,
      "z_geometric_mean_rank": 21.97049291585816,
      "inverse_geometric_mean_rank": 0.004323039407706031,
      "arithmetic_mean_rank": 3382.436,
      "adjusted_geometric_mean_rank_index": 0.9802083627130304,
      "variance": 40732248.309904,
      "harmonic_mean_rank": 11.554210947742074,
      "inverse_median_rank": 0.005115089514066497,
      "inverse_harmonic_mean_rank": 0.08654853235091922,
      "hits_at_1": 0.03,
      "hits_at_3": 0.102,
      "hits_at_5": 0.144,
      "hits_at_10": 0.19,
      "z_hits_at_k": 238.45952364711377,
      "adjusted_hits_at_k": 0.1897435753104286
    },
    "realistic": {
      "inverse_arithmetic_mean_rank": 0.00029564465512521565,
      "z_inverse_harmonic_mean_rank": 267.4643301367861,
      "geometric_mean_rank": 231.31886291503906,
      "adjusted_arithmetic_mean_rank_index": 0.78596605962108,
      "count": 500.0,
      "standard_deviation": 6382.18896484375,
      "adjusted_inverse_harmonic_mean_rank": 0.08623221834749324,
      "median_rank": 195.5,
      "z_arithmetic_mean_rank": 30.43937121685455,
      "adjusted_arithmetic_mean_rank": 0.21408368629099475,
      "median_absolute_deviation": 286.88352928083395,
      "z_geometric_mean_rank": 21.97049266630014,
      "inverse_geometric_mean_rank": 0.004323036875575781,
      "arithmetic_mean_rank": 3382.43896484375,
      "adjusted_geometric_mean_rank_index": 0.9802083515790582,
      "variance": 40732336.0,
      "harmonic_mean_rank": 11.554211319617087,
      "inverse_median_rank": 0.005115089472383261,
      "inverse_harmonic_mean_rank": 0.08654852956533432,
      "hits_at_1": 0.03,
      "hits_at_3": 0.102,
      "hits_at_5": 0.144,
      "hits_at_10": 0.19,
      "z_hits_at_k": 238.45952364711377,
      "adjusted_hits_at_k": 0.1897435753104286
    },
    "pessimistic": {
      "inverse_arithmetic_mean_rank": 0.0002956443894677278,
      "z_inverse_harmonic_mean_rank": 267.4643387109738,
      "geometric_mean_rank": 231.3188153229022,
      "adjusted_arithmetic_mean_rank_index": 0.7859658675056941,
      "count": 500.0,
      "standard_deviation": 6382.196056110781,
      "adjusted_inverse_harmonic_mean_rank": 0.08623222111186642,
      "median_rank": 195.5,
      "z_arithmetic_mean_rank": 30.439363776493124,
      "adjusted_arithmetic_mean_rank": 0.21408387839422122,
      "median_absolute_deviation": 286.88352928083395,
      "z_geometric_mean_rank": 21.970492757966305,
      "inverse_geometric_mean_rank": 0.004323037875687205,
      "arithmetic_mean_rank": 3382.442,
      "adjusted_geometric_mean_rank_index": 0.9802083556687226,
      "variance": 40732426.498636,
      "harmonic_mean_rank": 11.554210950701584,
      "inverse_median_rank": 0.005115089514066497,
      "inverse_harmonic_mean_rank": 0.08654853232875058,
      "hits_at_1": 0.03,
      "hits_at_3": 0.102,
      "hits_at_5": 0.144,
      "hits_at_10": 0.19,
      "z_hits_at_k": 238.45952364711377,
      "adjusted_hits_at_k": 0.1897435753104286
    }
  },
  "both": {
    "optimistic": {
      "inverse_arithmetic_mean_rank": 0.00021605696471508893,
      "z_inverse_harmonic_mean_rank": 191.93669243199943,
      "geometric_mean_rank": 746.2362505089968,
      "adjusted_arithmetic_mean_rank_index": 0.6998868465227795,
      "count": 1000.0,
      "standard_deviation": 7019.790338871882,
      "adjusted_inverse_harmonic_mean_rank": 0.04434667711073178,
      "median_rank": 1560.0,
      "z_arithmetic_mean_rank": 38.2892733164621,
      "adjusted_arithmetic_mean_rank": 0.30015854207954007,
      "median_absolute_deviation": 2284.6900187171327,
      "z_geometric_mean_rank": 29.593496247814265,
      "inverse_geometric_mean_rank": 0.0013400581911129548,
      "arithmetic_mean_rank": 4628.409,
      "adjusted_geometric_mean_rank_index": 0.9342716209943341,