{
  "head": {
    "optimistic": {
      "adjusted_arithmetic_mean_rank_index": 0.37612431065223706,
      "count": 500.0,
      "standard_deviation": 2790.1282660831203,
      "adjusted_inverse_harmonic_mean_rank": 0.0027542031983736536,
      "median_rank": 1925.0,
      "z_arithmetic_mean_rank": 14.565150942404578,
      "adjusted_arithmetic_mean_rank": 0.6239536522676395,
      "median_absolute_deviation": 2454.447972736024,
      "z_geometric_mean_rank": 13.200884198369527,
      "inverse_geometric_mean_rank": 0.000682774523350696,
      "arithmetic_mean_rank": 3010.202,
      "adjusted_geometric_mean_rank_index": 0.5881374275253786,
      "variance": 7784815.741196,
      "harmonic_mean_rank": 265.797533328366,
      "inverse_median_rank": 0.0005194805194805195,
      "inverse_harmonic_mean_rank": 0.0037622621529922215,
      "inverse_arithmetic_mean_rank": 0.00033220361955775725,
      "z_inverse_harmonic_mean_rank": 4.7258871316746465,
      "geometric_mean_rank": 1464.6123512232548,
      "hits_at_1": 0.0,
      "hits_at_3": 0.002,
      "hits_at_5": 0.004,
      "hits_at_10": 0.006,
      "z_hits_at_k": 3.448953285670388,
      "adjusted_hits_at_k": 0.0049685618310604095
    },
    "realistic": {
      "adjusted_arithmetic_mean_rank_index": 0.37612412803014994,
      "count": 500.0,
      "standard_deviation": 2790.12841796875,
      "adjusted_inverse_harmonic_mean_rank": 0.0027542029871969655,
      "median_rank": 1925.0,
      "z_arithmetic_mean_rank": 14.565143870491944,
      "adjusted_arithmetic_mean_rank": 0.6239538348518728,
      "median_absolute_deviation": 2454.447972736024,
      "z_geometric_mean_rank": 13.20088526330591,
      "inverse_geometric_mean_rank": 0.0006827745819464326,
      "arithmetic_mean_rank": 3010.202880859375,
      "adjusted_geometric_mean_rank_index": 0.5881374749713628,
      "variance": 7784816.5,
      "harmonic_mean_rank": 265.7975482325659,
      "inverse_median_rank": 0.0005194804980419576,
      "inverse_harmonic_mean_rank": 0.0037622619420289998,
      "inverse_arithmetic_mean_rank": 0.00033220351906493306,
      "z_inverse_harmonic_mean_rank": 4.725886769320412,
      "geometric_mean_rank": 1464.6121826171875,
      "hits_at_1": 0.0,
      "hits_at_3": 0.002,
      "hits_at_5": 0.004,
      "hits_at_10": 0.006,
      "z_hits_at_k": 3.448953285670388,
      "adjusted_hits_at_k": 0.0049685618310604095
    },
    "pessimistic": {
      "adjusted_arithmetic_mean_rank_index": 0.37612389600696605,
      "count": 500.0,
      "standard_deviation": 2790.1287171713066,
      "adjusted_inverse_harmonic_mean_rank": 0.0027542030472314386,
      "median_rank": 1925.0,
      "z_arithmetic_mean_rank": 14.565134885556379,
      "adjusted_arithmetic_mean_rank": 0.623954066826963,
      "median_absolute_deviation": 2454.447972736024,
      "z_geometric_mean_rank": 13.200879114884465,
      "inverse_geometric_mean_rank": 0.0006827741481484211,
      "arithmetic_mean_rank": 3010.204,
      "adjusted_geometric_mean_rank_index": 0.5881372010414717,
      "variance": 7784818.2583840005,
      "harmonic_mean_rank": 265.79754399551763,
      "inverse_median_rank": 0.0005194805194805195,
      "inverse_harmonic_mean_rank": 0.003762262002002787,
      "inverse_arithmetic_mean_rank": 0.0003322033988394142,
      "z_inverse_harmonic_mean_rank": 4.72588687233247,
      "geometric_mean_rank": 1464.6131560660972,
      "hits_at_1": 0.0,
      "hits_at_3": 0.002,
      "hits_at_5": 0.004,
      "hits_at_10": 0.006,
      "z_hits_at_k": 3.448953285670388,
      "adjusted_hits_at_k": 0.0049685618310604095
    }
  },
  "tail": {
    "optimistic": {
      "adjusted_arithmetic_mean_rank_index": 0.5812135686929099,
      "count": 500.0,
      "standard_deviation": 2711.1694850628573,
      "adjusted_inverse_harmonic_mean_rank": 0.02675842976786704,
      "median_rank": 416.0,
      "z_arithmetic_mean_rank": 22.50798430737266,
      "adjusted_arithmetic_mean_rank": 0.41890623892032197,
      "median_absolute_deviation": 599.712597385516,
      "z_geometric_mean_rank": 19.877767391476716,
      "inverse_geometric_mean_rank": 0.0024405762436598972,
      "arithmetic_mean_rank": 2032.208,
      "adjusted_geometric_mean_rank_index": 0.8856206223507195,
      "variance": 7350439.976736,
      "harmonic_mean_rank": 36.05256935968801,
      "inverse_median_rank": 0.002403846153846154,
      "inverse_harmonic_mean_rank": 0.027737274146073618,
      "inverse_arithmetic_mean_rank": 0.0004920756143071969,
      "z_inverse_harmonic_mean_rank": 46.04321934746165,
      "geometric_mean_rank": 409.7392993141637,
      "hits_at_1": 0.006,
      "hits_at_3": 0.02,
      "hits_at_5": 0.042,
      "hits_at_10": 0.068,
      "z_hits_at_k": 46.66620695131787,
      "adjusted_hits_at_k": 0.06703832737989521
    },
    "realistic": {
      "adjusted_arithmetic_mean_rank_index": 0.5812131643945724,
      "count": 500.0,
      "standard_deviation": 2711.17041015625,
      "adjusted_inverse_harmonic_mean_rank": 0.026758430388385837,
      "median_rank": 416.0,
      "z_arithmetic_mean_rank": 22.507968650579482,
      "adjusted_arithmetic_mean_rank": 0.41890664313532006,
      "median_absolute_deviation": 599.712597385516,
      "z_geometric_mean_rank": 19.877766310401167,
      "inverse_geometric_mean_rank": 0.0024405752774327993,
      "arithmetic_mean_rank": 2032.2099609375,
      "adjusted_geometric_mean_rank_index": 0.8856205741852098,
      "variance": 7350444.5,
      "harmonic_mean_rank": 36.052568553956476,
      "inverse_median_rank": 0.0024038462433964014,
      "inverse_harmonic_mean_rank": 0.027737274765968323,
      "inverse_arithmetic_mean_rank": 0.0004920751671306789,
      "z_inverse_harmonic_mean_rank": 46.043220415188095,
      "geometric_mean_rank": 409.7394714355469,
      "hits_at_1": 0.006,
      "hits_at_3": 0.02,
      "hits_at_5": 0.042,
      "hits_at_10": 0.068,
      "z_hits_at_k": 46.66620695131787,
      "adjusted_hits_at_k": 0.06703832737989521
    },
    "pessimistic": {
      "adjusted_arithmetic_mean_rank_index": 0.5812127439887312,
      "count": 500.0,
      "standard_deviation": 2711.1710973407785,
      "adjusted_inverse_harmonic_mean_rank": 0.026758429316533765,
      "median_rank": 416.0,
      "z_arithmetic_mean_rank": 22.507952370009683,
      "adjusted_arithmetic_mean_rank": 0.41890706345450135,
      "median_absolute_deviation": 599.712597385516,
      "z_geometric_mean_rank": 19.877763989072296,
      "inverse_geometric_mean_rank": 0.002440573017031868,
      "arithmetic_mean_rank": 2032.212,
      "adjusted_geometric_mean_rank_index": 0.8856204707622911,
      "variance": 7350448.719056002,
      "harmonic_mean_rank": 36.05256994573546,
      "inverse_median_rank": 0.002403846153846154,
      "inverse_harmonic_mean_rank": 0.027737273695194277,
      "inverse_arithmetic_mean_rank": 0.0004920746457554626,
      "z_inverse_harmonic_mean_rank": 46.043218570852666,
      "geometric_mean_rank": 409.73984102149996,
      "hits_at_1": 0.006,
      "hits_at_3": 0.02,
      "hits_at_5": 0.042,
      "hits_at_10": 0.068,
      "z_hits_at_k": 46.66620695131787,
      "adjusted_hits_at_k": 0.06703832737989521
    }
  },
  "both": {
    "optimistic": {
      "adjusted_arithmetic_mean_rank_index": 0.47895328575929763,
      "count": 1000.0,
      "standard_deviation": 2794.055462043479,
      "adjusted_inverse_harmonic_mean_rank": 0.01475634703631779,
      "median_rank": 1214.5,
      "z_arithmetic_mean_rank": 26.230028045396796,
      "adjusted_arithmetic_mean_rank": 0.5211457162866189,
      "median_absolute_deviation": 1725.7489823405206,
      "z_geometric_mean_rank": 24.829279014843024,
      "inverse_geometric_mean_rank": 0.0012908769428051298,
      "arithmetic_mean_rank": 2521.205,
      "adjusted_geometric_mean_rank_index": 0.7827880901642171,
      "variance": 7806745.924975,
      "harmonic_mean_rank": 63.49299815119224,
      "inverse_median_rank": 0.0008233841086867024,