{
  "head": {
    "optimistic": {
      "adjusted_inverse_harmonic_mean_rank": 0.0015008932680804171,
      "inverse_median_rank": 0.00034910106475824753,
      "arithmetic_mean_rank": 5978.394,
      "median_rank": 2864.5,
      "inverse_harmonic_mean_rank": 0.0018605179503780429,
      "inverse_arithmetic_mean_rank": 0.0001672690023441078,
      "variance": 53379901.754764,
      "harmonic_mean_rank": 537.4847363320562,
      "adjusted_arithmetic_mean_rank_index": 0.6060883380771617,
      "count": 500.0,
      "standard_deviation": 7306.155059589414,
      "adjusted_arithmetic_mean_rank": 0.3939516006540299,
      "z_geometric_mean_rank": 17.25376209271124,
      "z_inverse_harmonic_mean_rank": 4.5544913814433405,
      "inverse_geometric_mean_rank": 0.00038907899670515206,
      "adjusted_geometric_mean_rank_index": 0.7697480560782765,
      "geometric_mean_rank": 2570.1721461922293,
      "z_arithmetic_mean_rank": 23.433700069075222,
      "median_absolute_deviation": 3358.835326024441,
      "hits_at_1": 0.0,
      "hits_at_3": 0.0,
      "hits_at_5": 0.0,
      "hits_at_10": 0.0,
      "z_hits_at_k": -0.40667342476909046,
      "adjusted_hits_at_k": -0.0003307661422499777
    },
    "realistic": {
      "adjusted_inverse_harmonic_mean_rank": 0.0015008930932793086,
      "inverse_median_rank": 0.00034910105750896037,
      "arithmetic_mean_rank": 5978.39990234375,
      "median_rank": 2864.5,
      "inverse_harmonic_mean_rank": 0.0018605177756398916,
      "inverse_arithmetic_mean_rank": 0.00016726883768569678,
      "variance": 53379920.0,
      "harmonic_mean_rank": 537.4848022460938,
      "adjusted_arithmetic_mean_rank_index": 0.6060879491113288,
      "count": 500.0,
      "standard_deviation": 7306.15625,
      "adjusted_arithmetic_mean_rank": 0.39395198959423156,
      "z_geometric_mean_rank": 17.25375577134131,
      "z_inverse_harmonic_mean_rank": 4.554490851005794,
      "inverse_geometric_mean_rank": 0.00038907851558178663,
      "adjusted_geometric_mean_rank_index": 0.7697477740608133,
      "geometric_mean_rank": 2570.17529296875,
      "z_arithmetic_mean_rank": 23.43368503016407,
      "median_absolute_deviation": 3358.83544921875,
      "hits_at_1": 0.0,
      "hits_at_3": 0.0,
      "hits_at_5": 0.0,
      "hits_at_10": 0.0,
      "z_hits_at_k": -0.40667342476909046,
      "adjusted_hits_at_k": -0.0003307661422499777
    },
    "pessimistic": {
      "adjusted_inverse_harmonic_mean_rank": 0.0015008927831643868,
      "inverse_median_rank": 0.00034910106475824753,
      "arithmetic_mean_rank": 5978.406,
      "median_rank": 2864.5,
      "inverse_harmonic_mean_rank": 0.0018605174656366626,
      "inverse_arithmetic_mean_rank": 0.00016726866659775197,
      "variance": 53379943.145164,
      "harmonic_mean_rank": 537.4848763689533,
      "adjusted_arithmetic_mean_rank_index": 0.6060875472743565,
      "count": 500.0,
      "standard_deviation": 7306.157892159463,
      "adjusted_arithmetic_mean_rank": 0.39395239140472443,
      "z_geometric_mean_rank": 17.25375122180498,
      "z_inverse_harmonic_mean_rank": 4.554489909955708,
      "inverse_geometric_mean_rank": 0.0003890781774954142,
      "adjusted_geometric_mean_rank_index": 0.7697475710907753,
      "geometric_mean_rank": 2570.1775577269077,
      "z_arithmetic_mean_rank": 23.4336694936053,
      "median_absolute_deviation": 3358.835326024441,
      "hits_at_1": 0.0,
      "hits_at_3": 0.0,
      "hits_at_5": 0.0,
      "hits_at_10": 0.0,
      "z_hits_at_k": -0.40667342476909046,
      "adjusted_hits_at_k": -0.0003307661422499777
    }
  },
  "tail": {
    "optimistic": {
      "adjusted_inverse_harmonic_mean_rank": 0.037926911422616436,
      "inverse_median_rank": 0.0015128593040847202,
      "arithmetic_mean_rank": 3840.11,
      "median_rank": 661.0,
      "inverse_harmonic_mean_rank": 0.0382599359189945,
      "inverse_arithmetic_mean_rank": 0.0002604092070279237,
      "variance": 48650244.84589999,
      "harmonic_mean_rank": 26.137001434535616,
      "adjusted_arithmetic_mean_rank_index": 0.7570035439501788,
      "count": 500.0,
      "standard_deviation": 6974.9727487568,
      "adjusted_arithmetic_mean_rank": 0.24304436755432912,
      "z_geometric_mean_rank": 21.5328988282505,
      "z_inverse_harmonic_mean_rank": 117.63854318535472,
      "inverse_geometric_mean_rank": 0.0021809049539966967,
      "adjusted_geometric_mean_rank_index": 0.9606852224604532,
      "geometric_mean_rank": 458.52525492567366,
      "z_arithmetic_mean_rank": 29.317693331061907,
      "median_absolute_deviation": 968.8805497934109,
      "hits_at_1": 0.002,
      "hits_at_3": 0.05,
      "hits_at_5": 0.068,
      "hits_at_10": 0.104,
      "z_hits_at_k": 130.3468996375005,
      "adjusted_hits_at_k": 0.10371635762339634
    },
    "realistic": {
      "adjusted_inverse_harmonic_mean_rank": 0.03792691386372749,
      "inverse_median_rank": 0.0015128592494875193,
      "arithmetic_mean_rank": 3840.112060546875,
      "median_rank": 661.0,
      "inverse_harmonic_mean_rank": 0.03825993835926056,
      "inverse_arithmetic_mean_rank": 0.00026040905504487455,
      "variance": 48650264.0,
      "harmonic_mean_rank": 26.136999130249023,
      "adjusted_arithmetic_mean_rank_index": 0.7570034135278704,
      "count": 500.0,
      "standard_deviation": 6974.97412109375,
      "adjusted_arithmetic_mean_rank": 0.2430444979683829,
      "z_geometric_mean_rank": 21.532898743223015,
      "z_inverse_harmonic_mean_rank": 117.63855075699021,
      "inverse_geometric_mean_rank": 0.0021809048485010862,
      "adjusted_geometric_mean_rank_index": 0.9606852186669721,
      "geometric_mean_rank": 458.5252990722656,
      "z_arithmetic_mean_rank": 29.317688279987486,
      "median_absolute_deviation": 968.8805541992188,
      "hits_at_1": 0.002,
      "hits_at_3": 0.05,
      "hits_at_5": 0.068,
      "hits_at_10": 0.104,
      "z_hits_at_k": 130.3468996375005,
      "adjusted_hits_at_k": 0.10371635762339634
    },
    "pessimistic": {
      "adjusted_inverse_harmonic_mean_rank": 0.0379269113608965,
      "inverse_median_rank": 0.0015128593040847202,
      "arithmetic_mean_rank": 3840.114,
      "median_rank": 661.0,
      "inverse_harmonic_mean_rank": 0.03825993585729593,
      "inverse_arithmetic_mean_rank": 0.0002604089357763858,
      "variance": 48650281.233004,
      "harmonic_mean_rank": 26.137001476684553,
      "adjusted_arithmetic_mean_rank_index": 0.7570032907701906,
      "count": 500.0,
      "standard_deviation": 6974.975357161055,
      "adjusted_arithmetic_mean_rank": 0.24304462071829325,
      "z_geometric_mean_rank": 21.53289839536859,
      "z_inverse_harmonic_mean_rank": 117.63854299391696,
      "inverse_geometric_mean_rank": 0.002180903884989672,
      "adjusted_geometric_mean_rank_index": 0.9606852031475286,
      "geometric_mean_rank": 458.5254796796034,
      "z_arithmetic_mean_rank": 29.317683525753452,
      "median_absolute_deviation": 968.8805497934109,
      "hits_at_1": 0.002,
      "hits_at_3": 0.05,
      "hits_at_5": 0.068,
      "hits_at_10": 0.104,
      "z_hits_at_k": 130.3468996375005,
      "adjusted_hits_at_k": 0.10371635762339634
    }
  },
  "both": {
    "optimistic": {
      "adjusted_inverse_harmonic_mean_rank": 0.019714029992964028,
      "inverse_median_rank": 0.000585308750365818,
      "arithmetic_mean_rank": 4909.252,
      "median_rank": 1708.5,
      "inverse_harmonic_mean_rank": 0.02006022693468627,
      "inverse_arithmetic_mean_rank": 0.00020369701942373297,
      "variance": 52158137.916496,
      "harmonic_mean_rank": 49.84988471246521,
      "adjusted_arithmetic_mean_rank_index": 0.6830675522842276,
      "count": 1000.0,
      "standard_deviation": 7222.059118872955,
      "adjusted_arithmetic_mean_rank": 0.3169765514605258,
      "z_geometric_mean_rank": 28.659056378374643,
      "z_inverse_harmonic_mean_rank": 85.52331272959772,
      "inverse_geometric_mean_rank": 0.0009211646494575928,