{
  "losses": [
    1.0237943202841515,
    0.34318293075935513,
    0.2183331855956246
  ],
  "metrics": {
    "both": {
      "optimistic": {
        "adjusted_arithmetic_mean_rank": 0.5211457162866189,
        "adjusted_arithmetic_mean_rank_index": 0.47895328575929763,
        "adjusted_geometric_mean_rank_index": 0.7827880901642171,
        "adjusted_hits_at_k": 0.03600353492561154,
        "adjusted_inverse_harmonic_mean_rank": 0.01475634703631779,
        "arithmetic_mean_rank": 2521.205,
        "count": 1000.0,
        "geometric_mean_rank": 774.6671792176859,
        "harmonic_mean_rank": 63.49299815119224,
        "hits_at_1": 0.003,
        "hits_at_10": 0.037,
        "hits_at_3": 0.011,
        "hits_at_5": 0.023,
        "inverse_arithmetic_mean_rank": 0.0003966357356898785,
        "inverse_geometric_mean_rank": 0.0012908769428051298,
        "inverse_harmonic_mean_rank": 0.015749768149532918,
        "inverse_median_rank": 0.0008233841086867024,
        "median_absolute_deviation": 1725.7489823405206,
        "median_rank": 1214.5,
        "standard_deviation": 2794.055462043479,
        "variance": 7806745.924975,
        "z_arithmetic_mean_rank": 26.230028045396796,
        "z_geometric_mean_rank": 24.829279014843024,
        "z_hits_at_k": 35.39380524663079,
        "z_inverse_harmonic_mean_rank": 35.858260652420014
      },
      "pessimistic": {
        "adjusted_arithmetic_mean_rank": 0.5211463364016626,
        "adjusted_arithmetic_mean_rank_index": 0.47895266551604654,
        "adjusted_geometric_mean_rank_index": 0.7827878866341349,
        "adjusted_hits_at_k": 0.03600353492561154,
        "adjusted_inverse_harmonic_mean_rank": 0.014756346735079662,
        "arithmetic_mean_rank": 2521.208,
        "count": 1000.0,
        "geometric_mean_rank": 774.6679041528182,
        "harmonic_mean_rank": 63.492999364367364,
        "hits_at_1": 0.003,
        "hits_at_10": 0.037,
        "hits_at_3": 0.011,
        "hits_at_5": 0.023,
        "inverse_arithmetic_mean_rank": 0.00039663526373071955,
        "inverse_geometric_mean_rank": 0.0012908757348009743,
        "inverse_harmonic_mean_rank": 0.01574976784859853,
        "inverse_median_rank": 0.0008233841086867024,
        "median_absolute_deviation": 1725.7489823405206,
        "median_rank": 1214.5,
        "standard_deviation": 2794.056294482271,
        "variance": 7806750.576735999,
        "z_arithmetic_mean_rank": 26.229994077579146,
        "z_geometric_mean_rank": 24.829272559066215,
        "z_hits_at_k": 35.39380524663079,
        "z_inverse_harmonic_mean_rank": 35.85825992040448
      },
      "realistic": {
        "adjusted_arithmetic_mean_rank": 0.5211460352259968,
        "adjusted_arithmetic_mean_rank_index": 0.4789529667539797,
        "adjusted_geometric_mean_rank_index": 0.7827881084021088,
        "adjusted_hits_at_k": 0.03600353492561154,
        "adjusted_inverse_harmonic_mean_rank": 0.014756348173252479,
        "arithmetic_mean_rank": 2521.20654296875,
        "count": 1000.0,
        "geometric_mean_rank": 774.6671142578125,
        "harmonic_mean_rank": 63.492993572420055,
        "hits_at_1": 0.003,
        "hits_at_10": 0.037,
        "hits_at_3": 0.011,
        "hits_at_5": 0.023,
        "inverse_arithmetic_mean_rank": 0.0003966354997828603,
        "inverse_geometric_mean_rank": 0.0012908770004287362,
        "inverse_harmonic_mean_rank": 0.015749769285321236,
        "inverse_median_rank": 0.0008233840926550329,
        "median_absolute_deviation": 1725.7489823405206,
        "median_rank": 1214.5,
        "standard_deviation": 2794.055908203125,
        "variance": 7806748.5,
        "z_arithmetic_mean_rank": 26.23001057496975,
        "z_geometric_mean_rank": 24.829279593331258,
        "z_hits_at_k": 35.39380524663079,
        "z_inverse_harmonic_mean_rank": 35.8582634151973
      }
    },
    "head": {
      "optimistic": {
        "adjusted_arithmetic_mean_rank": 0.6239536522676395,
        "adjusted_arithmetic_mean_rank_index": 0.37612431065223706,
        "adjusted_geometric_mean_rank_index": 0.5881374275253786,
        "adjusted_hits_at_k": 0.0049685618310604095,
        "adjusted_inverse_harmonic_mean_rank": 0.0027542031983736536,
        "arithmetic_mean_rank": 3010.202,
        "count": 500.0,
        "geometric_mean_rank": 1464.6123512232548,
        "harmonic_mean_rank": 265.797533328366,
        "hits_at_1": 0.0,
        "hits_at_10": 0.006,
        "hits_at_3": 0.002,
        "hits_at_5": 0.004,
        "inverse_arithmetic_mean_rank": 0.00033220361955775725,
        "inverse_geometric_mean_rank": 0.000682774523350696,
        "inverse_harmonic_mean_rank": 0.0037622621529922215,
        "inverse_median_rank": 0.0005194805194805195,
        "median_absolute_deviation": 2454.447972736024,
        "median_rank": 1925.0,
        "standard_deviation": 2790.1282660831203,
        "variance": 7784815.741196,
        "z_arithmetic_mean_rank": 14.565150942404578,
        "z_geometric_mean_rank": 13.200884198369527,
        "z_hits_at_k": 3.448953285670388,
        "z_inverse_harmonic_mean_rank": 4.7258871316746465
      },
      "pessimistic": {
        "adjusted_arithmetic_mean_rank": 0.623954066826963,
        "adjusted_arithmetic_mean_rank_index": 0.37612389600696605,
        "adjusted_geometric_mean_rank_index": 0.5881372010414717,
        "adjusted_hits_at_k": 0.0049685618310604095,
        "adjusted_inverse_harmonic_mean_rank": 0.0027542030472314386,
        "arithmetic_mean_rank": 3010.204,
        "count": 500.0,
        "geometric_mean_rank": 1464.6131560660972,
        "harmonic_mean_rank": 265.79754399551763,
        "hits_at_1": 0.0,
        "hits_at_10": 0.006,
        "hits_at_3": 0.002,
        "hits_at_5": 0.004,
        "inverse_arithmetic_mean_rank": 0.0003322033988394142,
        "inverse_geometric_mean_rank": 0.0006827741481484211,
        "inverse_harmonic_mean_rank": 0.003762262002002787,
        "inverse_median_rank": 0.0005194805194805195,
        "median_absolute_deviation": 2454.447972736024,
        "median_rank": 1925.0,
        "standard_deviation": 2790.1287171713066,
        "variance": 7784818.2583840005,
        "z_arithmetic_mean_rank": 14.565134885556379,
        "z_geometric_mean_rank": 13.200879114884465,
        "z_hits_at_k": 3.448953285670388,
        "z_inverse_harmonic_mean_rank": 4.72588687233247
      },
      "realistic": {
        "adjusted_arithmetic_mean_rank": 0.6239538348518728,
        "adjusted_arithmetic_mean_rank_index": 0.37612412803014994,
        "adjusted_geometric_mean_rank_index": 0.5881374749713628,
        "adjusted_hits_at_k": 0.0049685618310604095,
        "adjusted_inverse_harmonic_mean_rank": 0.0027542029871969655,
        "arithmetic_mean_rank": 3010.202880859375,
        "count": 500.0,
        "geometric_mean_rank": 1464.6121826171875,
        "harmonic_mean_rank": 265.7975482325659,
        "hits_at_1": 0.0,
        "hits_at_10": 0.006,
        "hits_at_3": 0.002,
        "hits_at_5": 0.004,
        "inverse_arithmetic_mean_rank": 0.00033220351906493306,
        "inverse_geometric_mean_rank": 0.0006827745819464326,
        "inverse_harmonic_mean_rank": 0.0037622619420289998,
        "inverse_median_rank": 0.0005194804980419576,
        "median_absolute_deviation": 2454.447972736024,
        "median_rank": 1925.0,
        "standard_deviation": 2790.12841796875,
        "variance": 7784816.5,
        "z_arithmetic_mean_rank": 14.565143870491944,
        "z_geometric_mean_rank": 13.20088526330591,
        "z_hits_at_k": 3.448953285670388,
        "z_inverse_harmonic_mean_rank": 4.725886769320412
      }
    },
    "tail": {
      "optimistic": {
        "adjusted_arithmetic_mean_rank": 0.41890623892032197,
        "adjusted_arithmetic_mean_rank_index": 0.5812135686929099,
        "adjusted_geometric_mean_rank_index": 0.8856206223507195,
        "adjusted_hits_at_k": 0.06703832737989521,
        "adjusted_inverse_harmonic_mean_rank": 0.02675842976786704,