{
  "losses": [
    0.8435003403939453,
    0.5009010162423638,
    0.5118300339170531
  ],
  "metrics": {
    "both": {
      "optimistic": {
        "adjusted_arithmetic_mean_rank": 0.3169765514605258,
        "adjusted_arithmetic_mean_rank_index": 0.6830675522842276,
        "adjusted_geometric_mean_rank_index": 0.9047742913962499,
        "adjusted_hits_at_k": 0.05169316501408761,
        "adjusted_inverse_harmonic_mean_rank": 0.019714029992964028,
        "arithmetic_mean_rank": 4909.252,
        "count": 1000.0,
        "geometric_mean_rank": 1085.5822578393859,
        "harmonic_mean_rank": 49.84988471246521,
        "hits_at_1": 0.001,
        "hits_at_10": 0.052,
        "hits_at_3": 0.025,
        "hits_at_5": 0.034,
        "inverse_arithmetic_mean_rank": 0.00020369701942373297,
        "inverse_geometric_mean_rank": 0.0009211646494575928,
        "inverse_harmonic_mean_rank": 0.02006022693468627,
        "inverse_median_rank": 0.000585308750365818,
        "median_absolute_deviation": 2435.1741438954514,
        "median_rank": 1708.5,
        "standard_deviation": 7222.059118872955,
        "variance": 52158137.916496,
        "z_arithmetic_mean_rank": 37.37430572200094,
        "z_geometric_mean_rank": 28.659056378374643,
        "z_hits_at_k": 90.86257153163423,
        "z_inverse_harmonic_mean_rank": 85.52331272959772
      },
      "pessimistic": {
        "adjusted_arithmetic_mean_rank": 0.31697706799795583,
        "adjusted_arithmetic_mean_rank_index": 0.683067035713444,
        "adjusted_geometric_mean_rank_index": 0.904774167694529,
        "adjusted_hits_at_k": 0.05169316501408761,
        "adjusted_inverse_harmonic_mean_rank": 0.01971402971964753,
        "arithmetic_mean_rank": 4909.26,
        "count": 1000.0,
        "geometric_mean_rank": 1085.5836667518915,
        "harmonic_mean_rank": 49.84988539141987,
        "hits_at_1": 0.001,
        "hits_at_10": 0.052,
        "hits_at_3": 0.025,
        "hits_at_5": 0.034,
        "inverse_arithmetic_mean_rank": 0.00020369668748446813,
        "inverse_geometric_mean_rank": 0.0009211634539344524,
        "inverse_harmonic_mean_rank": 0.020060226661466295,
        "inverse_median_rank": 0.000585308750365818,
        "median_absolute_deviation": 2435.1741438954514,
        "median_rank": 1708.5,
        "standard_deviation": 7222.062403385891,
        "variance": 52158185.358399995,
        "z_arithmetic_mean_rank": 37.37427745763041,
        "z_geometric_mean_rank": 28.65905246007742,
        "z_hits_at_k": 90.86257153163423,
        "z_inverse_harmonic_mean_rank": 85.52331154389736
      },
      "realistic": {
        "adjusted_arithmetic_mean_rank": 0.31697680064948125,
        "adjusted_arithmetic_mean_rank_index": 0.6830673030791816,
        "adjusted_geometric_mean_rank_index": 0.9047742791375567,
        "adjusted_hits_at_k": 0.05169316501408761,
        "adjusted_inverse_harmonic_mean_rank": 0.019714029379281427,
        "arithmetic_mean_rank": 4909.255859375,
        "count": 1000.0,
        "geometric_mean_rank": 1085.5823974609375,
        "harmonic_mean_rank": 49.84988784790039,
        "hits_at_1": 0.001,
        "hits_at_10": 0.052,
        "hits_at_3": 0.025,
        "hits_at_5": 0.034,
        "inverse_arithmetic_mean_rank": 0.00020369686535559595,
        "inverse_geometric_mean_rank": 0.0009211645228788257,
        "inverse_harmonic_mean_rank": 0.020060226321220398,
        "inverse_median_rank": 0.0005853087641298771,
        "median_absolute_deviation": 2435.174072265625,
        "median_rank": 1708.5,
        "standard_deviation": 7222.060546875,
        "variance": 52158160.0,
        "z_arithmetic_mean_rank": 37.374292086650314,
        "z_geometric_mean_rank": 28.659055990076055,
        "z_hits_at_k": 90.86257153163423,
        "z_inverse_harmonic_mean_rank": 85.52331006732274
      }
    },
    "head": {
      "optimistic": {
        "adjusted_arithmetic_mean_rank": 0.3939516006540299,
        "adjusted_arithmetic_mean_rank_index": 0.6060883380771617,
        "adjusted_geometric_mean_rank_index": 0.7697480560782765,
        "adjusted_hits_at_k": -0.0003307661422499777,
        "adjusted_inverse_harmonic_mean_rank": 0.0015008932680804171,
        "arithmetic_mean_rank": 5978.394,
        "count": 500.0,
        "geometric_mean_rank": 2570.1721461922293,
        "harmonic_mean_rank": 537.4847363320562,
        "hits_at_1": 0.0,
        "hits_at_10": 0.0,
        "hits_at_3": 0.0,
        "hits_at_5": 0.0,
        "inverse_arithmetic_mean_rank": 0.0001672690023441078,
        "inverse_geometric_mean_rank": 0.00038907899670515206,
        "inverse_harmonic_mean_rank": 0.0018605179503780429,
        "inverse_median_rank": 0.00034910106475824753,
        "median_absolute_deviation": 3358.835326024441,
        "median_rank": 2864.5,
        "standard_deviation": 7306.155059589414,
        "variance": 53379901.754764,
        "z_arithmetic_mean_rank": 23.433700069075222,
        "z_geometric_mean_rank": 17.25376209271124,
        "z_hits_at_k": -0.40667342476909046,
        "z_inverse_harmonic_mean_rank": 4.5544913814433405
      },
      "pessimistic": {
        "adjusted_arithmetic_mean_rank": 0.39395239140472443,
        "adjusted_arithmetic_mean_rank_index": 0.6060875472743565,
        "adjusted_geometric_mean_rank_index": 0.7697475710907753,
        "adjusted_hits_at_k": -0.0003307661422499777,
        "adjusted_inverse_harmonic_mean_rank": 0.0015008927831643868,
        "arithmetic_mean_rank": 5978.406,
        "count": 500.0,
        "geometric_mean_rank": 2570.1775577269077,
        "harmonic_mean_rank": 537.4848763689533,
        "hits_at_1": 0.0,
        "hits_at_10": 0.0,
        "hits_at_3": 0.0,
        "hits_at_5": 0.0,
        "inverse_arithmetic_mean_rank": 0.00016726866659775197,
        "inverse_geometric_mean_rank": 0.0003890781774954142,
        "inverse_harmonic_mean_rank": 0.0018605174656366626,
        "inverse_median_rank": 0.00034910106475824753,
        "median_absolute_deviation": 3358.835326024441,
        "median_rank": 2864.5,
        "standard_deviation": 7306.157892159463,
        "variance": 53379943.145164,
        "z_arithmetic_mean_rank": 23.4336694936053,
        "z_geometric_mean_rank": 17.25375122180498,
        "z_hits_at_k": -0.40667342476909046,
        "z_inverse_harmonic_mean_rank": 4.554489909955708
      },
      "realistic": {
        "adjusted_arithmetic_mean_rank": 0.39395198959423156,
        "adjusted_arithmetic_mean_rank_index": 0.6060879491113288,
        "adjusted_geometric_mean_rank_index": 0.7697477740608133,
        "adjusted_hits_at_k": -0.0003307661422499777,
        "adjusted_inverse_harmonic_mean_rank": 0.0015008930932793086,
        "arithmetic_mean_rank": 5978.39990234375,
        "count": 500.0,
        "geometric_mean_rank": 2570.17529296875,
        "harmonic_mean_rank": 537.4848022460938,
        "hits_at_1": 0.0,
        "hits_at_10": 0.0,
        "hits_at_3": 0.0,
        "hits_at_5": 0.0,
        "inverse_arithmetic_mean_rank": 0.00016726883768569678,
        "inverse_geometric_mean_rank": 0.00038907851558178663,
        "inverse_harmonic_mean_rank": 0.0018605177756398916,
        "inverse_median_rank": 0.00034910105750896037,
        "median_absolute_deviation": 3358.83544921875,
        "median_rank": 2864.5,
        "standard_deviation": 7306.15625,
        "variance": 53379920.0,
        "z_arithmetic_mean_rank": 23.43368503016407,
        "z_geometric_mean_rank": 17.25375577134131,
        "z_hits_at_k": -0.40667342476909046,
        "z_inverse_harmonic_mean_rank": 4.554490851005794
      }
    },
    "tail": {
      "optimistic": {
        "adjusted_arithmetic_mean_rank": 0.24304436755432912,
        "adjusted_arithmetic_mean_rank_index": 0.7570035439501788,
        "adjusted_geometric_mean_rank_index": 0.9606852224604532,
        "adjusted_hits_at_k": 0.10371635762339634,
        "adjusted_inverse_harmonic_mean_rank": 0.037926911422616436,
        "arithmetic_mean_rank": 3840.11,