{
  "losses": [
    0.8432775469971638,
    0.515258235966458,
    0.5076009302454836
  ],
  "metrics": {
    "both": {
      "optimistic": {
        "adjusted_arithmetic_mean_rank": 0.30015854207954007,
        "adjusted_arithmetic_mean_rank_index": 0.6998868465227795,
        "adjusted_geometric_mean_rank_index": 0.9342716209943341,
        "adjusted_hits_at_k": 0.09770668724830196,
        "adjusted_inverse_harmonic_mean_rank": 0.04434667711073178,
        "arithmetic_mean_rank": 4628.409,
        "count": 1000.0,
        "geometric_mean_rank": 746.2362505089968,
        "harmonic_mean_rank": 22.378571548042373,
        "hits_at_1": 0.015,
        "hits_at_10": 0.098,
        "hits_at_3": 0.051,
        "hits_at_5": 0.074,
        "inverse_arithmetic_mean_rank": 0.00021605696471508893,
        "inverse_geometric_mean_rank": 0.0013400581911129548,
        "inverse_harmonic_mean_rank": 0.04468560461301998,
        "inverse_median_rank": 0.000641025641025641,
        "median_absolute_deviation": 2284.6900187171327,
        "median_rank": 1560.0,
        "standard_deviation": 7019.790338871882,
        "variance": 49277456.40171901,
        "z_arithmetic_mean_rank": 38.2892733164621,
        "z_geometric_mean_rank": 29.593496247814265,
        "z_hits_at_k": 171.34138597297573,
        "z_inverse_harmonic_mean_rank": 191.93669243199943
      },
      "pessimistic": {
        "adjusted_arithmetic_mean_rank": 0.3001588663362577,
        "adjusted_arithmetic_mean_rank_index": 0.699886522245032,
        "adjusted_geometric_mean_rank_index": 0.9342715638991459,
        "adjusted_hits_at_k": 0.09770668724830196,
        "adjusted_inverse_harmonic_mean_rank": 0.044346676816421016,
        "arithmetic_mean_rank": 4628.414,
        "count": 1000.0,
        "geometric_mean_rank": 746.236897861095,
        "harmonic_mean_rank": 22.378571695381073,
        "hits_at_1": 0.015,
        "hits_at_10": 0.098,
        "hits_at_3": 0.051,
        "hits_at_5": 0.074,
        "inverse_arithmetic_mean_rank": 0.00021605673131228106,
        "inverse_geometric_mean_rank": 0.0013400570286275775,
        "inverse_harmonic_mean_rank": 0.04468560431881359,
        "inverse_median_rank": 0.000641025641025641,
        "median_absolute_deviation": 2284.6900187171327,
        "median_rank": 1560.0,
        "standard_deviation": 7019.795850635829,
        "variance": 49277533.784604,
        "z_arithmetic_mean_rank": 38.289255575938235,
        "z_geometric_mean_rank": 29.593494439297125,
        "z_hits_at_k": 171.34138597297573,
        "z_inverse_harmonic_mean_rank": 191.93669115819407
      },
      "realistic": {
        "adjusted_arithmetic_mean_rank": 0.3001587120609913,
        "adjusted_arithmetic_mean_rank_index": 0.699886676530304,
        "adjusted_geometric_mean_rank_index": 0.9342715926160292,
        "adjusted_hits_at_k": 0.09770668724830196,
        "adjusted_inverse_harmonic_mean_rank": 0.0443466784115738,
        "arithmetic_mean_rank": 4628.41162109375,
        "count": 1000.0,
        "geometric_mean_rank": 746.236572265625,
        "harmonic_mean_rank": 22.37857089681115,
        "hits_at_1": 0.015,
        "hits_at_10": 0.098,
        "hits_at_3": 0.051,
        "hits_at_5": 0.074,
        "inverse_arithmetic_mean_rank": 0.00021605684014502913,
        "inverse_geometric_mean_rank": 0.0013400575844570994,
        "inverse_harmonic_mean_rank": 0.04468560591340065,
        "inverse_median_rank": 0.0006410256610251963,
        "median_absolute_deviation": 2284.6900187171327,
        "median_rank": 1560.0,
        "standard_deviation": 7019.79296875,
        "variance": 49277492.0,
        "z_arithmetic_mean_rank": 38.28926401654685,
        "z_geometric_mean_rank": 29.593495348918008,
        "z_hits_at_k": 171.34138597297573,
        "z_inverse_harmonic_mean_rank": 191.93669806216906
      }
    },
    "head": {
      "optimistic": {
        "adjusted_arithmetic_mean_rank": 0.39057998819293765,
        "adjusted_arithmetic_mean_rank_index": 0.6094605340421146,
        "adjusted_geometric_mean_rank_index": 0.7823822544814625,
        "adjusted_hits_at_k": 0.005668215398167095,
        "adjusted_inverse_harmonic_mean_rank": 0.0024604212945183975,
        "arithmetic_mean_rank": 5874.382,
        "count": 500.0,
        "geometric_mean_rank": 2407.364650135003,
        "harmonic_mean_rank": 354.2736360700953,
        "hits_at_1": 0.0,
        "hits_at_10": 0.006,
        "hits_at_3": 0.0,
        "hits_at_5": 0.004,
        "inverse_arithmetic_mean_rank": 0.0001702306727754511,
        "inverse_geometric_mean_rank": 0.00041539199304264966,
        "inverse_harmonic_mean_rank": 0.0028226768751207433,
        "inverse_median_rank": 0.0004197271773347324,
        "median_absolute_deviation": 2903.676444943221,
        "median_rank": 2382.5,
        "standard_deviation": 7397.145872569771,
        "variance": 54717767.060076006,
        "z_arithmetic_mean_rank": 23.56179883848195,
        "z_geometric_mean_rank": 17.537073753353585,
        "z_hits_at_k": 6.9373994389527525,
        "z_inverse_harmonic_mean_rank": 7.432389485183622
      },
      "pessimistic": {
        "adjusted_arithmetic_mean_rank": 0.39058025414771436,
        "adjusted_arithmetic_mean_rank_index": 0.6094602680696537,
        "adjusted_geometric_mean_rank_index": 0.782381953914759,
        "adjusted_hits_at_k": 0.005668215398167095,
        "adjusted_inverse_harmonic_mean_rank": 0.0024604207280685252,
        "arithmetic_mean_rank": 5874.386,
        "count": 500.0,
        "geometric_mean_rank": 2407.367973729266,
        "harmonic_mean_rank": 354.27370713930685,
        "hits_at_1": 0.0,
        "hits_at_10": 0.006,
        "hits_at_3": 0.0,
        "hits_at_5": 0.004,
        "inverse_arithmetic_mean_rank": 0.00017023055686160221,
        "inverse_geometric_mean_rank": 0.0004153914195555634,
        "inverse_harmonic_mean_rank": 0.0028226763088765768,
        "inverse_median_rank": 0.0004197271773347324,
        "median_absolute_deviation": 2903.676444943221,
        "median_rank": 2382.5,
        "standard_deviation": 7397.14462620571,
        "variance": 54717748.62100401,
        "z_arithmetic_mean_rank": 23.561788555962785,
        "z_geometric_mean_rank": 17.53706701616033,
        "z_hits_at_k": 6.9373994389527525,
        "z_inverse_harmonic_mean_rank": 7.432387774063626
      },
      "realistic": {
        "adjusted_arithmetic_mean_rank": 0.39058010714536706,
        "adjusted_arithmetic_mean_rank_index": 0.6094604150817757,
        "adjusted_geometric_mean_rank_index": 0.7823819808594598,
        "adjusted_hits_at_k": 0.005668215398167095,
        "adjusted_inverse_harmonic_mean_rank": 0.002460421092855953,
        "arithmetic_mean_rank": 5874.3837890625,
        "count": 500.0,
        "geometric_mean_rank": 2407.36767578125,
        "harmonic_mean_rank": 354.2736613715205,
        "hits_at_1": 0.0,
        "hits_at_10": 0.006,
        "hits_at_3": 0.0,
        "hits_at_5": 0.004,
        "inverse_arithmetic_mean_rank": 0.00017023061809595674,
        "inverse_geometric_mean_rank": 0.0004153914633207023,
        "inverse_harmonic_mean_rank": 0.0028226766735315323,
        "inverse_median_rank": 0.00041972717735916376,
        "median_absolute_deviation": 2903.676444943221,
        "median_rank": 2382.5,
        "standard_deviation": 7397.1455078125,
        "variance": 54717760.0,
        "z_arithmetic_mean_rank": 23.56179423946459,
        "z_geometric_mean_rank": 17.537067620124954,
        "z_hits_at_k": 6.9373994389527525,
        "z_inverse_harmonic_mean_rank": 7.432388876005902
      }
    },
    "tail": {
      "optimistic": {
        "adjusted_arithmetic_mean_rank": 0.21408349863803608,
        "adjusted_arithmetic_mean_rank_index": 0.7859662472859166,
        "adjusted_geometric_mean_rank_index": 0.9802083627130304,
        "adjusted_hits_at_k": 0.1897435753104286,
        "adjusted_inverse_harmonic_mean_rank": 0.08623222113404273,
        "arithmetic_mean_rank": 3382.436,