{
  "head": {
    "optimistic": {
      "adjusted_arithmetic_mean_rank_index": 0.7521321059833314,
      "count": 500.0,
      "standard_deviation": 1082.4038108044522,
      "adjusted_inverse_harmonic_mean_rank": 0.002553226295004757,
      "median_rank": 1000.5,
      "z_arithmetic_mean_rank": 29.12578991046588,
      "adjusted_arithmetic_mean_rank": 0.24802379570516545,
      "median_absolute_deviation": 777.6248636061882,
      "z_geometric_mean_rank": 17.393811237125547,
      "inverse_geometric_mean_rank": 0.0012488025228471397,
      "arithmetic_mean_rank": 1196.566,
      "adjusted_geometric_mean_rank_index": 0.7749444084305027,
      "variance": 1171598.009644,
      "harmonic_mean_rank": 280.7814840539461,
      "inverse_median_rank": 0.0009995002498750624,
      "inverse_harmonic_mean_rank": 0.003561488405723618,
      "inverse_arithmetic_mean_rank": 0.0008357248994205084,
      "z_inverse_harmonic_mean_rank": 4.381034521687214,
      "geometric_mean_rank": 800.7671202650233,
      "hits_at_1": 0.0,
      "hits_at_3": 0.002,
      "hits_at_5": 0.004,
      "hits_at_10": 0.004,
      "z_hits_at_k": 2.059202183337252,
      "adjusted_hits_at_k": 0.002966486502752684
    },
    "realistic": {
      "adjusted_arithmetic_mean_rank_index": 0.7521320976823275,
      "count": 500.0,
      "standard_deviation": 1082.40380859375,
      "adjusted_inverse_harmonic_mean_rank": 0.0025532264750097082,
      "median_rank": 1000.5,
      "z_arithmetic_mean_rank": 29.125789589015305,
      "adjusted_arithmetic_mean_rank": 0.24802380400444876,
      "median_absolute_deviation": 777.6248636061882,
      "z_geometric_mean_rank": 17.39381104376455,
      "inverse_geometric_mean_rank": 0.001248802524060011,
      "arithmetic_mean_rank": 1196.5660400390625,
      "adjusted_geometric_mean_rank_index": 0.7749443998157131,
      "variance": 1171598.125,
      "harmonic_mean_rank": 280.7814698770181,
      "inverse_median_rank": 0.0009995002765208483,
      "inverse_harmonic_mean_rank": 0.0035614885855466127,
      "inverse_arithmetic_mean_rank": 0.0008357248734682798,
      "z_inverse_harmonic_mean_rank": 4.381034830554434,
      "geometric_mean_rank": 800.7671508789062,
      "hits_at_1": 0.0,
      "hits_at_3": 0.002,
      "hits_at_5": 0.004,
      "hits_at_10": 0.004,
      "z_hits_at_k": 2.059202183337252,
      "adjusted_hits_at_k": 0.002966486502752684
    },
    "pessimistic": {
      "adjusted_arithmetic_mean_rank_index": 0.7521321059833314,
      "count": 500.0,
      "standard_deviation": 1082.4038108044522,
      "adjusted_inverse_harmonic_mean_rank": 0.002553226295004757,
      "median_rank": 1000.5,
      "z_arithmetic_mean_rank": 29.12578991046588,
      "adjusted_arithmetic_mean_rank": 0.24802379570516545,
      "median_absolute_deviation": 777.6248636061882,
      "z_geometric_mean_rank": 17.393811237125547,
      "inverse_geometric_mean_rank": 0.0012488025228471397,
      "arithmetic_mean_rank": 1196.566,
      "adjusted_geometric_mean_rank_index": 0.7749444084305027,
      "variance": 1171598.009644,
      "harmonic_mean_rank": 280.7814840539461,
      "inverse_median_rank": 0.0009995002498750624,
      "inverse_harmonic_mean_rank": 0.003561488405723618,
      "inverse_arithmetic_mean_rank": 0.0008357248994205084,
      "z_inverse_harmonic_mean_rank": 4.381034521687214,
      "geometric_mean_rank": 800.7671202650233,
      "hits_at_1": 0.0,
      "hits_at_3": 0.002,
      "hits_at_5": 0.004,
      "hits_at_10": 0.004,
      "z_hits_at_k": 2.059202183337252,
      "adjusted_hits_at_k": 0.002966486502752684
    }
  },
  "tail": {
    "optimistic": {
      "adjusted_arithmetic_mean_rank_index": 0.8299154843157759,
      "count": 500.0,
      "standard_deviation": 1213.3311358800613,
      "adjusted_inverse_harmonic_mean_rank": 0.09579789936444226,
      "median_rank": 395.5,
      "z_arithmetic_mean_rank": 32.13917517348032,
      "adjusted_arithmetic_mean_rank": 0.17025558910493516,
      "median_absolute_deviation": 580.4387685449432,
      "z_geometric_mean_rank": 21.56005649409196,
      "inverse_geometric_mean_rank": 0.007047373022230424,
      "arithmetic_mean_rank": 825.948,
      "adjusted_geometric_mean_rank_index": 0.960572194762759,
      "variance": 1472172.445296,
      "harmonic_mean_rank": 10.340480288940626,
      "inverse_median_rank": 0.0025284450063211127,
      "inverse_harmonic_mean_rank": 0.09670730682302275,
      "inverse_arithmetic_mean_rank": 0.0012107299733155113,
      "z_inverse_harmonic_mean_rank": 164.83940693559867,
      "geometric_mean_rank": 141.89684536998013,
      "hits_at_1": 0.05,
      "hits_at_3": 0.088,
      "hits_at_5": 0.13,
      "hits_at_10": 0.206,
      "z_hits_at_k": 142.82883182222255,
      "adjusted_hits_at_k": 0.20518072096527554
    },
    "realistic": {
      "adjusted_arithmetic_mean_rank_index": 0.8299154847184635,
      "count": 500.0,
      "standard_deviation": 1213.3310546875,
      "adjusted_inverse_harmonic_mean_rank": 0.0957978993436714,
      "median_rank": 395.5,
      "z_arithmetic_mean_rank": 32.139175189074734,
      "adjusted_arithmetic_mean_rank": 0.17025558870233057,
      "median_absolute_deviation": 580.4387685449432,
      "z_geometric_mean_rank": 21.56005636549232,
      "inverse_geometric_mean_rank": 0.007047371938824654,
      "arithmetic_mean_rank": 825.947998046875,
      "adjusted_geometric_mean_rank_index": 0.9605721890332176,
      "variance": 1472172.375,
      "harmonic_mean_rank": 10.340480291159325,
      "inverse_median_rank": 0.0025284450966864824,
      "inverse_harmonic_mean_rank": 0.0967073068022728,
      "inverse_arithmetic_mean_rank": 0.0012107299407944083,
      "z_inverse_harmonic_mean_rank": 164.8394068998583,
      "geometric_mean_rank": 141.89686584472656,
      "hits_at_1": 0.05,
      "hits_at_3": 0.088,
      "hits_at_5": 0.13,
      "hits_at_10": 0.206,
      "z_hits_at_k": 142.82883182222255,
      "adjusted_hits_at_k": 0.20518072096527554
    },
    "pessimistic": {
      "adjusted_arithmetic_mean_rank_index": 0.8299154843157759,
      "count": 500.0,
      "standard_deviation": 1213.3311358800613,
      "adjusted_inverse_harmonic_mean_rank": 0.09579789936444226,
      "median_rank": 395.5,
      "z_arithmetic_mean_rank": 32.13917517348032,
      "adjusted_arithmetic_mean_rank": 0.17025558910493516,
      "median_absolute_deviation": 580.4387685449432,
      "z_geometric_mean_rank": 21.56005649409196,
      "inverse_geometric_mean_rank": 0.007047373022230424,
      "arithmetic_mean_rank": 825.948,
      "adjusted_geometric_mean_rank_index": 0.960572194762759,
      "variance": 1472172.445296,
      "harmonic_mean_rank": 10.340480288940626,
      "inverse_median_rank": 0.0025284450063211127,
      "inverse_harmonic_mean_rank": 0.09670730682302275,
      "inverse_arithmetic_mean_rank": 0.0012107299733155113,
      "z_inverse_harmonic_mean_rank": 164.83940693559867,
      "geometric_mean_rank": 141.89684536998013,
      "hits_at_1": 0.05,
      "hits_at_3": 0.088,
      "hits_at_5": 0.13,
      "hits_at_10": 0.206,
      "z_hits_at_k": 142.82883182222255,
      "adjusted_hits_at_k": 0.20518072096527554
    }
  },
  "both": {
    "optimistic": {
      "adjusted_arithmetic_mean_rank_index": 0.7911316379466475,
      "count": 1000.0,
      "standard_deviation": 1164.5705873629988,
      "adjusted_inverse_harmonic_mean_rank": 0.049175681513943484,
      "median_rank": 800.5,
      "z_arithmetic_mean_rank": 43.32657415230695,
      "adjusted_arithmetic_mean_rank": 0.20903189293010974,
      "median_absolute_deviation": 1005.945605256051,
      "z_geometric_mean_rank": 28.72608641453401,
      "inverse_geometric_mean_rank": 0.002966610390598372,
      "arithmetic_mean_rank": 1011.257,
      "adjusted_geometric_mean_rank_index": 0.9056420167852186,
      "variance": 1356224.6529510003,
      "harmonic_mean_rank": 19.946385068628157,
      "inverse_median_rank": 0.0012492192379762648,
      "inverse_harmonic_mean_rank": 0.05013439761437317,