{
  "head": {
    "optimistic": {
      "inverse_arithmetic_mean_rank": 0.00014294675004845894,
      "z_inverse_harmonic_mean_rank": 254.51540742210705,
      "geometric_mean_rank": 1623.1750741411506,
      "adjusted_arithmetic_mean_rank_index": 0.5349064584829291,
      "count": 500.0,
      "standard_deviation": 7537.315211761811,
      "adjusted_inverse_harmonic_mean_rank": 0.08425488592231747,
      "median_rank": 4278.5,
      "z_arithmetic_mean_rank": 20.679531599184173,
      "adjusted_arithmetic_mean_rank": 0.4651291067489947,
      "median_absolute_deviation": 6097.201623604288,
      "z_geometric_mean_rank": 19.126689183198184,
      "inverse_geometric_mean_rank": 0.0006160764885630818,
      "arithmetic_mean_rank": 6995.612,
      "adjusted_geometric_mean_rank_index": 0.8532998386378563,
      "variance": 56811120.601455994,
      "harmonic_mean_rank": 11.822086406798368,
      "inverse_median_rank": 0.0002337267734018932,
      "inverse_harmonic_mean_rank": 0.08458743791831394,
      "hits_at_1": 0.074,
      "hits_at_3": 0.09,
      "hits_at_5": 0.09,
      "hits_at_10": 0.098,
      "z_hits_at_k": 119.57492998564277,
      "adjusted_hits_at_k": 0.09769892383213956
    },
    "realistic": {
      "inverse_arithmetic_mean_rank": 0.0001429467083653435,
      "z_inverse_harmonic_mean_rank": 254.51539087969476,
      "geometric_mean_rank": 1623.175048828125,
      "adjusted_arithmetic_mean_rank_index": 0.5349063408212837,
      "count": 500.0,
      "standard_deviation": 7537.31689453125,
      "adjusted_inverse_harmonic_mean_rank": 0.08425488044611046,
      "median_rank": 4278.5,
      "z_arithmetic_mean_rank": 20.679527050374425,
      "adjusted_arithmetic_mean_rank": 0.4651292244028168,
      "median_absolute_deviation": 6097.201623604288,
      "z_geometric_mean_rank": 19.126689234509726,
      "inverse_geometric_mean_rank": 0.0006160765187814832,
      "arithmetic_mean_rank": 6995.61376953125,
      "adjusted_geometric_mean_rank_index": 0.8532998409270204,
      "variance": 56811148.0,
      "harmonic_mean_rank": 11.822087171884624,
      "inverse_median_rank": 0.00023372677969746292,
      "inverse_harmonic_mean_rank": 0.08458743244409561,
      "hits_at_1": 0.074,
      "hits_at_3": 0.09,
      "hits_at_5": 0.09,
      "hits_at_10": 0.098,
      "z_hits_at_k": 119.57492998564277,
      "adjusted_hits_at_k": 0.09769892383213956
    },
    "pessimistic": {
      "inverse_arithmetic_mean_rank": 0.00014294666831341228,
      "z_inverse_harmonic_mean_rank": 254.515407332372,
      "geometric_mean_rank": 1623.1756090097072,
      "adjusted_arithmetic_mean_rank_index": 0.5349061925104683,
      "count": 500.0,
      "standard_deviation": 7537.318608931428,
      "adjusted_inverse_harmonic_mean_rank": 0.08425488589261154,
      "median_rank": 4278.5,
      "z_arithmetic_mean_rank": 20.679521316665014,
      "adjusted_arithmetic_mean_rank": 0.46512937270377136,
      "median_absolute_deviation": 6097.201623604288,
      "z_geometric_mean_rank": 19.12668809897654,
      "inverse_geometric_mean_rank": 0.0006160762855536598,
      "arithmetic_mean_rank": 6995.616,
      "adjusted_geometric_mean_rank_index": 0.8532997902674277,
      "variance": 56811171.812543996,
      "harmonic_mean_rank": 11.82208641094861,
      "inverse_median_rank": 0.0002337267734018932,
      "inverse_harmonic_mean_rank": 0.0845874378886188,
      "hits_at_1": 0.074,
      "hits_at_3": 0.09,
      "hits_at_5": 0.09,
      "hits_at_10": 0.098,
      "z_hits_at_k": 119.57492998564277,
      "adjusted_hits_at_k": 0.09769892383213956
    }
  },
  "tail": {
    "optimistic": {
      "inverse_arithmetic_mean_rank": 0.0005511998518374798,
      "z_inverse_harmonic_mean_rank": 666.2602439739278,
      "geometric_mean_rank": 77.10002834383698,
      "adjusted_arithmetic_mean_rank_index": 0.8852288976543572,
      "count": 500.0,
      "standard_deviation": 4415.008467242617,
      "adjusted_inverse_harmonic_mean_rank": 0.21480658301326128,
      "median_rank": 60.0,
      "z_arithmetic_mean_rank": 34.28368273380494,
      "adjusted_arithmetic_mean_rank": 0.11482713087050053,
      "median_absolute_deviation": 87.47353089183052,
      "z_geometric_mean_rank": 22.267530161365475,
      "inverse_geometric_mean_rank": 0.012970163844043973,
      "arithmetic_mean_rank": 1814.224,
      "adjusted_geometric_mean_rank_index": 0.993460609405837,
      "variance": 19492299.765824005,
      "harmonic_mean_rank": 4.649467643726442,
      "inverse_median_rank": 0.016666666666666666,
      "inverse_harmonic_mean_rank": 0.21507838673730886,
      "hits_at_1": 0.172,
      "hits_at_3": 0.214,
      "hits_at_5": 0.25,
      "hits_at_10": 0.31,
      "z_hits_at_k": 389.3168140307536,
      "adjusted_hits_at_k": 0.309781564153328
    },
    "realistic": {
      "inverse_arithmetic_mean_rank": 0.0005511998315341771,
      "z_inverse_harmonic_mean_rank": 666.2602345007674,
      "geometric_mean_rank": 77.10003662109375,
      "adjusted_arithmetic_mean_rank_index": 0.8852288977161703,
      "count": 500.0,
      "standard_deviation": 4415.00830078125,
      "adjusted_inverse_harmonic_mean_rank": 0.21480657995905347,
      "median_rank": 60.0,
      "z_arithmetic_mean_rank": 34.28368273619887,
      "adjusted_arithmetic_mean_rank": 0.11482713080869127,
      "median_absolute_deviation": 87.47353089183052,
      "z_geometric_mean_rank": 22.267530145422832,
      "inverse_geometric_mean_rank": 0.01297016255557537,
      "arithmetic_mean_rank": 1814.2239990234375,
      "adjusted_geometric_mean_rank_index": 0.9934606086945599,
      "variance": 19492300.0,
      "harmonic_mean_rank": 4.649467709728076,
      "inverse_median_rank": 0.01666666753590107,
      "inverse_harmonic_mean_rank": 0.21507838368415833,
      "hits_at_1": 0.172,
      "hits_at_3": 0.214,
      "hits_at_5": 0.25,
      "hits_at_10": 0.31,
      "z_hits_at_k": 389.3168140307536,
      "adjusted_hits_at_k": 0.309781564153328
    },
    "pessimistic": {
      "inverse_arithmetic_mean_rank": 0.0005511998518374798,
      "z_inverse_harmonic_mean_rank": 666.2602439739278,
      "geometric_mean_rank": 77.10002834383698,
      "adjusted_arithmetic_mean_rank_index": 0.8852288976543572,
      "count": 500.0,
      "standard_deviation": 4415.008467242617,
      "adjusted_inverse_harmonic_mean_rank": 0.21480658301326128,
      "median_rank": 60.0,
      "z_arithmetic_mean_rank": 34.28368273380494,
      "adjusted_arithmetic_mean_rank": 0.11482713087050053,
      "median_absolute_deviation": 87.47353089183052,
      "z_geometric_mean_rank": 22.267530161365475,
      "inverse_geometric_mean_rank": 0.012970163844043973,
      "arithmetic_mean_rank": 1814.224,
      "adjusted_geometric_mean_rank_index": 0.993460609405837,
      "variance": 19492299.765824005,
      "harmonic_mean_rank": 4.649467643726442,
      "inverse_median_rank": 0.016666666666666666,
      "inverse_harmonic_mean_rank": 0.21507838673730886,
      "hits_at_1": 0.172,
      "hits_at_3": 0.214,
      "hits_at_5": 0.25,
      "hits_at_10": 0.31,
      "z_hits_at_k": 389.3168140307536,
      "adjusted_hits_at_k": 0.309781564153328
    }
  },
  "both": {
    "optimistic": {
      "inverse_arithmetic_mean_rank": 0.00022701898196515806,
      "z_inverse_harmonic_mean_rank": 647.1858302726597,
      "geometric_mean_rank": 353.7609987311948,
      "adjusted_arithmetic_mean_rank_index": 0.7143814781370971,
      "count": 1000.0,
      "standard_deviation": 6698.015048152401,
      "adjusted_inverse_harmonic_mean_rank": 0.14953128910414412,
      "median_rank": 996.5,
      "z_arithmetic_mean_rank": 39.082242800399925,
      "adjusted_arithmetic_mean_rank": 0.28566485046155676,
      "median_absolute_deviation": 1475.9305085223268,
      "z_geometric_mean_rank": 30.689960169556752,
      "inverse_geometric_mean_rank": 0.00282676723433792,
      "arithmetic_mean_rank": 4404.918,
      "adjusted_geometric_mean_rank_index": 0.968887170199806,
      "variance": 44863405.58527601,