{
  "head": {
    "optimistic": {
      "adjusted_inverse_harmonic_mean_rank": 0.09780920379249963,
      "inverse_median_rank": 0.00032462262619704593,
      "arithmetic_mean_rank": 5702.382,
      "median_rank": 3080.5,
      "inverse_harmonic_mean_rank": 0.09813414156787721,
      "inverse_arithmetic_mean_rank": 0.00017536531225021405,
      "variance": 46083744.860076,
      "harmonic_mean_rank": 10.190133464491787,
      "adjusted_arithmetic_mean_rank_index": 0.6242775933999072,
      "count": 500.0,
      "standard_deviation": 6788.500928782142,
      "adjusted_arithmetic_mean_rank": 0.37576354392847444,
      "z_geometric_mean_rank": 19.979974634936195,
      "z_inverse_harmonic_mean_rank": 296.80403341972135,
      "inverse_geometric_mean_rank": 0.0008243587054127297,
      "adjusted_geometric_mean_rank_index": 0.89137351918353,
      "geometric_mean_rank": 1213.0641593689877,
      "z_arithmetic_mean_rank": 24.136966452760007,
      "median_absolute_deviation": 4364.780931280492,
      "hits_at_1": 0.09,
      "hits_at_3": 0.1,
      "hits_at_5": 0.106,
      "hits_at_10": 0.116,
      "z_hits_at_k": 142.26125671160867,
      "adjusted_hits_at_k": 0.11570760273025103
    },
    "realistic": {
      "adjusted_inverse_harmonic_mean_rank": 0.09780919991329257,
      "inverse_median_rank": 0.00032462264061905444,
      "arithmetic_mean_rank": 5702.3828125,
      "median_rank": 3080.5,
      "inverse_harmonic_mean_rank": 0.09813413769006729,
      "inverse_arithmetic_mean_rank": 0.00017536529048811644,
      "variance": 46083756.0,
      "harmonic_mean_rank": 10.190134048461914,
      "adjusted_arithmetic_mean_rank_index": 0.6242775398559672,
      "count": 500.0,
      "standard_deviation": 6788.501953125,
      "adjusted_arithmetic_mean_rank": 0.3757635974688861,
      "z_geometric_mean_rank": 19.979974290047128,
      "z_inverse_harmonic_mean_rank": 296.804021648188,
      "inverse_geometric_mean_rank": 0.0008243586053140461,
      "adjusted_geometric_mean_rank_index": 0.8913735037968747,
      "geometric_mean_rank": 1213.0643310546875,
      "z_arithmetic_mean_rank": 24.136964382545898,
      "median_absolute_deviation": 4364.78125,
      "hits_at_1": 0.09,
      "hits_at_3": 0.1,
      "hits_at_5": 0.106,
      "hits_at_10": 0.116,
      "z_hits_at_k": 142.26125671160867,
      "adjusted_hits_at_k": 0.11570760273025103
    },
    "pessimistic": {
      "adjusted_inverse_harmonic_mean_rank": 0.09780920377528138,
      "inverse_median_rank": 0.00032462262619704593,
      "arithmetic_mean_rank": 5702.384,
      "median_rank": 3080.5,
      "inverse_harmonic_mean_rank": 0.09813414155066515,
      "inverse_arithmetic_mean_rank": 0.00017536525074425012,
      "variance": 46083765.16854401,
      "harmonic_mean_rank": 10.190133466279066,
      "adjusted_arithmetic_mean_rank_index": 0.6242774615994395,
      "count": 500.0,
      "standard_deviation": 6788.502424581139,
      "adjusted_arithmetic_mean_rank": 0.37576367572025693,
      "z_geometric_mean_rank": 19.97997418280914,
      "z_inverse_harmonic_mean_rank": 296.8040333674722,
      "inverse_geometric_mean_rank": 0.0008243585524634047,
      "adjusted_geometric_mean_rank_index": 0.8913734990126294,
      "geometric_mean_rank": 1213.064384437732,
      "z_arithmetic_mean_rank": 24.136961356848353,
      "median_absolute_deviation": 4364.780931280492,
      "hits_at_1": 0.09,
      "hits_at_3": 0.1,
      "hits_at_5": 0.106,
      "hits_at_10": 0.116,
      "z_hits_at_k": 142.26125671160867,
      "adjusted_hits_at_k": 0.11570760273025103
    }
  },
  "tail": {
    "optimistic": {
      "adjusted_inverse_harmonic_mean_rank": 0.21694669450328835,
      "inverse_median_rank": 0.012422360248447204,
      "arithmetic_mean_rank": 1994.258,
      "median_rank": 80.5,
      "inverse_harmonic_mean_rank": 0.217217750762731,
      "inverse_arithmetic_mean_rank": 0.0005014396331868796,
      "variance": 18348286.455436002,
      "harmonic_mean_rank": 4.603675328045862,
      "adjusted_arithmetic_mean_rank_index": 0.8738367408089494,
      "count": 500.0,
      "standard_deviation": 4283.489985448315,
      "adjusted_arithmetic_mean_rank": 0.12621856518437266,
      "z_geometric_mean_rank": 22.24676545567033,
      "z_inverse_harmonic_mean_rank": 672.9072348091671,
      "inverse_geometric_mean_rank": 0.011378766023732523,
      "adjusted_geometric_mean_rank_index": 0.992534214332842,
      "geometric_mean_rank": 87.88299169824873,
      "z_arithmetic_mean_rank": 33.842480386244375,
      "median_absolute_deviation": 117.86687637119536,
      "hits_at_1": 0.166,
      "hits_at_3": 0.236,
      "hits_at_5": 0.264,
      "hits_at_10": 0.308,
      "z_hits_at_k": 386.80774965124766,
      "adjusted_hits_at_k": 0.3077809369144981
    },
    "realistic": {
      "adjusted_inverse_harmonic_mean_rank": 0.21694668713476573,
      "inverse_median_rank": 0.012422360479831696,
      "arithmetic_mean_rank": 1994.258056640625,
      "median_rank": 80.5,
      "inverse_harmonic_mean_rank": 0.21721774339675903,
      "inverse_arithmetic_mean_rank": 0.0005014396156184375,
      "variance": 18348286.0,
      "harmonic_mean_rank": 4.603675365447998,
      "adjusted_arithmetic_mean_rank_index": 0.8738367372238811,
      "count": 500.0,
      "standard_deviation": 4283.48974609375,
      "adjusted_arithmetic_mean_rank": 0.12621856876921395,
      "z_geometric_mean_rank": 22.246765433450513,
      "z_inverse_harmonic_mean_rank": 672.9072119540958,
      "inverse_geometric_mean_rank": 0.011378764174878597,
      "adjusted_geometric_mean_rank_index": 0.9925342133415099,
      "geometric_mean_rank": 87.88300323486328,
      "z_arithmetic_mean_rank": 33.84248024739968,
      "median_absolute_deviation": 117.86688232421875,
      "hits_at_1": 0.166,
      "hits_at_3": 0.236,
      "hits_at_5": 0.264,
      "hits_at_10": 0.308,
      "z_hits_at_k": 386.80774965124766,
      "adjusted_hits_at_k": 0.3077809369144981
    },
    "pessimistic": {
      "adjusted_inverse_harmonic_mean_rank": 0.21694669450328835,
      "inverse_median_rank": 0.012422360248447204,
      "arithmetic_mean_rank": 1994.258,
      "median_rank": 80.5,
      "inverse_harmonic_mean_rank": 0.217217750762731,
      "inverse_arithmetic_mean_rank": 0.0005014396331868796,
      "variance": 18348286.455436002,
      "harmonic_mean_rank": 4.603675328045862,
      "adjusted_arithmetic_mean_rank_index": 0.8738367408089494,
      "count": 500.0,
      "standard_deviation": 4283.489985448315,
      "adjusted_arithmetic_mean_rank": 0.12621856518437266,
      "z_geometric_mean_rank": 22.24676545567033,
      "z_inverse_harmonic_mean_rank": 672.9072348091671,
      "inverse_geometric_mean_rank": 0.011378766023732523,
      "adjusted_geometric_mean_rank_index": 0.992534214332842,
      "geometric_mean_rank": 87.88299169824873,
      "z_arithmetic_mean_rank": 33.842480386244375,
      "median_absolute_deviation": 117.86687637119536,
      "hits_at_1": 0.166,
      "hits_at_3": 0.236,
      "hits_at_5": 0.264,
      "hits_at_10": 0.308,
      "z_hits_at_k": 386.80774965124766,
      "adjusted_hits_at_k": 0.3077809369144981
    }
  },
  "both": {
    "optimistic": {
      "adjusted_inverse_harmonic_mean_rank": 0.15737836664114163,
      "inverse_median_rank": 0.0010438413361169101,
      "arithmetic_mean_rank": 3848.32,
      "median_rank": 958.0,
      "inverse_harmonic_mean_rank": 0.15767594616530411,
      "inverse_arithmetic_mean_rank": 0.0002598536504240811,
      "variance": 35653561.5576,
      "harmonic_mean_rank": 6.342121447945023,
      "adjusted_arithmetic_mean_rank_index": 0.7515733616069742,
      "count": 1000.0,
      "standard_deviation": 5971.06033779596,
      "adjusted_arithmetic_mean_rank": 0.24847516536461572,
      "z_geometric_mean_rank": 30.77010099136186,
      "z_inverse_harmonic_mean_rank": 682.7380942368136,
      "inverse_geometric_mean_rank": 0.0030627087403993403,
      "adjusted_geometric_mean_rank_index": 0.9714205503869203,