{
  "losses": [
    0.8141987189358356,
    0.25771933574886885,
    0.14407075751645892
  ],
  "metrics": {
    "both": {
      "optimistic": {
        "adjusted_arithmetic_mean_rank": 0.24847516536461572,
        "adjusted_arithmetic_mean_rank_index": 0.7515733616069742,
        "adjusted_geometric_mean_rank_index": 0.9714205503869203,
        "adjusted_hits_at_k": 0.21174495150960027,
        "adjusted_inverse_harmonic_mean_rank": 0.15737836664114163,
        "arithmetic_mean_rank": 3848.32,
        "count": 1000.0,
        "geometric_mean_rank": 326.5083573926824,
        "harmonic_mean_rank": 6.342121447945023,
        "hits_at_1": 0.128,
        "hits_at_10": 0.212,
        "hits_at_3": 0.168,
        "hits_at_5": 0.185,
        "inverse_arithmetic_mean_rank": 0.0002598536504240811,
        "inverse_geometric_mean_rank": 0.0030627087403993403,
        "inverse_harmonic_mean_rank": 0.15767594616530411,
        "inverse_median_rank": 0.0010438413361169101,
        "median_absolute_deviation": 1418.8503231098612,
        "median_rank": 958.0,
        "standard_deviation": 5971.06033779596,
        "variance": 35653561.5576,
        "z_arithmetic_mean_rank": 41.12262761607923,
        "z_geometric_mean_rank": 30.77010099136186,
        "z_hits_at_k": 372.1902266529861,
        "z_inverse_harmonic_mean_rank": 682.7380942368136
      },
      "pessimistic": {
        "adjusted_arithmetic_mean_rank": 0.24847522993179447,
        "adjusted_arithmetic_mean_rank_index": 0.7515732970356263,
        "adjusted_geometric_mean_rank_index": 0.9714205477274973,
        "adjusted_hits_at_k": 0.21174495150960027,
        "adjusted_inverse_harmonic_mean_rank": 0.15737836663253257,
        "arithmetic_mean_rank": 3848.321,
        "count": 1000.0,
        "geometric_mean_rank": 326.5083876824337,
        "harmonic_mean_rank": 6.342121448291179,
        "hits_at_1": 0.128,
        "hits_at_10": 0.212,
        "hits_at_3": 0.168,
        "hits_at_5": 0.185,
        "inverse_arithmetic_mean_rank": 0.0002598535829001791,
        "inverse_geometric_mean_rank": 0.003062708456275901,
        "inverse_harmonic_mean_rank": 0.15767594615669808,
        "inverse_median_rank": 0.0010438413361169101,
        "median_absolute_deviation": 1418.8503231098612,
        "median_rank": 958.0,
        "standard_deviation": 5971.061498591268,
        "variance": 35653575.419959,
        "z_arithmetic_mean_rank": 41.12262408303291,
        "z_geometric_mean_rank": 30.770100907123663,
        "z_hits_at_k": 372.1902266529861,
        "z_inverse_harmonic_mean_rank": 682.7380941994658
      },
      "realistic": {
        "adjusted_arithmetic_mean_rank": 0.24847520130533043,
        "adjusted_arithmetic_mean_rank_index": 0.7515733256639388,
        "adjusted_geometric_mean_rank_index": 0.9714205526779459,
        "adjusted_hits_at_k": 0.21174495150960027,
        "adjusted_inverse_harmonic_mean_rank": 0.15737838710350924,
        "arithmetic_mean_rank": 3848.320556640625,
        "count": 1000.0,
        "geometric_mean_rank": 326.5083312988281,
        "harmonic_mean_rank": 6.34212064743042,
        "hits_at_1": 0.128,
        "hits_at_10": 0.212,
        "hits_at_3": 0.168,
        "hits_at_5": 0.185,
        "inverse_arithmetic_mean_rank": 0.0002598536084406078,
        "inverse_geometric_mean_rank": 0.0030627090018242598,
        "inverse_harmonic_mean_rank": 0.15767596662044525,
        "inverse_median_rank": 0.001043841359205544,
        "median_absolute_deviation": 1418.850341796875,
        "median_rank": 958.0,
        "standard_deviation": 5971.06103515625,
        "variance": 35653572.0,
        "z_arithmetic_mean_rank": 41.12262564944212,
        "z_geometric_mean_rank": 30.770101063930934,
        "z_hits_at_k": 372.1902266529861,
        "z_inverse_harmonic_mean_rank": 682.738183006561
      }
    },
    "head": {
      "optimistic": {
        "adjusted_arithmetic_mean_rank": 0.37576354392847444,
        "adjusted_arithmetic_mean_rank_index": 0.6242775933999072,
        "adjusted_geometric_mean_rank_index": 0.89137351918353,
        "adjusted_hits_at_k": 0.11570760273025103,
        "adjusted_inverse_harmonic_mean_rank": 0.09780920379249963,
        "arithmetic_mean_rank": 5702.382,
        "count": 500.0,
        "geometric_mean_rank": 1213.0641593689877,
        "harmonic_mean_rank": 10.190133464491787,
        "hits_at_1": 0.09,
        "hits_at_10": 0.116,
        "hits_at_3": 0.1,
        "hits_at_5": 0.106,
        "inverse_arithmetic_mean_rank": 0.00017536531225021405,
        "inverse_geometric_mean_rank": 0.0008243587054127297,
        "inverse_harmonic_mean_rank": 0.09813414156787721,
        "inverse_median_rank": 0.00032462262619704593,
        "median_absolute_deviation": 4364.780931280492,
        "median_rank": 3080.5,
        "standard_deviation": 6788.500928782142,
        "variance": 46083744.860076,
        "z_arithmetic_mean_rank": 24.136966452760007,
        "z_geometric_mean_rank": 19.979974634936195,
        "z_hits_at_k": 142.26125671160867,
        "z_inverse_harmonic_mean_rank": 296.80403341972135
      },
      "pessimistic": {
        "adjusted_arithmetic_mean_rank": 0.37576367572025693,
        "adjusted_arithmetic_mean_rank_index": 0.6242774615994395,
        "adjusted_geometric_mean_rank_index": 0.8913734990126294,
        "adjusted_hits_at_k": 0.11570760273025103,
        "adjusted_inverse_harmonic_mean_rank": 0.09780920377528138,
        "arithmetic_mean_rank": 5702.384,
        "count": 500.0,
        "geometric_mean_rank": 1213.064384437732,
        "harmonic_mean_rank": 10.190133466279066,
        "hits_at_1": 0.09,
        "hits_at_10": 0.116,
        "hits_at_3": 0.1,
        "hits_at_5": 0.106,
        "inverse_arithmetic_mean_rank": 0.00017536525074425012,
        "inverse_geometric_mean_rank": 0.0008243585524634047,
        "inverse_harmonic_mean_rank": 0.09813414155066515,
        "inverse_median_rank": 0.00032462262619704593,
        "median_absolute_deviation": 4364.780931280492,
        "median_rank": 3080.5,
        "standard_deviation": 6788.502424581139,
        "variance": 46083765.16854401,
        "z_arithmetic_mean_rank": 24.136961356848353,
        "z_geometric_mean_rank": 19.97997418280914,
        "z_hits_at_k": 142.26125671160867,
        "z_inverse_harmonic_mean_rank": 296.8040333674722
      },
      "realistic": {
        "adjusted_arithmetic_mean_rank": 0.3757635974688861,
        "adjusted_arithmetic_mean_rank_index": 0.6242775398559672,
        "adjusted_geometric_mean_rank_index": 0.8913735037968747,
        "adjusted_hits_at_k": 0.11570760273025103,
        "adjusted_inverse_harmonic_mean_rank": 0.09780919991329257,
        "arithmetic_mean_rank": 5702.3828125,
        "count": 500.0,
        "geometric_mean_rank": 1213.0643310546875,
        "harmonic_mean_rank": 10.190134048461914,
        "hits_at_1": 0.09,
        "hits_at_10": 0.116,
        "hits_at_3": 0.1,
        "hits_at_5": 0.106,
        "inverse_arithmetic_mean_rank": 0.00017536529048811644,
        "inverse_geometric_mean_rank": 0.0008243586053140461,
        "inverse_harmonic_mean_rank": 0.09813413769006729,
        "inverse_median_rank": 0.00032462264061905444,
        "median_absolute_deviation": 4364.78125,
        "median_rank": 3080.5,
        "standard_deviation": 6788.501953125,
        "variance": 46083756.0,
        "z_arithmetic_mean_rank": 24.136964382545898,
        "z_geometric_mean_rank": 19.979974290047128,
        "z_hits_at_k": 142.26125671160867,
        "z_inverse_harmonic_mean_rank": 296.804021648188
      }
    },
    "tail": {
      "optimistic": {
        "adjusted_arithmetic_mean_rank": 0.12621856518437266,
        "adjusted_arithmetic_mean_rank_index": 0.8738367408089494,
        "adjusted_geometric_mean_rank_index": 0.992534214332842,
        "adjusted_hits_at_k": 0.3077809369144981,
        "adjusted_inverse_harmonic_mean_rank": 0.21694669450328835,
        "arithmetic_mean_rank": 1994.258,
        "count": 500.0,