{
  "losses": [
    0.8203537098917306,
    0.2549051075589423,
    0.14557203920740708
  ],
  "metrics": {
    "both": {
      "optimistic": {
        "adjusted_arithmetic_mean_rank": 0.28566485046155676,
        "adjusted_arithmetic_mean_rank_index": 0.7143814781370971,
        "adjusted_geometric_mean_rank_index": 0.968887170199806,
        "adjusted_hits_at_k": 0.203741156374333,
        "adjusted_inverse_harmonic_mean_rank": 0.14953128910414412,
        "arithmetic_mean_rank": 4404.918,
        "count": 1000.0,
        "geometric_mean_rank": 353.7609987311948,
        "harmonic_mean_rank": 6.674101066741288,
        "hits_at_1": 0.123,
        "hits_at_10": 0.204,
        "hits_at_3": 0.152,
        "hits_at_5": 0.17,
        "inverse_arithmetic_mean_rank": 0.00022701898196515806,
        "inverse_geometric_mean_rank": 0.00282676723433792,
        "inverse_harmonic_mean_rank": 0.1498329123278114,
        "inverse_median_rank": 0.0010035122930255895,
        "median_absolute_deviation": 1475.9305085223268,
        "median_rank": 996.5,
        "standard_deviation": 6698.015048152401,
        "variance": 44863405.58527601,
        "z_arithmetic_mean_rank": 39.082242800399925,
        "z_geometric_mean_rank": 30.689960169556752,
        "z_hits_at_k": 357.2866207632239,
        "z_inverse_harmonic_mean_rank": 647.1858302726597
      },
      "pessimistic": {
        "adjusted_arithmetic_mean_rank": 0.28566498016424385,
        "adjusted_arithmetic_mean_rank_index": 0.714381348425998,
        "adjusted_geometric_mean_rank_index": 0.968887165059126,
        "adjusted_hits_at_k": 0.203741156374333,
        "adjusted_inverse_harmonic_mean_rank": 0.14953128908929128,
        "arithmetic_mean_rank": 4404.92,
        "count": 1000.0,
        "geometric_mean_rank": 353.7610570168421,
        "harmonic_mean_rank": 6.674101067402653,
        "hits_at_1": 0.123,
        "hits_at_10": 0.204,
        "hits_at_3": 0.152,
        "hits_at_5": 0.17,
        "inverse_arithmetic_mean_rank": 0.00022701887888996848,
        "inverse_geometric_mean_rank": 0.0028267667685999464,
        "inverse_harmonic_mean_rank": 0.14983291231296383,
        "inverse_median_rank": 0.0010035122930255895,
        "median_absolute_deviation": 1475.9305085223268,
        "median_rank": 996.5,
        "standard_deviation": 6698.0177331506075,
        "variance": 44863441.5536,
        "z_arithmetic_mean_rank": 39.082235704190374,
        "z_geometric_mean_rank": 30.689960006723275,
        "z_hits_at_k": 357.2866207632239,
        "z_inverse_harmonic_mean_rank": 647.1858302083751
      },
      "realistic": {
        "adjusted_arithmetic_mean_rank": 0.28566491176634246,
        "adjusted_arithmetic_mean_rank_index": 0.7143814168283353,
        "adjusted_geometric_mean_rank_index": 0.9688871470694164,
        "adjusted_hits_at_k": 0.203741156374333,
        "adjusted_inverse_harmonic_mean_rank": 0.1495312960187829,
        "arithmetic_mean_rank": 4404.9189453125,
        "count": 1000.0,
        "geometric_mean_rank": 353.7612609863281,
        "harmonic_mean_rank": 6.674100758847461,
        "hits_at_1": 0.123,
        "hits_at_10": 0.204,
        "hits_at_3": 0.152,
        "hits_at_5": 0.17,
        "inverse_arithmetic_mean_rank": 0.00022701892885379493,
        "inverse_geometric_mean_rank": 0.0028267651796340942,
        "inverse_harmonic_mean_rank": 0.14983291923999786,
        "inverse_median_rank": 0.00100351229775697,
        "median_absolute_deviation": 1475.9305085223268,
        "median_rank": 996.5,
        "standard_deviation": 6698.0166015625,
        "variance": 44863428.0,
        "z_arithmetic_mean_rank": 39.082239446332125,
        "z_geometric_mean_rank": 30.689959436890703,
        "z_hits_at_k": 357.2866207632239,
        "z_inverse_harmonic_mean_rank": 647.1858601998827
      }
    },
    "head": {
      "optimistic": {
        "adjusted_arithmetic_mean_rank": 0.4651291067489947,
        "adjusted_arithmetic_mean_rank_index": 0.5349064584829291,
        "adjusted_geometric_mean_rank_index": 0.8532998386378563,
        "adjusted_hits_at_k": 0.09769892383213956,
        "adjusted_inverse_harmonic_mean_rank": 0.08425488592231747,
        "arithmetic_mean_rank": 6995.612,
        "count": 500.0,
        "geometric_mean_rank": 1623.1750741411506,
        "harmonic_mean_rank": 11.822086406798368,
        "hits_at_1": 0.074,
        "hits_at_10": 0.098,
        "hits_at_3": 0.09,
        "hits_at_5": 0.09,
        "inverse_arithmetic_mean_rank": 0.00014294675004845894,
        "inverse_geometric_mean_rank": 0.0006160764885630818,
        "inverse_harmonic_mean_rank": 0.08458743791831394,
        "inverse_median_rank": 0.0002337267734018932,
        "median_absolute_deviation": 6097.201623604288,
        "median_rank": 4278.5,
        "standard_deviation": 7537.315211761811,
        "variance": 56811120.601455994,
        "z_arithmetic_mean_rank": 20.679531599184173,
        "z_geometric_mean_rank": 19.126689183198184,
        "z_hits_at_k": 119.57492998564277,
        "z_inverse_harmonic_mean_rank": 254.51540742210705
      },
      "pessimistic": {
        "adjusted_arithmetic_mean_rank": 0.46512937270377136,
        "adjusted_arithmetic_mean_rank_index": 0.5349061925104683,
        "adjusted_geometric_mean_rank_index": 0.8532997902674277,
        "adjusted_hits_at_k": 0.09769892383213956,
        "adjusted_inverse_harmonic_mean_rank": 0.08425488589261154,
        "arithmetic_mean_rank": 6995.616,
        "count": 500.0,
        "geometric_mean_rank": 1623.1756090097072,
        "harmonic_mean_rank": 11.82208641094861,
        "hits_at_1": 0.074,
        "hits_at_10": 0.098,
        "hits_at_3": 0.09,
        "hits_at_5": 0.09,
        "inverse_arithmetic_mean_rank": 0.00014294666831341228,
        "inverse_geometric_mean_rank": 0.0006160762855536598,
        "inverse_harmonic_mean_rank": 0.0845874378886188,
        "inverse_median_rank": 0.0002337267734018932,
        "median_absolute_deviation": 6097.201623604288,
        "median_rank": 4278.5,
        "standard_deviation": 7537.318608931428,
        "variance": 56811171.812543996,
        "z_arithmetic_mean_rank": 20.679521316665014,
        "z_geometric_mean_rank": 19.12668809897654,
        "z_hits_at_k": 119.57492998564277,
        "z_inverse_harmonic_mean_rank": 254.515407332372
      },
      "realistic": {
        "adjusted_arithmetic_mean_rank": 0.4651292244028168,
        "adjusted_arithmetic_mean_rank_index": 0.5349063408212837,
        "adjusted_geometric_mean_rank_index": 0.8532998409270204,
        "adjusted_hits_at_k": 0.09769892383213956,
        "adjusted_inverse_harmonic_mean_rank": 0.08425488044611046,
        "arithmetic_mean_rank": 6995.61376953125,
        "count": 500.0,
        "geometric_mean_rank": 1623.175048828125,
        "harmonic_mean_rank": 11.822087171884624,
        "hits_at_1": 0.074,
        "hits_at_10": 0.098,
        "hits_at_3": 0.09,
        "hits_at_5": 0.09,
        "inverse_arithmetic_mean_rank": 0.0001429467083653435,
        "inverse_geometric_mean_rank": 0.0006160765187814832,
        "inverse_harmonic_mean_rank": 0.08458743244409561,
        "inverse_median_rank": 0.00023372677969746292,
        "median_absolute_deviation": 6097.201623604288,
        "median_rank": 4278.5,
        "standard_deviation": 7537.31689453125,
        "variance": 56811148.0,
        "z_arithmetic_mean_rank": 20.679527050374425,
        "z_geometric_mean_rank": 19.126689234509726,
        "z_hits_at_k": 119.57492998564277,
        "z_inverse_harmonic_mean_rank": 254.51539087969476
      }
    },
    "tail": {
      "optimistic": {
        "adjusted_arithmetic_mean_rank": 0.11482713087050053,
        "adjusted_arithmetic_mean_rank_index": 0.8852288976543572,
        "adjusted_geometric_mean_rank_index": 0.993460609405837,
        "adjusted_hits_at_k": 0.309781564153328,
        "adjusted_inverse_harmonic_mean_rank": 0.21480658301326128,
        "arithmetic_mean_rank": 1814.224,