{
  "losses": [
    0.875871459643046,
    0.2676777255301382,
    0.10506671623272054
  ],
  "metrics": {
    "both": {
      "optimistic": {
        "adjusted_arithmetic_mean_rank": 0.20903189293010974,
        "adjusted_arithmetic_mean_rank_index": 0.7911316379466475,
        "adjusted_geometric_mean_rank_index": 0.9056420167852186,
        "adjusted_hits_at_k": 0.1040738979838238,
        "adjusted_inverse_harmonic_mean_rank": 0.049175681513943484,
        "arithmetic_mean_rank": 1011.257,
        "count": 1000.0,
        "geometric_mean_rank": 337.08504600710233,
        "harmonic_mean_rank": 19.946385068628157,
        "hits_at_1": 0.025,
        "hits_at_10": 0.105,
        "hits_at_3": 0.045,
        "hits_at_5": 0.067,
        "inverse_arithmetic_mean_rank": 0.000988868309440627,
        "inverse_geometric_mean_rank": 0.002966610390598372,
        "inverse_harmonic_mean_rank": 0.05013439761437317,
        "inverse_median_rank": 0.0012492192379762648,
        "median_absolute_deviation": 1005.945605256051,
        "median_rank": 800.5,
        "standard_deviation": 1164.5705873629988,
        "variance": 1356224.6529510003,
        "z_arithmetic_mean_rank": 43.32657415230695,
        "z_geometric_mean_rank": 28.72608641453401,
        "z_hits_at_k": 102.31137814961686,
        "z_inverse_harmonic_mean_rank": 119.49803031519072
      },
      "pessimistic": {
        "adjusted_arithmetic_mean_rank": 0.20903189293010974,
        "adjusted_arithmetic_mean_rank_index": 0.7911316379466475,
        "adjusted_geometric_mean_rank_index": 0.9056420167852186,
        "adjusted_hits_at_k": 0.1040738979838238,
        "adjusted_inverse_harmonic_mean_rank": 0.049175681513943484,
        "arithmetic_mean_rank": 1011.257,
        "count": 1000.0,
        "geometric_mean_rank": 337.08504600710233,
        "harmonic_mean_rank": 19.946385068628157,
        "hits_at_1": 0.025,
        "hits_at_10": 0.105,
        "hits_at_3": 0.045,
        "hits_at_5": 0.067,
        "inverse_arithmetic_mean_rank": 0.000988868309440627,
        "inverse_geometric_mean_rank": 0.002966610390598372,
        "inverse_harmonic_mean_rank": 0.05013439761437317,
        "inverse_median_rank": 0.0012492192379762648,
        "median_absolute_deviation": 1005.945605256051,
        "median_rank": 800.5,
        "standard_deviation": 1164.5705873629988,
        "variance": 1356224.6529510003,
        "z_arithmetic_mean_rank": 43.32657415230695,
        "z_geometric_mean_rank": 28.72608641453401,
        "z_hits_at_k": 102.31137814961686,
        "z_inverse_harmonic_mean_rank": 119.49803031519072
      },
      "realistic": {
        "adjusted_arithmetic_mean_rank": 0.20903189686638687,
        "adjusted_arithmetic_mean_rank_index": 0.7911316340095566,
        "adjusted_geometric_mean_rank_index": 0.9056420063970373,
        "adjusted_hits_at_k": 0.1040738979838238,
        "adjusted_inverse_harmonic_mean_rank": 0.04917567821410847,
        "arithmetic_mean_rank": 1011.2570190429688,
        "count": 1000.0,
        "geometric_mean_rank": 337.0850830078125,
        "harmonic_mean_rank": 19.946386380171155,
        "hits_at_1": 0.025,
        "hits_at_10": 0.105,
        "hits_at_3": 0.045,
        "hits_at_5": 0.067,
        "inverse_arithmetic_mean_rank": 0.000988868298009038,
        "inverse_geometric_mean_rank": 0.0029666100163012743,
        "inverse_harmonic_mean_rank": 0.05013439431786537,
        "inverse_median_rank": 0.0012492192909121513,
        "median_absolute_deviation": 1005.945605256051,
        "median_rank": 800.5,
        "standard_deviation": 1164.5706787109375,
        "variance": 1356224.75,
        "z_arithmetic_mean_rank": 43.32657393669091,
        "z_geometric_mean_rank": 28.726086085030975,
        "z_hits_at_k": 102.31137814961686,
        "z_inverse_harmonic_mean_rank": 119.49802229651618
      }
    },
    "head": {
      "optimistic": {
        "adjusted_arithmetic_mean_rank": 0.24802379570516545,
        "adjusted_arithmetic_mean_rank_index": 0.7521321059833314,
        "adjusted_geometric_mean_rank_index": 0.7749444084305027,
        "adjusted_hits_at_k": 0.002966486502752684,
        "adjusted_inverse_harmonic_mean_rank": 0.002553226295004757,
        "arithmetic_mean_rank": 1196.566,
        "count": 500.0,
        "geometric_mean_rank": 800.7671202650233,
        "harmonic_mean_rank": 280.7814840539461,
        "hits_at_1": 0.0,
        "hits_at_10": 0.004,
        "hits_at_3": 0.002,
        "hits_at_5": 0.004,
        "inverse_arithmetic_mean_rank": 0.0008357248994205084,
        "inverse_geometric_mean_rank": 0.0012488025228471397,
        "inverse_harmonic_mean_rank": 0.003561488405723618,
        "inverse_median_rank": 0.0009995002498750624,
        "median_absolute_deviation": 777.6248636061882,
        "median_rank": 1000.5,
        "standard_deviation": 1082.4038108044522,
        "variance": 1171598.009644,
        "z_arithmetic_mean_rank": 29.12578991046588,
        "z_geometric_mean_rank": 17.393811237125547,
        "z_hits_at_k": 2.059202183337252,
        "z_inverse_harmonic_mean_rank": 4.381034521687214
      },
      "pessimistic": {
        "adjusted_arithmetic_mean_rank": 0.24802379570516545,
        "adjusted_arithmetic_mean_rank_index": 0.7521321059833314,
        "adjusted_geometric_mean_rank_index": 0.7749444084305027,
        "adjusted_hits_at_k": 0.002966486502752684,
        "adjusted_inverse_harmonic_mean_rank": 0.002553226295004757,
        "arithmetic_mean_rank": 1196.566,
        "count": 500.0,
        "geometric_mean_rank": 800.7671202650233,
        "harmonic_mean_rank": 280.7814840539461,
        "hits_at_1": 0.0,
        "hits_at_10": 0.004,
        "hits_at_3": 0.002,
        "hits_at_5": 0.004,
        "inverse_arithmetic_mean_rank": 0.0008357248994205084,
        "inverse_geometric_mean_rank": 0.0012488025228471397,
        "inverse_harmonic_mean_rank": 0.003561488405723618,
        "inverse_median_rank": 0.0009995002498750624,
        "median_absolute_deviation": 777.6248636061882,
        "median_rank": 1000.5,
        "standard_deviation": 1082.4038108044522,
        "variance": 1171598.009644,
        "z_arithmetic_mean_rank": 29.12578991046588,
        "z_geometric_mean_rank": 17.393811237125547,
        "z_hits_at_k": 2.059202183337252,
        "z_inverse_harmonic_mean_rank": 4.381034521687214
      },
      "realistic": {
        "adjusted_arithmetic_mean_rank": 0.24802380400444876,
        "adjusted_arithmetic_mean_rank_index": 0.7521320976823275,
        "adjusted_geometric_mean_rank_index": 0.7749443998157131,
        "adjusted_hits_at_k": 0.002966486502752684,
        "adjusted_inverse_harmonic_mean_rank": 0.0025532264750097082,
        "arithmetic_mean_rank": 1196.5660400390625,
        "count": 500.0,
        "geometric_mean_rank": 800.7671508789062,
        "harmonic_mean_rank": 280.7814698770181,
        "hits_at_1": 0.0,
        "hits_at_10": 0.004,
        "hits_at_3": 0.002,
        "hits_at_5": 0.004,
        "inverse_arithmetic_mean_rank": 0.0008357248734682798,
        "inverse_geometric_mean_rank": 0.001248802524060011,
        "inverse_harmonic_mean_rank": 0.0035614885855466127,
        "inverse_median_rank": 0.0009995002765208483,
        "median_absolute_deviation": 777.6248636061882,
        "median_rank": 1000.5,
        "standard_deviation": 1082.40380859375,
        "variance": 1171598.125,
        "z_arithmetic_mean_rank": 29.125789589015305,
        "z_geometric_mean_rank": 17.39381104376455,
        "z_hits_at_k": 2.059202183337252,
        "z_inverse_harmonic_mean_rank": 4.381034830554434
      }
    },
    "tail": {
      "optimistic": {
        "adjusted_arithmetic_mean_rank": 0.17025558910493516,
        "adjusted_arithmetic_mean_rank_index": 0.8299154843157759,
        "adjusted_geometric_mean_rank_index": 0.960572194762759,
        "adjusted_hits_at_k": 0.20518072096527554,
        "adjusted_inverse_harmonic_mean_rank": 0.09579789936444226,