{
  "head": {
    "optimistic": {
      "adjusted_arithmetic_mean_rank_index": 0.42736866111042005,
      "count": 500.0,
      "standard_deviation": 2604.0047513589525,
      "adjusted_inverse_harmonic_mean_rank": 0.007490914966372406,
      "median_rank": 1795.5,
      "z_arithmetic_mean_rank": 16.549552583645514,
      "adjusted_arithmetic_mean_rank": 0.5727199237210846,
      "median_absolute_deviation": 2212.042510010358,
      "z_geometric_mean_rank": 14.002021217535477,
      "inverse_geometric_mean_rank": 0.0007475113543632713,
      "arithmetic_mean_rank": 2763.03,
      "adjusted_geometric_mean_rank_index": 0.6238303900926745,
      "variance": 6780840.745099999,
      "harmonic_mean_rank": 117.72758658477983,
      "inverse_median_rank": 0.000556947925368978,
      "inverse_harmonic_mean_rank": 0.00849418584895448,
      "inverse_arithmetic_mean_rank": 0.0003619215137005389,
      "z_inverse_harmonic_mean_rank": 12.85352462917502,
      "geometric_mean_rank": 1337.7723216683416,
      "hits_at_1": 0.004,
      "hits_at_3": 0.006,
      "hits_at_5": 0.008,
      "hits_at_10": 0.01,
      "z_hits_at_k": 6.228455490336661,
      "adjusted_hits_at_k": 0.00897271248767586
    },
    "realistic": {
      "adjusted_arithmetic_mean_rank_index": 0.4273684525730036,
      "count": 500.0,
      "standard_deviation": 2604.0048828125,
      "adjusted_inverse_harmonic_mean_rank": 0.007490915332891093,
      "median_rank": 1795.5,
      "z_arithmetic_mean_rank": 16.54954450817987,
      "adjusted_arithmetic_mean_rank": 0.5727201322152755,
      "median_absolute_deviation": 2212.042510010358,
      "z_geometric_mean_rank": 14.002025734970923,
      "inverse_geometric_mean_rank": 0.0007475117454305291,
      "arithmetic_mean_rank": 2763.031005859375,
      "adjusted_geometric_mean_rank_index": 0.62383059135744,
      "variance": 6780841.0,
      "harmonic_mean_rank": 117.72758151004494,
      "inverse_median_rank": 0.0005569479544647038,
      "inverse_harmonic_mean_rank": 0.008494186215102673,
      "inverse_arithmetic_mean_rank": 0.00036192138213664293,
      "z_inverse_harmonic_mean_rank": 12.853525258077761,
      "geometric_mean_rank": 1337.7716064453125,
      "hits_at_1": 0.004,
      "hits_at_3": 0.006,
      "hits_at_5": 0.008,
      "hits_at_10": 0.01,
      "z_hits_at_k": 6.228455490336661,
      "adjusted_hits_at_k": 0.00897271248767586
    },
    "pessimistic": {
      "adjusted_arithmetic_mean_rank_index": 0.42736824646514915,
      "count": 500.0,
      "standard_deviation": 2604.0048216115115,
      "adjusted_inverse_harmonic_mean_rank": 0.007490914720670154,
      "median_rank": 1795.5,
      "z_arithmetic_mean_rank": 16.54953652679732,
      "adjusted_arithmetic_mean_rank": 0.572720338280408,
      "median_absolute_deviation": 2212.042510010358,
      "z_geometric_mean_rank": 14.002015297384576,
      "inverse_geometric_mean_rank": 0.0007475108306210398,
      "arithmetic_mean_rank": 2763.032,
      "adjusted_geometric_mean_rank_index": 0.6238301263328938,
      "variance": 6780841.110975999,
      "harmonic_mean_rank": 117.72758998671793,
      "inverse_median_rank": 0.000556947925368978,
      "inverse_harmonic_mean_rank": 0.008494185603500593,
      "inverse_arithmetic_mean_rank": 0.00036192125172636433,
      "z_inverse_harmonic_mean_rank": 12.853524207578998,
      "geometric_mean_rank": 1337.7732589763143,
      "hits_at_1": 0.004,
      "hits_at_3": 0.006,
      "hits_at_5": 0.008,
      "hits_at_10": 0.01,
      "z_hits_at_k": 6.228455490336661,
      "adjusted_hits_at_k": 0.00897271248767586
    }
  },
  "tail": {
    "optimistic": {
      "adjusted_arithmetic_mean_rank_index": 0.592170176057848,
      "count": 500.0,
      "standard_deviation": 2766.8883486046198,
      "adjusted_inverse_harmonic_mean_rank": 0.05853940094702549,
      "median_rank": 301.0,
      "z_arithmetic_mean_rank": 22.932288143201333,
      "adjusted_arithmetic_mean_rank": 0.40795189007969945,
      "median_absolute_deviation": 441.8154611146694,
      "z_geometric_mean_rank": 21.03268477893726,
      "inverse_geometric_mean_rank": 0.004427495438675395,
      "arithmetic_mean_rank": 1979.066,
      "adjusted_geometric_mean_rank_index": 0.9370760315676039,
      "variance": 7655671.133644001,
      "harmonic_mean_rank": 16.81059862101846,
      "inverse_median_rank": 0.0033222591362126247,
      "inverse_harmonic_mean_rank": 0.059486281395695804,
      "inverse_arithmetic_mean_rank": 0.0005052888584817282,
      "z_inverse_harmonic_mean_rank": 100.7287236827929,
      "geometric_mean_rank": 225.86132811447393,
      "hits_at_1": 0.016,
      "hits_at_3": 0.04,
      "hits_at_5": 0.074,
      "hits_at_10": 0.186,
      "z_hits_at_k": 128.89221952209147,
      "adjusted_hits_at_k": 0.18516008421377114
    },
    "realistic": {
      "adjusted_arithmetic_mean_rank_index": 0.5921701678027524,
      "count": 500.0,
      "standard_deviation": 2766.888427734375,
      "adjusted_inverse_harmonic_mean_rank": 0.058539400677796505,
      "median_rank": 301.0,
      "z_arithmetic_mean_rank": 22.932287823515814,
      "adjusted_arithmetic_mean_rank": 0.40795189833309337,
      "median_absolute_deviation": 441.8154611146694,
      "z_geometric_mean_rank": 21.032685162226272,
      "inverse_geometric_mean_rank": 0.004427496809512377,
      "arithmetic_mean_rank": 1979.0660400390625,
      "adjusted_geometric_mean_rank_index": 0.9370760486444037,
      "variance": 7655671.5,
      "harmonic_mean_rank": 16.810598697025036,
      "inverse_median_rank": 0.003322259057313204,
      "inverse_harmonic_mean_rank": 0.059486281126737595,
      "inverse_arithmetic_mean_rank": 0.0005052888300269842,
      "z_inverse_harmonic_mean_rank": 100.72872321953069,
      "geometric_mean_rank": 225.86126708984375,
      "hits_at_1": 0.016,
      "hits_at_3": 0.04,
      "hits_at_5": 0.074,
      "hits_at_10": 0.186,
      "z_hits_at_k": 128.89221952209147,
      "adjusted_hits_at_k": 0.18516008421377114
    },
    "pessimistic": {
      "adjusted_arithmetic_mean_rank_index": 0.592170176057848,
      "count": 500.0,
      "standard_deviation": 2766.8883486046198,
      "adjusted_inverse_harmonic_mean_rank": 0.05853940094702549,
      "median_rank": 301.0,
      "z_arithmetic_mean_rank": 22.932288143201333,
      "adjusted_arithmetic_mean_rank": 0.40795189007969945,
      "median_absolute_deviation": 441.8154611146694,
      "z_geometric_mean_rank": 21.03268477893726,
      "inverse_geometric_mean_rank": 0.004427495438675395,
      "arithmetic_mean_rank": 1979.066,
      "adjusted_geometric_mean_rank_index": 0.9370760315676039,
      "variance": 7655671.133644001,
      "harmonic_mean_rank": 16.81059862101846,
      "inverse_median_rank": 0.0033222591362126247,
      "inverse_harmonic_mean_rank": 0.059486281395695804,
      "inverse_arithmetic_mean_rank": 0.0005052888584817282,
      "z_inverse_harmonic_mean_rank": 100.7287236827929,
      "geometric_mean_rank": 225.86132811447393,
      "hits_at_1": 0.016,
      "hits_at_3": 0.04,
      "hits_at_5": 0.074,
      "hits_at_10": 0.186,
      "z_hits_at_k": 128.89221952209147,
      "adjusted_hits_at_k": 0.18516008421377114
    }
  },
  "both": {
    "optimistic": {
      "adjusted_arithmetic_mean_rank_index": 0.5099979077127662,
      "count": 1000.0,
      "standard_deviation": 2715.1253797377385,
      "adjusted_inverse_harmonic_mean_rank": 0.0330152229325259,
      "median_rank": 1230.5,
      "z_arithmetic_mean_rank": 27.930196576879542,
      "adjusted_arithmetic_mean_rank": 0.49010751141218384,
      "median_absolute_deviation": 1797.6551899380424,
      "z_geometric_mean_rank": 26.832837317234954,
      "inverse_geometric_mean_rank": 0.001819231461854553,
      "arithmetic_mean_rank": 2371.048,
      "adjusted_geometric_mean_rank_index": 0.8459539024346607,
      "variance": 7371905.827695999,
      "harmonic_mean_rank": 29.420215556953078,
      "inverse_median_rank": 0.0008126777732629012,