{
  "head": {
    "optimistic": {
      "adjusted_inverse_harmonic_mean_rank": 0.030488708176652984,
      "inverse_median_rank": 0.0012515644555694619,
      "arithmetic_mean_rank": 2464.254,
      "median_rank": 799.0,
      "inverse_harmonic_mean_rank": 0.030837892455292046,
      "inverse_arithmetic_mean_rank": 0.0004058023239487488,
      "variance": 18870966.397484,
      "harmonic_mean_rank": 32.427637571204755,
      "adjusted_arithmetic_mean_rank_index": 0.8376709855702872,
      "count": 500.0,
      "standard_deviation": 4344.07255895709,
      "adjusted_arithmetic_mean_rank": 0.16238421350585053,
      "z_geometric_mean_rank": 21.16377921549308,
      "z_inverse_harmonic_mean_rank": 92.51860980061845,
      "inverse_geometric_mean_rank": 0.00160316398660108,
      "adjusted_geometric_mean_rank_index": 0.9441870023974412,
      "geometric_mean_rank": 623.7665069561177,
      "z_arithmetic_mean_rank": 32.387573558496136,
      "median_absolute_deviation": 1033.3737462984045,
      "hits_at_1": 0.018,
      "hits_at_3": 0.028,
      "hits_at_5": 0.034,
      "hits_at_10": 0.048,
      "z_hits_at_k": 58.62833214890446,
      "adjusted_hits_at_k": 0.04768511063257802
    },
    "realistic": {
      "adjusted_inverse_harmonic_mean_rank": 0.030488707344439005,
      "inverse_median_rank": 0.001251564477570355,
      "arithmetic_mean_rank": 2464.257080078125,
      "median_rank": 799.0,
      "inverse_harmonic_mean_rank": 0.0308378916233778,
      "inverse_arithmetic_mean_rank": 0.00040580180939286947,
      "variance": 18870978.0,
      "harmonic_mean_rank": 32.42763900756836,
      "adjusted_arithmetic_mean_rank_index": 0.8376707825924187,
      "count": 500.0,
      "standard_deviation": 4344.07373046875,
      "adjusted_arithmetic_mean_rank": 0.16238441647034357,
      "z_geometric_mean_rank": 21.16377841239476,
      "z_inverse_harmonic_mean_rank": 92.51860727524806,
      "inverse_geometric_mean_rank": 0.001603162963874638,
      "adjusted_geometric_mean_rank_index": 0.944186966568538,
      "geometric_mean_rank": 623.7669067382812,
      "z_arithmetic_mean_rank": 32.38756571059313,
      "median_absolute_deviation": 1033.373779296875,
      "hits_at_1": 0.018,
      "hits_at_3": 0.028,
      "hits_at_5": 0.034,
      "hits_at_10": 0.048,
      "z_hits_at_k": 58.62833214890446,
      "adjusted_hits_at_k": 0.04768511063257802
    },
    "pessimistic": {
      "adjusted_inverse_harmonic_mean_rank": 0.03048870757917991,
      "inverse_median_rank": 0.0012515644555694619,
      "arithmetic_mean_rank": 2464.26,
      "median_rank": 799.0,
      "inverse_harmonic_mean_rank": 0.03083789185803416,
      "inverse_arithmetic_mean_rank": 0.00040580133589799774,
      "variance": 18870993.936399993,
      "harmonic_mean_rank": 32.4276381992523,
      "adjusted_arithmetic_mean_rank_index": 0.8376705901688846,
      "count": 500.0,
      "standard_deviation": 4344.075728667721,
      "adjusted_arithmetic_mean_rank": 0.16238460888119782,
      "z_geometric_mean_rank": 21.16377706036311,
      "z_inverse_harmonic_mean_rank": 92.51860798757416,
      "inverse_geometric_mean_rank": 0.0016031612293055846,
      "adjusted_geometric_mean_rank_index": 0.9441869062498823,
      "geometric_mean_rank": 623.76757977933,
      "z_arithmetic_mean_rank": 32.387558270761176,
      "median_absolute_deviation": 1033.3737462984045,
      "hits_at_1": 0.018,
      "hits_at_3": 0.028,
      "hits_at_5": 0.034,
      "hits_at_10": 0.048,
      "z_hits_at_k": 58.62833214890446,
      "adjusted_hits_at_k": 0.04768511063257802
    }
  },
  "tail": {
    "optimistic": {
      "adjusted_inverse_harmonic_mean_rank": 0.13569382432802357,
      "inverse_median_rank": 0.015037593984962405,
      "arithmetic_mean_rank": 1244.386,
      "median_rank": 66.5,
      "inverse_harmonic_mean_rank": 0.13599300651312682,
      "inverse_arithmetic_mean_rank": 0.0008036091695020677,
      "variance": 9122206.293004002,
      "harmonic_mean_rank": 7.353319303985491,
      "adjusted_arithmetic_mean_rank_index": 0.9212998868222158,
      "count": 500.0,
      "standard_deviation": 3020.29904032763,
      "adjusted_arithmetic_mean_rank": 0.07875842316065461,
      "z_geometric_mean_rank": 22.264389290364505,
      "z_inverse_harmonic_mean_rank": 420.88383193995713,
      "inverse_geometric_mean_rank": 0.012701214253342162,
      "adjusted_geometric_mean_rank_index": 0.9933204975773238,
      "geometric_mean_rank": 78.73262981426069,
      "z_arithmetic_mean_rank": 35.68066195152902,
      "median_absolute_deviation": 95.62784309361133,
      "hits_at_1": 0.018,
      "hits_at_3": 0.21,
      "hits_at_5": 0.248,
      "hits_at_10": 0.322,
      "z_hits_at_k": 404.40800406395584,
      "adjusted_hits_at_k": 0.32178536882663256
    },
    "realistic": {
      "adjusted_inverse_harmonic_mean_rank": 0.13569383656550882,
      "inverse_median_rank": 0.015037594363093376,
      "arithmetic_mean_rank": 1244.385986328125,
      "median_rank": 66.5,
      "inverse_harmonic_mean_rank": 0.13599301874637604,
      "inverse_arithmetic_mean_rank": 0.0008036092040129006,
      "variance": 9122206.0,
      "harmonic_mean_rank": 7.353318691253662,
      "adjusted_arithmetic_mean_rank_index": 0.9212998876875771,
      "count": 500.0,
      "standard_deviation": 3020.299072265625,
      "adjusted_arithmetic_mean_rank": 0.0787584222953481,
      "z_geometric_mean_rank": 22.26438932350062,
      "z_inverse_harmonic_mean_rank": 420.8838698971723,
      "inverse_geometric_mean_rank": 0.012701217085123062,
      "adjusted_geometric_mean_rank_index": 0.9933204990556838,
      "geometric_mean_rank": 78.73261260986328,
      "z_arithmetic_mean_rank": 35.68066198504326,
      "median_absolute_deviation": 95.62784576416016,
      "hits_at_1": 0.018,
      "hits_at_3": 0.21,
      "hits_at_5": 0.248,
      "hits_at_10": 0.322,
      "z_hits_at_k": 404.40800406395584,
      "adjusted_hits_at_k": 0.32178536882663256
    },
    "pessimistic": {
      "adjusted_inverse_harmonic_mean_rank": 0.13569382432802357,
      "inverse_median_rank": 0.015037593984962405,
      "arithmetic_mean_rank": 1244.386,
      "median_rank": 66.5,
      "inverse_harmonic_mean_rank": 0.13599300651312682,
      "inverse_arithmetic_mean_rank": 0.0008036091695020677,
      "variance": 9122206.293004002,
      "harmonic_mean_rank": 7.353319303985491,
      "adjusted_arithmetic_mean_rank_index": 0.9212998868222158,
      "count": 500.0,
      "standard_deviation": 3020.29904032763,
      "adjusted_arithmetic_mean_rank": 0.07875842316065461,
      "z_geometric_mean_rank": 22.264389290364505,
      "z_inverse_harmonic_mean_rank": 420.88383193995713,
      "inverse_geometric_mean_rank": 0.012701214253342162,
      "adjusted_geometric_mean_rank_index": 0.9933204975773238,
      "geometric_mean_rank": 78.73262981426069,
      "z_arithmetic_mean_rank": 35.68066195152902,
      "median_absolute_deviation": 95.62784309361133,
      "hits_at_1": 0.018,
      "hits_at_3": 0.21,
      "hits_at_5": 0.248,
      "hits_at_10": 0.322,
      "z_hits_at_k": 404.40800406395584,
      "adjusted_hits_at_k": 0.32178536882663256
    }
  },
  "both": {
    "optimistic": {
      "adjusted_inverse_harmonic_mean_rank": 0.08309163492239628,
      "inverse_median_rank": 0.00234192037470726,
      "arithmetic_mean_rank": 1854.32,
      "median_rank": 427.0,
      "inverse_harmonic_mean_rank": 0.08341544948420944,
      "inverse_arithmetic_mean_rank": 0.0005392812459553907,
      "variance": 14368605.829599999,
      "harmonic_mean_rank": 11.988186914814865,
      "adjusted_arithmetic_mean_rank_index": 0.8803286294182541,
      "count": 1000.0,
      "standard_deviation": 3790.59439001326,
      "adjusted_arithmetic_mean_rank": 0.11972821091772883,
      "z_geometric_mean_rank": 31.061832974732713,
      "z_inverse_harmonic_mean_rank": 360.4677420708958,
      "inverse_geometric_mean_rank": 0.004512441609269028,
      "adjusted_geometric_mean_rank_index": 0.9806306093311903,