{
  "head": {
    "optimistic": {
      "inverse_arithmetic_mean_rank": 0.00033514512789473226,
      "z_inverse_harmonic_mean_rank": 98.52196812187768,
      "geometric_mean_rank": 822.4934922890214,
      "adjusted_arithmetic_mean_rank_index": 0.8016655328482307,
      "count": 500.0,
      "standard_deviation": 4546.922567459886,
      "adjusted_inverse_harmonic_mean_rank": 0.03261475314609966,
      "median_rank": 1174.0,
      "z_arithmetic_mean_rank": 30.992461309084895,
      "adjusted_arithmetic_mean_rank": 0.19838776884620374,
      "median_absolute_deviation": 1561.9214371956516,
      "z_geometric_mean_rank": 20.749735237197893,
      "inverse_geometric_mean_rank": 0.0012158150907881024,
      "arithmetic_mean_rank": 2983.782,
      "adjusted_geometric_mean_rank_index": 0.925708864722536,
      "variance": 20674504.834476,
      "harmonic_mean_rank": 30.33423024571344,
      "inverse_median_rank": 0.0008517887563884157,
      "inverse_harmonic_mean_rank": 0.03296605820882206,
      "hits_at_1": 0.022,
      "hits_at_3": 0.032,
      "hits_at_5": 0.038,
      "hits_at_10": 0.044,
      "z_hits_at_k": 53.46159683867254,
      "adjusted_hits_at_k": 0.04368089931654703
    },
    "realistic": {
      "inverse_arithmetic_mean_rank": 0.00033514489769004285,
      "z_inverse_harmonic_mean_rank": 98.52195835264749,
      "geometric_mean_rank": 822.4937133789062,
      "adjusted_arithmetic_mean_rank_index": 0.8016654041476894,
      "count": 500.0,
      "standard_deviation": 4546.923828125,
      "adjusted_inverse_harmonic_mean_rank": 0.03261474991208965,
      "median_rank": 1174.0,
      "z_arithmetic_mean_rank": 30.99245633351044,
      "adjusted_arithmetic_mean_rank": 0.19838789753818795,
      "median_absolute_deviation": 1561.9214371956516,
      "z_geometric_mean_rank": 20.74973478903089,
      "inverse_geometric_mean_rank": 0.0012158147292211652,
      "arithmetic_mean_rank": 2983.783935546875,
      "adjusted_geometric_mean_rank_index": 0.9257088447284415,
      "variance": 20674516.0,
      "harmonic_mean_rank": 30.33423322045758,
      "inverse_median_rank": 0.000851788732688874,
      "inverse_harmonic_mean_rank": 0.03296605497598648,
      "hits_at_1": 0.022,
      "hits_at_3": 0.032,
      "hits_at_5": 0.038,
      "hits_at_10": 0.044,
      "z_hits_at_k": 53.46159683867254,
      "adjusted_hits_at_k": 0.04368089931654703
    },
    "pessimistic": {
      "inverse_arithmetic_mean_rank": 0.00033514467860630754,
      "z_inverse_harmonic_mean_rank": 98.5219677916099,
      "geometric_mean_rank": 822.4940358939016,
      "adjusted_arithmetic_mean_rank_index": 0.8016652668757699,
      "count": 500.0,
      "standard_deviation": 4546.925271016008,
      "adjusted_inverse_harmonic_mean_rank": 0.032614753036767676,
      "median_rank": 1174.0,
      "z_arithmetic_mean_rank": 30.992451026565735,
      "adjusted_arithmetic_mean_rank": 0.19838803480098038,
      "median_absolute_deviation": 1561.9214371956516,
      "z_geometric_mean_rank": 20.74973413526702,
      "inverse_geometric_mean_rank": 0.001215814287228456,
      "arithmetic_mean_rank": 2983.786,
      "adjusted_geometric_mean_rank_index": 0.9257088155620448,
      "variance": 20674529.420204,
      "harmonic_mean_rank": 30.334230346280428,
      "inverse_median_rank": 0.0008517887563884157,
      "inverse_harmonic_mean_rank": 0.03296605809952978,
      "hits_at_1": 0.022,
      "hits_at_3": 0.032,
      "hits_at_5": 0.038,
      "hits_at_10": 0.044,
      "z_hits_at_k": 53.46159683867254,
      "adjusted_hits_at_k": 0.04368089931654703
    }
  },
  "tail": {
    "optimistic": {
      "inverse_arithmetic_mean_rank": 0.0008935033372349645,
      "z_inverse_harmonic_mean_rank": 521.9689045364402,
      "geometric_mean_rank": 56.421787486140374,
      "adjusted_arithmetic_mean_rank_index": 0.9292222588428819,
      "count": 500.0,
      "standard_deviation": 2579.805958962805,
      "adjusted_inverse_harmonic_mean_rank": 0.16828612818602373,
      "median_rank": 31.5,
      "z_arithmetic_mean_rank": 35.987484362262364,
      "adjusted_arithmetic_mean_rank": 0.07083655414047851,
      "median_absolute_deviation": 43.73676544591526,
      "z_geometric_mean_rank": 22.307358064901422,
      "inverse_geometric_mean_rank": 0.017723649755790584,
      "arithmetic_mean_rank": 1119.19,
      "adjusted_geometric_mean_rank_index": 0.9952375219341437,
      "variance": 6655398.7859,
      "harmonic_mean_rank": 5.932111650726378,
      "inverse_median_rank": 0.031746031746031744,
      "inverse_harmonic_mean_rank": 0.16857403550008226,
      "hits_at_1": 0.044,
      "hits_at_3": 0.25,
      "hits_at_5": 0.306,
      "hits_at_10": 0.368,
      "z_hits_at_k": 462.2311710495129,
      "adjusted_hits_at_k": 0.36779992542739615
    },
    "realistic": {
      "inverse_arithmetic_mean_rank": 0.0008935033692978323,
      "z_inverse_harmonic_mean_rank": 521.968903505123,
      "geometric_mean_rank": 56.42179489135742,
      "adjusted_arithmetic_mean_rank_index": 0.9292222625516732,
      "count": 500.0,
      "standard_deviation": 2579.805908203125,
      "adjusted_inverse_harmonic_mean_rank": 0.16828612785352046,
      "median_rank": 31.5,
      "z_arithmetic_mean_rank": 35.987484505898685,
      "adjusted_arithmetic_mean_rank": 0.07083655043192202,
      "median_absolute_deviation": 43.73676544591526,
      "z_geometric_mean_rank": 22.307358050638395,
      "inverse_geometric_mean_rank": 0.017723647877573967,
      "arithmetic_mean_rank": 1119.18994140625,
      "adjusted_geometric_mean_rank_index": 0.9952375212978023,
      "variance": 6655399.0,
      "harmonic_mean_rank": 5.9321116624231,
      "inverse_median_rank": 0.0317460335791111,
      "inverse_harmonic_mean_rank": 0.1685740351676941,
      "hits_at_1": 0.044,
      "hits_at_3": 0.25,
      "hits_at_5": 0.306,
      "hits_at_10": 0.368,
      "z_hits_at_k": 462.2311710495129,
      "adjusted_hits_at_k": 0.36779992542739615
    },
    "pessimistic": {
      "inverse_arithmetic_mean_rank": 0.0008935033372349645,
      "z_inverse_harmonic_mean_rank": 521.9689045364402,
      "geometric_mean_rank": 56.421787486140374,
      "adjusted_arithmetic_mean_rank_index": 0.9292222588428819,
      "count": 500.0,
      "standard_deviation": 2579.805958962805,
      "adjusted_inverse_harmonic_mean_rank": 0.16828612818602373,
      "median_rank": 31.5,
      "z_arithmetic_mean_rank": 35.987484362262364,
      "adjusted_arithmetic_mean_rank": 0.07083655414047851,
      "median_absolute_deviation": 43.73676544591526,
      "z_geometric_mean_rank": 22.307358064901422,
      "inverse_geometric_mean_rank": 0.017723649755790584,
      "arithmetic_mean_rank": 1119.19,
      "adjusted_geometric_mean_rank_index": 0.9952375219341437,
      "variance": 6655398.7859,
      "harmonic_mean_rank": 5.932111650726378,
      "inverse_median_rank": 0.031746031746031744,
      "inverse_harmonic_mean_rank": 0.16857403550008226,
      "hits_at_1": 0.044,
      "hits_at_3": 0.25,
      "hits_at_5": 0.306,
      "hits_at_10": 0.368,
      "z_hits_at_k": 462.2311710495129,
      "adjusted_hits_at_k": 0.36779992542739615
    }
  },
  "both": {
    "optimistic": {
      "inverse_arithmetic_mean_rank": 0.0004874515351311196,
      "z_inverse_harmonic_mean_rank": 434.7616827393317,
      "geometric_mean_rank": 215.42180258893166,
      "adjusted_arithmetic_mean_rank_index": 0.8670146037186487,
      "count": 1000.0,
      "standard_deviation": 3812.36509817777,
      "adjusted_inverse_harmonic_mean_rank": 0.10045101705287687,
      "median_rank": 486.5,
      "z_arithmetic_mean_rank": 47.43246611374476,
      "adjusted_arithmetic_mean_rank": 0.13304162334326705,
      "median_absolute_deviation": 718.3207748659642,
      "z_geometric_mean_rank": 31.07644043002098,
      "inverse_geometric_mean_rank": 0.004642055669305684,
      "arithmetic_mean_rank": 2051.486,
      "adjusted_geometric_mean_rank_index": 0.981088416595385,
      "variance": 14534127.641803997,