{
  "losses": [
    0.9707015495674283,
    0.14293674028971615,
    0.05362512741018744
  ],
  "metrics": {
    "both": {
      "optimistic": {
        "adjusted_arithmetic_mean_rank": 0.49010751141218384,
        "adjusted_arithmetic_mean_rank_index": 0.5099979077127662,
        "adjusted_geometric_mean_rank_index": 0.8459539024346607,
        "adjusted_hits_at_k": 0.09706665472783137,
        "adjusted_inverse_harmonic_mean_rank": 0.0330152229325259,
        "arithmetic_mean_rank": 2371.048,
        "count": 1000.0,
        "geometric_mean_rank": 549.682665987199,
        "harmonic_mean_rank": 29.420215556953078,
        "hits_at_1": 0.01,
        "hits_at_10": 0.098,
        "hits_at_3": 0.023,
        "hits_at_5": 0.041,
        "inverse_arithmetic_mean_rank": 0.00042175443095205165,
        "inverse_geometric_mean_rank": 0.001819231461854553,
        "inverse_harmonic_mean_rank": 0.03399023362232515,
        "inverse_median_rank": 0.0008126777732629012,
        "median_absolute_deviation": 1797.6551899380424,
        "median_rank": 1230.5,
        "standard_deviation": 2715.1253797377385,
        "variance": 7371905.827695999,
        "z_arithmetic_mean_rank": 27.930196576879542,
        "z_geometric_mean_rank": 26.832837317234954,
        "z_hits_at_k": 95.42280446842713,
        "z_inverse_harmonic_mean_rank": 80.2277465078975
      },
      "pessimistic": {
        "adjusted_arithmetic_mean_rank": 0.4901077181171985,
        "adjusted_arithmetic_mean_rank_index": 0.5099977009650158,
        "adjusted_geometric_mean_rank_index": 0.8459538483702423,
        "adjusted_hits_at_k": 0.09706665472783137,
        "adjusted_inverse_harmonic_mean_rank": 0.03301522280967508,
        "arithmetic_mean_rank": 2371.049,
        "count": 1000.0,
        "geometric_mean_rank": 549.6828585542924,
        "harmonic_mean_rank": 29.420215663179274,
        "hits_at_1": 0.01,
        "hits_at_10": 0.098,
        "hits_at_3": 0.023,
        "hits_at_5": 0.041,
        "inverse_arithmetic_mean_rank": 0.0004217542530753266,
        "inverse_geometric_mean_rank": 0.0018192308245341248,
        "inverse_harmonic_mean_rank": 0.033990233499598205,
        "inverse_median_rank": 0.0008126777732629012,
        "median_absolute_deviation": 1797.6551899380424,
        "median_rank": 1230.5,
        "standard_deviation": 2715.125557796361,
        "variance": 7371906.794599,
        "z_arithmetic_mean_rank": 27.930185254273656,
        "z_geometric_mean_rank": 26.832835602364035,
        "z_hits_at_k": 95.42280446842713,
        "z_inverse_harmonic_mean_rank": 80.22774620936723
      },
      "realistic": {
        "adjusted_arithmetic_mean_rank": 0.49010763212468267,
        "adjusted_arithmetic_mean_rank_index": 0.5099977869753104,
        "adjusted_geometric_mean_rank_index": 0.845953864727474,
        "adjusted_hits_at_k": 0.09706665472783137,
        "adjusted_inverse_harmonic_mean_rank": 0.03301522344730121,
        "arithmetic_mean_rank": 2371.048583984375,
        "count": 1000.0,
        "geometric_mean_rank": 549.6828002929688,
        "harmonic_mean_rank": 29.420215111839042,
        "hits_at_1": 0.01,
        "hits_at_10": 0.098,
        "hits_at_3": 0.023,
        "hits_at_5": 0.041,
        "inverse_arithmetic_mean_rank": 0.0004217543173581362,
        "inverse_geometric_mean_rank": 0.0018192309653386474,
        "inverse_harmonic_mean_rank": 0.03399023413658142,
        "inverse_median_rank": 0.0008126777829602361,
        "median_absolute_deviation": 1797.6551899380424,
        "median_rank": 1230.5,
        "standard_deviation": 2715.12548828125,
        "variance": 7371906.0,
        "z_arithmetic_mean_rank": 27.93018996465462,
        "z_geometric_mean_rank": 26.832836121199563,
        "z_hits_at_k": 95.42280446842713,
        "z_inverse_harmonic_mean_rank": 80.22774775881331
      }
    },
    "head": {
      "optimistic": {
        "adjusted_arithmetic_mean_rank": 0.5727199237210846,
        "adjusted_arithmetic_mean_rank_index": 0.42736866111042005,
        "adjusted_geometric_mean_rank_index": 0.6238303900926745,
        "adjusted_hits_at_k": 0.00897271248767586,
        "adjusted_inverse_harmonic_mean_rank": 0.007490914966372406,
        "arithmetic_mean_rank": 2763.03,
        "count": 500.0,
        "geometric_mean_rank": 1337.7723216683416,
        "harmonic_mean_rank": 117.72758658477983,
        "hits_at_1": 0.004,
        "hits_at_10": 0.01,
        "hits_at_3": 0.006,
        "hits_at_5": 0.008,
        "inverse_arithmetic_mean_rank": 0.0003619215137005389,
        "inverse_geometric_mean_rank": 0.0007475113543632713,
        "inverse_harmonic_mean_rank": 0.00849418584895448,
        "inverse_median_rank": 0.000556947925368978,
        "median_absolute_deviation": 2212.042510010358,
        "median_rank": 1795.5,
        "standard_deviation": 2604.0047513589525,
        "variance": 6780840.745099999,
        "z_arithmetic_mean_rank": 16.549552583645514,
        "z_geometric_mean_rank": 14.002021217535477,
        "z_hits_at_k": 6.228455490336661,
        "z_inverse_harmonic_mean_rank": 12.85352462917502
      },
      "pessimistic": {
        "adjusted_arithmetic_mean_rank": 0.572720338280408,
        "adjusted_arithmetic_mean_rank_index": 0.42736824646514915,
        "adjusted_geometric_mean_rank_index": 0.6238301263328938,
        "adjusted_hits_at_k": 0.00897271248767586,
        "adjusted_inverse_harmonic_mean_rank": 0.007490914720670154,
        "arithmetic_mean_rank": 2763.032,
        "count": 500.0,
        "geometric_mean_rank": 1337.7732589763143,
        "harmonic_mean_rank": 117.72758998671793,
        "hits_at_1": 0.004,
        "hits_at_10": 0.01,
        "hits_at_3": 0.006,
        "hits_at_5": 0.008,
        "inverse_arithmetic_mean_rank": 0.00036192125172636433,
        "inverse_geometric_mean_rank": 0.0007475108306210398,
        "inverse_harmonic_mean_rank": 0.008494185603500593,
        "inverse_median_rank": 0.000556947925368978,
        "median_absolute_deviation": 2212.042510010358,
        "median_rank": 1795.5,
        "standard_deviation": 2604.0048216115115,
        "variance": 6780841.110975999,
        "z_arithmetic_mean_rank": 16.54953652679732,
        "z_geometric_mean_rank": 14.002015297384576,
        "z_hits_at_k": 6.228455490336661,
        "z_inverse_harmonic_mean_rank": 12.853524207578998
      },
      "realistic": {
        "adjusted_arithmetic_mean_rank": 0.5727201322152755,
        "adjusted_arithmetic_mean_rank_index": 0.4273684525730036,
        "adjusted_geometric_mean_rank_index": 0.62383059135744,
        "adjusted_hits_at_k": 0.00897271248767586,
        "adjusted_inverse_harmonic_mean_rank": 0.007490915332891093,
        "arithmetic_mean_rank": 2763.031005859375,
        "count": 500.0,
        "geometric_mean_rank": 1337.7716064453125,
        "harmonic_mean_rank": 117.72758151004494,
        "hits_at_1": 0.004,
        "hits_at_10": 0.01,
        "hits_at_3": 0.006,
        "hits_at_5": 0.008,
        "inverse_arithmetic_mean_rank": 0.00036192138213664293,
        "inverse_geometric_mean_rank": 0.0007475117454305291,
        "inverse_harmonic_mean_rank": 0.008494186215102673,
        "inverse_median_rank": 0.0005569479544647038,
        "median_absolute_deviation": 2212.042510010358,
        "median_rank": 1795.5,
        "standard_deviation": 2604.0048828125,
        "variance": 6780841.0,
        "z_arithmetic_mean_rank": 16.54954450817987,
        "z_geometric_mean_rank": 14.002025734970923,
        "z_hits_at_k": 6.228455490336661,
        "z_inverse_harmonic_mean_rank": 12.853525258077761
      }
    },
    "tail": {
      "optimistic": {
        "adjusted_arithmetic_mean_rank": 0.40795189007969945,
        "adjusted_arithmetic_mean_rank_index": 0.592170176057848,
        "adjusted_geometric_mean_rank_index": 0.9370760315676039,
        "adjusted_hits_at_k": 0.18516008421377114,
        "adjusted_inverse_harmonic_mean_rank": 0.05853940094702549,
        "arithmetic_mean_rank": 1979.066,