{
  "losses": [
    0.733454319191914,
    0.20058614022883714,
    0.14145870601721838
  ],
  "metrics": {
    "both": {
      "optimistic": {
        "adjusted_arithmetic_mean_rank": 0.13304162334326705,
        "adjusted_arithmetic_mean_rank_index": 0.8670146037186487,
        "adjusted_geometric_mean_rank_index": 0.981088416595385,
        "adjusted_hits_at_k": 0.20574180673520148,
        "adjusted_inverse_harmonic_mean_rank": 0.10045101705287687,
        "arithmetic_mean_rank": 2051.486,
        "count": 1000.0,
        "geometric_mean_rank": 215.42180258893166,
        "harmonic_mean_rank": 9.923583755442289,
        "hits_at_1": 0.033,
        "hits_at_10": 0.206,
        "hits_at_3": 0.141,
        "hits_at_5": 0.172,
        "inverse_arithmetic_mean_rank": 0.0004874515351311196,
        "inverse_geometric_mean_rank": 0.004642055669305684,
        "inverse_harmonic_mean_rank": 0.10077004685445218,
        "inverse_median_rank": 0.0020554984583761563,
        "median_absolute_deviation": 718.3207748659642,
        "median_rank": 486.5,
        "standard_deviation": 3812.36509817777,
        "variance": 14534127.641803997,
        "z_arithmetic_mean_rank": 47.43246611374476,
        "z_geometric_mean_rank": 31.07644043002098,
        "z_hits_at_k": 360.79502141964366,
        "z_inverse_harmonic_mean_rank": 434.7616827393317
      },
      "pessimistic": {
        "adjusted_arithmetic_mean_rank": 0.13304175304595411,
        "adjusted_arithmetic_mean_rank_index": 0.8670144740075497,
        "adjusted_geometric_mean_rank_index": 0.9810884103166897,
        "adjusted_hits_at_k": 0.20574180673520148,
        "adjusted_inverse_harmonic_mean_rank": 0.10045101699821132,
        "arithmetic_mean_rank": 2051.488,
        "count": 1000.0,
        "geometric_mean_rank": 215.42187377753382,
        "harmonic_mean_rank": 9.923583760823707,
        "hits_at_1": 0.033,
        "hits_at_10": 0.206,
        "hits_at_3": 0.141,
        "hits_at_5": 0.172,
        "inverse_arithmetic_mean_rank": 0.0004874510599135847,
        "inverse_geometric_mean_rank": 0.004642054135285723,
        "inverse_harmonic_mean_rank": 0.10077004679980602,
        "inverse_median_rank": 0.0020554984583761563,
        "median_absolute_deviation": 718.3207748659642,
        "median_rank": 486.5,
        "standard_deviation": 3812.367199504266,
        "variance": 14534143.663856,
        "z_arithmetic_mean_rank": 47.43245901753521,
        "z_geometric_mean_rank": 31.076440231140328,
        "z_hits_at_k": 360.79502141964366,
        "z_inverse_harmonic_mean_rank": 434.76168250273395
      },
      "realistic": {
        "adjusted_arithmetic_mean_rank": 0.1330416921211568,
        "adjusted_arithmetic_mean_rank_index": 0.8670145349362983,
        "adjusted_geometric_mean_rank_index": 0.9810884129004612,
        "adjusted_hits_at_k": 0.20574180673520148,
        "adjusted_inverse_harmonic_mean_rank": 0.10045101154302058,
        "arithmetic_mean_rank": 2051.487060546875,
        "count": 1000.0,
        "geometric_mean_rank": 215.42184448242188,
        "harmonic_mean_rank": 9.923584297846837,
        "hits_at_1": 0.033,
        "hits_at_10": 0.206,
        "hits_at_3": 0.141,
        "hits_at_5": 0.172,
        "inverse_arithmetic_mean_rank": 0.0004874512960668653,
        "inverse_geometric_mean_rank": 0.004642054904252291,
        "inverse_harmonic_mean_rank": 0.10077004134654999,
        "inverse_median_rank": 0.0020554985385388136,
        "median_absolute_deviation": 718.3207748659642,
        "median_rank": 486.5,
        "standard_deviation": 3812.3662109375,
        "variance": 14534136.0,
        "z_arithmetic_mean_rank": 47.432462350813324,
        "z_geometric_mean_rank": 31.076440312982516,
        "z_hits_at_k": 360.79502141964366,
        "z_inverse_harmonic_mean_rank": 434.7616588921427
      }
    },
    "head": {
      "optimistic": {
        "adjusted_arithmetic_mean_rank": 0.19838776884620374,
        "adjusted_arithmetic_mean_rank_index": 0.8016655328482307,
        "adjusted_geometric_mean_rank_index": 0.925708864722536,
        "adjusted_hits_at_k": 0.04368089931654703,
        "adjusted_inverse_harmonic_mean_rank": 0.03261475314609966,
        "arithmetic_mean_rank": 2983.782,
        "count": 500.0,
        "geometric_mean_rank": 822.4934922890214,
        "harmonic_mean_rank": 30.33423024571344,
        "hits_at_1": 0.022,
        "hits_at_10": 0.044,
        "hits_at_3": 0.032,
        "hits_at_5": 0.038,
        "inverse_arithmetic_mean_rank": 0.00033514512789473226,
        "inverse_geometric_mean_rank": 0.0012158150907881024,
        "inverse_harmonic_mean_rank": 0.03296605820882206,
        "inverse_median_rank": 0.0008517887563884157,
        "median_absolute_deviation": 1561.9214371956516,
        "median_rank": 1174.0,
        "standard_deviation": 4546.922567459886,
        "variance": 20674504.834476,
        "z_arithmetic_mean_rank": 30.992461309084895,
        "z_geometric_mean_rank": 20.749735237197893,
        "z_hits_at_k": 53.46159683867254,
        "z_inverse_harmonic_mean_rank": 98.52196812187768
      },
      "pessimistic": {
        "adjusted_arithmetic_mean_rank": 0.19838803480098038,
        "adjusted_arithmetic_mean_rank_index": 0.8016652668757699,
        "adjusted_geometric_mean_rank_index": 0.9257088155620448,
        "adjusted_hits_at_k": 0.04368089931654703,
        "adjusted_inverse_harmonic_mean_rank": 0.032614753036767676,
        "arithmetic_mean_rank": 2983.786,
        "count": 500.0,
        "geometric_mean_rank": 822.4940358939016,
        "harmonic_mean_rank": 30.334230346280428,
        "hits_at_1": 0.022,
        "hits_at_10": 0.044,
        "hits_at_3": 0.032,
        "hits_at_5": 0.038,
        "inverse_arithmetic_mean_rank": 0.00033514467860630754,
        "inverse_geometric_mean_rank": 0.001215814287228456,
        "inverse_harmonic_mean_rank": 0.03296605809952978,
        "inverse_median_rank": 0.0008517887563884157,
        "median_absolute_deviation": 1561.9214371956516,
        "median_rank": 1174.0,
        "standard_deviation": 4546.925271016008,
        "variance": 20674529.420204,
        "z_arithmetic_mean_rank": 30.992451026565735,
        "z_geometric_mean_rank": 20.74973413526702,
        "z_hits_at_k": 53.46159683867254,
        "z_inverse_harmonic_mean_rank": 98.5219677916099
      },
      "realistic": {
        "adjusted_arithmetic_mean_rank": 0.19838789753818795,
        "adjusted_arithmetic_mean_rank_index": 0.8016654041476894,
        "adjusted_geometric_mean_rank_index": 0.9257088447284415,
        "adjusted_hits_at_k": 0.04368089931654703,
        "adjusted_inverse_harmonic_mean_rank": 0.03261474991208965,
        "arithmetic_mean_rank": 2983.783935546875,
        "count": 500.0,
        "geometric_mean_rank": 822.4937133789062,
        "harmonic_mean_rank": 30.33423322045758,
        "hits_at_1": 0.022,
        "hits_at_10": 0.044,
        "hits_at_3": 0.032,
        "hits_at_5": 0.038,
        "inverse_arithmetic_mean_rank": 0.00033514489769004285,
        "inverse_geometric_mean_rank": 0.0012158147292211652,
        "inverse_harmonic_mean_rank": 0.03296605497598648,
        "inverse_median_rank": 0.000851788732688874,
        "median_absolute_deviation": 1561.9214371956516,
        "median_rank": 1174.0,
        "standard_deviation": 4546.923828125,
        "variance": 20674516.0,
        "z_arithmetic_mean_rank": 30.99245633351044,
        "z_geometric_mean_rank": 20.74973478903089,
        "z_hits_at_k": 53.46159683867254,
        "z_inverse_harmonic_mean_rank": 98.52195835264749
      }
    },
    "tail": {
      "optimistic": {
        "adjusted_arithmetic_mean_rank": 0.07083655414047851,
        "adjusted_arithmetic_mean_rank_index": 0.9292222588428819,
        "adjusted_geometric_mean_rank_index": 0.9952375219341437,
        "adjusted_hits_at_k": 0.36779992542739615,
        "adjusted_inverse_harmonic_mean_rank": 0.16828612818602373,
        "arithmetic_mean_rank": 1119.19,