{
  "losses": [
    0.7361953362238174,
    0.20261826271227762,
    0.14157826913630261
  ],
  "metrics": {
    "both": {
      "optimistic": {
        "adjusted_arithmetic_mean_rank": 0.11972821091772883,
        "adjusted_arithmetic_mean_rank_index": 0.8803286294182541,
        "adjusted_geometric_mean_rank_index": 0.9806306093311903,
        "adjusted_hits_at_k": 0.18473621253848252,
        "adjusted_inverse_harmonic_mean_rank": 0.08309163492239628,
        "arithmetic_mean_rank": 1854.32,
        "count": 1000.0,
        "geometric_mean_rank": 221.6095157765355,
        "harmonic_mean_rank": 11.988186914814865,
        "hits_at_1": 0.018,
        "hits_at_10": 0.185,
        "hits_at_3": 0.119,
        "hits_at_5": 0.141,
        "inverse_arithmetic_mean_rank": 0.0005392812459553907,
        "inverse_geometric_mean_rank": 0.004512441609269028,
        "inverse_harmonic_mean_rank": 0.08341544948420944,
        "inverse_median_rank": 0.00234192037470726,
        "median_absolute_deviation": 628.6233406463753,
        "median_rank": 427.0,
        "standard_deviation": 3790.59439001326,
        "variance": 14368605.829599999,
        "z_arithmetic_mean_rank": 48.167521970092594,
        "z_geometric_mean_rank": 31.061832974732713,
        "z_hits_at_k": 324.716184851258,
        "z_inverse_harmonic_mean_rank": 360.4677420708958
      },
      "pessimistic": {
        "adjusted_arithmetic_mean_rank": 0.11972840461926511,
        "adjusted_arithmetic_mean_rank_index": 0.8803284357042103,
        "adjusted_geometric_mean_rank_index": 0.9806305925988746,
        "adjusted_hits_at_k": 0.18473621253848252,
        "adjusted_inverse_harmonic_mean_rank": 0.08309163462366183,
        "arithmetic_mean_rank": 1854.323,
        "count": 1000.0,
        "geometric_mean_rank": 221.60970635083478,
        "harmonic_mean_rank": 11.988186957732811,
        "hits_at_1": 0.018,
        "hits_at_10": 0.185,
        "hits_at_3": 0.119,
        "hits_at_5": 0.141,
        "inverse_arithmetic_mean_rank": 0.0005392803734840155,
        "inverse_geometric_mean_rank": 0.004512437728773846,
        "inverse_harmonic_mean_rank": 0.08341544918558048,
        "inverse_median_rank": 0.00234192037470726,
        "median_absolute_deviation": 628.6233406463753,
        "median_rank": 427.0,
        "standard_deviation": 3790.5966890017457,
        "variance": 14368623.258670997,
        "z_arithmetic_mean_rank": 48.16751137095364,
        "z_geometric_mean_rank": 31.0618324447305,
        "z_hits_at_k": 324.716184851258,
        "z_inverse_harmonic_mean_rank": 360.46774077492734
      },
      "realistic": {
        "adjusted_arithmetic_mean_rank": 0.11972830991232908,
        "adjusted_arithmetic_mean_rank_index": 0.8803285304172617,
        "adjusted_geometric_mean_rank_index": 0.9806305962367425,
        "adjusted_hits_at_k": 0.18473621253848252,
        "adjusted_inverse_harmonic_mean_rank": 0.08309163410351655,
        "arithmetic_mean_rank": 1854.321533203125,
        "count": 1000.0,
        "geometric_mean_rank": 221.6096649169922,
        "harmonic_mean_rank": 11.988186836242676,
        "hits_at_1": 0.018,
        "hits_at_10": 0.185,
        "hits_at_3": 0.119,
        "hits_at_5": 0.141,
        "inverse_arithmetic_mean_rank": 0.0005392808234319091,
        "inverse_geometric_mean_rank": 0.004512438550591469,
        "inverse_harmonic_mean_rank": 0.0834154486656189,
        "inverse_median_rank": 0.0023419202771037817,
        "median_absolute_deviation": 628.6233520507812,
        "median_rank": 427.0,
        "standard_deviation": 3790.595458984375,
        "variance": 14368614.0,
        "z_arithmetic_mean_rank": 48.16751655321494,
        "z_geometric_mean_rank": 31.061832559961296,
        "z_hits_at_k": 324.716184851258,
        "z_inverse_harmonic_mean_rank": 360.4677385184355
      }
    },
    "head": {
      "optimistic": {
        "adjusted_arithmetic_mean_rank": 0.16238421350585053,
        "adjusted_arithmetic_mean_rank_index": 0.8376709855702872,
        "adjusted_geometric_mean_rank_index": 0.9441870023974412,
        "adjusted_hits_at_k": 0.04768511063257802,
        "adjusted_inverse_harmonic_mean_rank": 0.030488708176652984,
        "arithmetic_mean_rank": 2464.254,
        "count": 500.0,
        "geometric_mean_rank": 623.7665069561177,
        "harmonic_mean_rank": 32.427637571204755,
        "hits_at_1": 0.018,
        "hits_at_10": 0.048,
        "hits_at_3": 0.028,
        "hits_at_5": 0.034,
        "inverse_arithmetic_mean_rank": 0.0004058023239487488,
        "inverse_geometric_mean_rank": 0.00160316398660108,
        "inverse_harmonic_mean_rank": 0.030837892455292046,
        "inverse_median_rank": 0.0012515644555694619,
        "median_absolute_deviation": 1033.3737462984045,
        "median_rank": 799.0,
        "standard_deviation": 4344.07255895709,
        "variance": 18870966.397484,
        "z_arithmetic_mean_rank": 32.387573558496136,
        "z_geometric_mean_rank": 21.16377921549308,
        "z_hits_at_k": 58.62833214890446,
        "z_inverse_harmonic_mean_rank": 92.51860980061845
      },
      "pessimistic": {
        "adjusted_arithmetic_mean_rank": 0.16238460888119782,
        "adjusted_arithmetic_mean_rank_index": 0.8376705901688846,
        "adjusted_geometric_mean_rank_index": 0.9441869062498823,
        "adjusted_hits_at_k": 0.04768511063257802,
        "adjusted_inverse_harmonic_mean_rank": 0.03048870757917991,
        "arithmetic_mean_rank": 2464.26,
        "count": 500.0,
        "geometric_mean_rank": 623.76757977933,
        "harmonic_mean_rank": 32.4276381992523,
        "hits_at_1": 0.018,
        "hits_at_10": 0.048,
        "hits_at_3": 0.028,
        "hits_at_5": 0.034,
        "inverse_arithmetic_mean_rank": 0.00040580133589799774,
        "inverse_geometric_mean_rank": 0.0016031612293055846,
        "inverse_harmonic_mean_rank": 0.03083789185803416,
        "inverse_median_rank": 0.0012515644555694619,
        "median_absolute_deviation": 1033.3737462984045,
        "median_rank": 799.0,
        "standard_deviation": 4344.075728667721,
        "variance": 18870993.936399993,
        "z_arithmetic_mean_rank": 32.387558270761176,
        "z_geometric_mean_rank": 21.16377706036311,
        "z_hits_at_k": 58.62833214890446,
        "z_inverse_harmonic_mean_rank": 92.51860798757416
      },
      "realistic": {
        "adjusted_arithmetic_mean_rank": 0.16238441647034357,
        "adjusted_arithmetic_mean_rank_index": 0.8376707825924187,
        "adjusted_geometric_mean_rank_index": 0.944186966568538,
        "adjusted_hits_at_k": 0.04768511063257802,
        "adjusted_inverse_harmonic_mean_rank": 0.030488707344439005,
        "arithmetic_mean_rank": 2464.257080078125,
        "count": 500.0,
        "geometric_mean_rank": 623.7669067382812,
        "harmonic_mean_rank": 32.42763900756836,
        "hits_at_1": 0.018,
        "hits_at_10": 0.048,
        "hits_at_3": 0.028,
        "hits_at_5": 0.034,
        "inverse_arithmetic_mean_rank": 0.00040580180939286947,
        "inverse_geometric_mean_rank": 0.001603162963874638,
        "inverse_harmonic_mean_rank": 0.0308378916233778,
        "inverse_median_rank": 0.001251564477570355,
        "median_absolute_deviation": 1033.373779296875,
        "median_rank": 799.0,
        "standard_deviation": 4344.07373046875,
        "variance": 18870978.0,
        "z_arithmetic_mean_rank": 32.38756571059313,
        "z_geometric_mean_rank": 21.16377841239476,
        "z_hits_at_k": 58.62833214890446,
        "z_inverse_harmonic_mean_rank": 92.51860727524806
      }
    },
    "tail": {
      "optimistic": {
        "adjusted_arithmetic_mean_rank": 0.07875842316065461,
        "adjusted_arithmetic_mean_rank_index": 0.9212998868222158,
        "adjusted_geometric_mean_rank_index": 0.9933204975773238,
        "adjusted_hits_at_k": 0.32178536882663256,
        "adjusted_inverse_harmonic_mean_rank": 0.13569382432802357,
        "arithmetic_mean_rank": 1244.386,