{
  "head": {
    "optimistic": {
      "inverse_arithmetic_mean_rank": 7.719879538999673e-05,
      "z_inverse_harmonic_mean_rank": 0.14886905979600273,
      "geometric_mean_rank": 8511.442961033916,
      "adjusted_arithmetic_mean_rank_index": 0.13874327081362514,
      "count": 500.0,
      "standard_deviation": 8723.497953980388,
      "adjusted_inverse_harmonic_mean_rank": 4.928167523340828e-05,
      "median_rank": 12208.5,
      "z_arithmetic_mean_rank": 5.3638272775801425,
      "adjusted_arithmetic_mean_rank": 0.8612659540452752,
      "median_absolute_deviation": 11077.262475564605,
      "z_geometric_mean_rank": 5.163615389427644,
      "inverse_geometric_mean_rank": 0.00011748889166949506,
      "arithmetic_mean_rank": 12953.57,
      "adjusted_geometric_mean_rank_index": 0.23036460395127367,
      "variance": 76099416.5531,
      "harmonic_mean_rank": 2424.754656038003,
      "inverse_median_rank": 8.191014457140517e-05,
      "inverse_harmonic_mean_rank": 0.00041241285897105094,
      "hits_at_1": 0.0,
      "hits_at_3": 0.0,
      "hits_at_5": 0.0,
      "hits_at_10": 0.0,
      "z_hits_at_k": -0.40852646626616174,
      "adjusted_hits_at_k": -0.0003337873257876306
    },
    "realistic": {
      "inverse_arithmetic_mean_rank": 7.719879067735747e-05,
      "z_inverse_harmonic_mean_rank": 0.14886897766610185,
      "geometric_mean_rank": 8511.4345703125,
      "adjusted_arithmetic_mean_rank_index": 0.1387432500345266,
      "count": 500.0,
      "standard_deviation": 8723.498046875,
      "adjusted_inverse_harmonic_mean_rank": 4.928164804509185e-05,
      "median_rank": 12208.5,
      "z_arithmetic_mean_rank": 5.363826474258332,
      "adjusted_arithmetic_mean_rank": 0.861265974822992,
      "median_absolute_deviation": 11077.262475564605,
      "z_geometric_mean_rank": 5.16363239809575,
      "inverse_geometric_mean_rank": 0.0001174890057882294,
      "arithmetic_mean_rank": 12953.5703125,
      "adjusted_geometric_mean_rank_index": 0.2303653627597434,
      "variance": 76099424.0,
      "harmonic_mean_rank": 2424.7548158319064,
      "inverse_median_rank": 8.191014785552397e-05,
      "inverse_harmonic_mean_rank": 0.0004124128317926079,
      "hits_at_1": 0.0,
      "hits_at_3": 0.0,
      "hits_at_5": 0.0,
      "hits_at_10": 0.0,
      "z_hits_at_k": -0.40852646626616174,
      "adjusted_hits_at_k": -0.0003337873257876306
    },
    "pessimistic": {
      "inverse_arithmetic_mean_rank": 7.719879538999673e-05,
      "z_inverse_harmonic_mean_rank": 0.14886905979600273,
      "geometric_mean_rank": 8511.442961033916,
      "adjusted_arithmetic_mean_rank_index": 0.13874327081362514,
      "count": 500.0,
      "standard_deviation": 8723.497953980388,
      "adjusted_inverse_harmonic_mean_rank": 4.928167523340828e-05,
      "median_rank": 12208.5,
      "z_arithmetic_mean_rank": 5.3638272775801425,
      "adjusted_arithmetic_mean_rank": 0.8612659540452752,
      "median_absolute_deviation": 11077.262475564605,
      "z_geometric_mean_rank": 5.163615389427644,
      "inverse_geometric_mean_rank": 0.00011748889166949506,
      "arithmetic_mean_rank": 12953.57,
      "adjusted_geometric_mean_rank_index": 0.23036460395127367,
      "variance": 76099416.5531,
      "harmonic_mean_rank": 2424.754656038003,
      "inverse_median_rank": 8.191014457140517e-05,
      "inverse_harmonic_mean_rank": 0.00041241285897105094,
      "hits_at_1": 0.0,
      "hits_at_3": 0.0,
      "hits_at_5": 0.0,
      "hits_at_10": 0.0,
      "z_hits_at_k": -0.40852646626616174,
      "adjusted_hits_at_k": -0.0003337873257876306
    }
  },
  "tail": {
    "optimistic": {
      "inverse_arithmetic_mean_rank": 7.023426780494875e-05,
      "z_inverse_harmonic_mean_rank": -0.0751133159472831,
      "geometric_mean_rank": 9830.142810249177,
      "adjusted_arithmetic_mean_rank_index": 0.09884077783800105,
      "count": 500.0,
      "standard_deviation": 8758.755944762019,
      "adjusted_inverse_harmonic_mean_rank": -2.421701562319668e-05,
      "median_rank": 13856.5,
      "z_arithmetic_mean_rank": 3.8279657132065665,
      "adjusted_arithmetic_mean_rank": 0.9011654780614535,
      "median_absolute_deviation": 11064.660356707307,
      "z_geometric_mean_rank": 3.482409619784253,
      "inverse_geometric_mean_rank": 0.00010172792189319696,
      "arithmetic_mean_rank": 14238.064,
      "adjusted_geometric_mean_rank_index": 0.15536688433790213,
      "variance": 76715805.69990401,
      "harmonic_mean_rank": 3106.044793797492,
      "inverse_median_rank": 7.21682964673619e-05,
      "inverse_harmonic_mean_rank": 0.00032195285850252875,
      "hits_at_1": 0.0,
      "hits_at_3": 0.0,
      "hits_at_5": 0.0,
      "hits_at_10": 0.0,
      "z_hits_at_k": -0.3978527936493195,
      "adjusted_hits_at_k": -0.0003165736908288828
    },
    "realistic": {
      "inverse_arithmetic_mean_rank": 7.023426587693393e-05,
      "z_inverse_harmonic_mean_rank": -0.07511331459064285,
      "geometric_mean_rank": 9830.142578125,
      "adjusted_arithmetic_mean_rank_index": 0.09884074915668217,
      "count": 500.0,
      "standard_deviation": 8758.755859375,
      "adjusted_inverse_harmonic_mean_rank": -2.4217015185807136e-05,
      "median_rank": 13856.5,
      "z_arithmetic_mean_rank": 3.827964602419023,
      "adjusted_arithmetic_mean_rank": 0.9011655067409571,
      "median_absolute_deviation": 11064.660356707307,
      "z_geometric_mean_rank": 3.482410066873509,
      "inverse_geometric_mean_rank": 0.00010172792099183425,
      "arithmetic_mean_rank": 14238.064453125,
      "adjusted_geometric_mean_rank_index": 0.15536690428468392,
      "variance": 76715800.0,
      "harmonic_mean_rank": 3106.044789579231,
      "inverse_median_rank": 7.216829544631764e-05,
      "inverse_harmonic_mean_rank": 0.0003219528589397669,
      "hits_at_1": 0.0,
      "hits_at_3": 0.0,
      "hits_at_5": 0.0,
      "hits_at_10": 0.0,
      "z_hits_at_k": -0.3978527936493195,
      "adjusted_hits_at_k": -0.0003165736908288828
    },
    "pessimistic": {
      "inverse_arithmetic_mean_rank": 7.023426780494875e-05,
      "z_inverse_harmonic_mean_rank": -0.0751133159472831,
      "geometric_mean_rank": 9830.142810249177,
      "adjusted_arithmetic_mean_rank_index": 0.09884077783800105,
      "count": 500.0,
      "standard_deviation": 8758.755944762019,
      "adjusted_inverse_harmonic_mean_rank": -2.421701562319668e-05,
      "median_rank": 13856.5,
      "z_arithmetic_mean_rank": 3.8279657132065665,
      "adjusted_arithmetic_mean_rank": 0.9011654780614535,
      "median_absolute_deviation": 11064.660356707307,
      "z_geometric_mean_rank": 3.482409619784253,
      "inverse_geometric_mean_rank": 0.00010172792189319696,
      "arithmetic_mean_rank": 14238.064,
      "adjusted_geometric_mean_rank_index": 0.15536688433790213,
      "variance": 76715805.69990401,
      "harmonic_mean_rank": 3106.044793797492,
      "inverse_median_rank": 7.21682964673619e-05,
      "inverse_harmonic_mean_rank": 0.00032195285850252875,
      "hits_at_1": 0.0,
      "hits_at_3": 0.0,
      "hits_at_5": 0.0,
      "hits_at_10": 0.0,
      "z_hits_at_k": -0.3978527936493195,
      "adjusted_hits_at_k": -0.0003165736908288828
    }
  },
  "both": {
    "optimistic": {
      "inverse_arithmetic_mean_rank": 7.355203442352894e-05,
      "z_inverse_harmonic_mean_rank": 0.05423977973842664,
      "geometric_mean_rank": 9147.059627456976,
      "adjusted_arithmetic_mean_rank_index": 0.11830067305143621,
      "count": 1000.0,
      "standard_deviation": 8764.707201926998,
      "adjusted_inverse_harmonic_mean_rank": 1.2532017552972091e-05,
      "median_rank": 13232.5,
      "z_arithmetic_mean_rank": 6.47197018559833,
      "adjusted_arithmetic_mean_rank": 0.8817069989061525,
      "median_absolute_deviation": 11488.68459119991,
      "z_geometric_mean_rank": 6.123991599991971,
      "inverse_geometric_mean_rank": 0.00010932474923398038,
      "arithmetic_mean_rank": 13595.817,