{
  "head": {
    "optimistic": {
      "adjusted_arithmetic_mean_rank_index": 0.02896421611311517,
      "count": 500.0,
      "standard_deviation": 2762.5105336204606,
      "adjusted_inverse_harmonic_mean_rank": -0.00013781957202713341,
      "median_rank": 4594.5,
      "z_arithmetic_mean_rank": 1.121619017086097,
      "adjusted_arithmetic_mean_rank": 0.9710417875798029,
      "median_absolute_deviation": 3486.339116815923,
      "z_geometric_mean_rank": 0.7656156978281992,
      "inverse_geometric_mean_rank": 0.000291254240338558,
      "arithmetic_mean_rank": 4684.694,
      "adjusted_geometric_mean_rank_index": 0.03411038535201594,
      "variance": 7631464.448364001,
      "harmonic_mean_rank": 1145.2618476829755,
      "inverse_median_rank": 0.0002176515398846447,
      "inverse_harmonic_mean_rank": 0.0008731627636274967,
      "inverse_arithmetic_mean_rank": 0.00021346111400232328,
      "z_inverse_harmonic_mean_rank": -0.23648209482892835,
      "geometric_mean_rank": 3433.4264072433284,
      "hits_at_1": 0.0,
      "hits_at_3": 0.0,
      "hits_at_5": 0.0,
      "hits_at_10": 0.002,
      "z_hits_at_k": 0.6694510810041153,
      "adjusted_hits_at_k": 0.0009644111744449583
    },
    "realistic": {
      "adjusted_arithmetic_mean_rank_index": 0.028964045233911828,
      "count": 500.0,
      "standard_deviation": 2762.51171875,
      "adjusted_inverse_harmonic_mean_rank": -0.00013781957525861447,
      "median_rank": 4594.5,
      "z_arithmetic_mean_rank": 1.1216123999084289,
      "adjusted_arithmetic_mean_rank": 0.9710419584235864,
      "median_absolute_deviation": 3486.339116815923,
      "z_geometric_mean_rank": 0.7656042314598785,
      "inverse_geometric_mean_rank": 0.00029125408036634326,
      "arithmetic_mean_rank": 4684.69482421875,
      "adjusted_geometric_mean_rank_index": 0.034109874492268544,
      "variance": 7631470.5,
      "harmonic_mean_rank": 1145.2618519171815,
      "inverse_median_rank": 0.00021765154087916017,
      "inverse_harmonic_mean_rank": 0.0008731627603992821,
      "inverse_arithmetic_mean_rank": 0.00021346106950659305,
      "z_inverse_harmonic_mean_rank": -0.23648210037376804,
      "geometric_mean_rank": 3433.42822265625,
      "hits_at_1": 0.0,
      "hits_at_3": 0.0,
      "hits_at_5": 0.0,
      "hits_at_10": 0.002,
      "z_hits_at_k": 0.6694510810041153,
      "adjusted_hits_at_k": 0.0009644111744449583
    },
    "pessimistic": {
      "adjusted_arithmetic_mean_rank_index": 0.028963801467844275,
      "count": 500.0,
      "standard_deviation": 2762.512663425093,
      "adjusted_inverse_harmonic_mean_rank": -0.0001378196064477521,
      "median_rank": 4594.5,
      "z_arithmetic_mean_rank": 1.121602960237908,
      "adjusted_arithmetic_mean_rank": 0.9710422021391262,
      "median_absolute_deviation": 3486.339116815923,
      "z_geometric_mean_rank": 0.7656100108313701,
      "inverse_geometric_mean_rank": 0.00029125416395903874,
      "arithmetic_mean_rank": 4684.696,
      "adjusted_geometric_mean_rank_index": 0.034110131979920966,
      "variance": 7631476.215584001,
      "harmonic_mean_rank": 1145.2618927842746,
      "inverse_median_rank": 0.0002176515398846447,
      "inverse_harmonic_mean_rank": 0.0008731627292416717,
      "inverse_arithmetic_mean_rank": 0.00021346102287106783,
      "z_inverse_harmonic_mean_rank": -0.23648215389064164,
      "geometric_mean_rank": 3433.427307637179,
      "hits_at_1": 0.0,
      "hits_at_3": 0.0,
      "hits_at_5": 0.0,
      "hits_at_10": 0.002,
      "z_hits_at_k": 0.6694510810041153,
      "adjusted_hits_at_k": 0.0009644111744449583
    }
  },
  "tail": {
    "optimistic": {
      "adjusted_arithmetic_mean_rank_index": 0.024019509202049205,
      "count": 500.0,
      "standard_deviation": 2756.909879525263,
      "adjusted_inverse_harmonic_mean_rank": -0.00015488639932790833,
      "median_rank": 4712.5,
      "z_arithmetic_mean_rank": 0.930175696700168,
      "adjusted_arithmetic_mean_rank": 0.9759854420245282,
      "median_absolute_deviation": 3407.019898125873,
      "z_geometric_mean_rank": 0.4331494582688187,
      "inverse_geometric_mean_rank": 0.00028525973714546663,
      "arithmetic_mean_rank": 4734.724,
      "adjusted_geometric_mean_rank_index": 0.01929824840225247,
      "variance": 7600552.083824,
      "harmonic_mean_rank": 1175.0519120748324,
      "inverse_median_rank": 0.00021220159151193635,
      "inverse_harmonic_mean_rank": 0.0008510262310320088,
      "inverse_arithmetic_mean_rank": 0.000211205552847431,
      "z_inverse_harmonic_mean_rank": -0.2665129650753,
      "geometric_mean_rank": 3505.5770926762634,
      "hits_at_1": 0.0,
      "hits_at_3": 0.0,
      "hits_at_5": 0.0,
      "hits_at_10": 0.002,
      "z_hits_at_k": 0.6753863608851707,
      "adjusted_hits_at_k": 0.0009702260999307013
    },
    "realistic": {
      "adjusted_arithmetic_mean_rank_index": 0.02401928289162525,
      "count": 500.0,
      "standard_deviation": 2756.9111328125,
      "adjusted_inverse_harmonic_mean_rank": -0.00015488647631409984,
      "median_rank": 4712.5,
      "z_arithmetic_mean_rank": 0.9301669326386488,
      "adjusted_arithmetic_mean_rank": 0.975985668288302,
      "median_absolute_deviation": 3407.019898125873,
      "z_geometric_mean_rank": 0.433152174879627,
      "inverse_geometric_mean_rank": 0.000285259768133983,
      "arithmetic_mean_rank": 4734.72509765625,
      "adjusted_geometric_mean_rank_index": 0.01929836943629548,
      "variance": 7600558.5,
      "harmonic_mean_rank": 1175.0520182663843,
      "inverse_median_rank": 0.00021220158669166267,
      "inverse_harmonic_mean_rank": 0.0008510261541232467,
      "inverse_arithmetic_mean_rank": 0.00021120550809428096,
      "z_inverse_harmonic_mean_rank": -0.26651309754540886,
      "geometric_mean_rank": 3505.57666015625,
      "hits_at_1": 0.0,
      "hits_at_3": 0.0,
      "hits_at_5": 0.0,
      "hits_at_10": 0.002,
      "z_hits_at_k": 0.6753863608851707,
      "adjusted_hits_at_k": 0.0009702260999307013
    },
    "pessimistic": {
      "adjusted_arithmetic_mean_rank_index": 0.024019096849959953,
      "count": 500.0,
      "standard_deviation": 2756.912147117496,
      "adjusted_inverse_harmonic_mean_rank": -0.00015488643172952411,
      "median_rank": 4712.5,
      "z_arithmetic_mean_rank": 0.9301597280186868,
      "adjusted_arithmetic_mean_rank": 0.9759858542916179,
      "median_absolute_deviation": 3407.019898125873,
      "z_geometric_mean_rank": 0.43314385604288574,
      "inverse_geometric_mean_rank": 0.00028525966456491775,
      "arithmetic_mean_rank": 4734.726,
      "adjusted_geometric_mean_rank_index": 0.019297998804462035,
      "variance": 7600564.586924,
      "harmonic_mean_rank": 1175.0519567682718,
      "inverse_median_rank": 0.00021220159151193635,
      "inverse_harmonic_mean_rank": 0.0008510261986629811,
      "inverse_arithmetic_mean_rank": 0.0002112054636318976,
      "z_inverse_harmonic_mean_rank": -0.2665130208287474,
      "geometric_mean_rank": 3505.5779846239907,
      "hits_at_1": 0.0,
      "hits_at_3": 0.0,
      "hits_at_5": 0.0,
      "hits_at_10": 0.002,
      "z_hits_at_k": 0.6753863608851707,
      "adjusted_hits_at_k": 0.0009702260999307013
    }
  },
  "both": {
    "optimistic": {
      "adjusted_arithmetic_mean_rank_index": 0.026485007066638144,
      "count": 1000.0,
      "standard_deviation": 2759.824997408169,
      "adjusted_inverse_harmonic_mean_rank": -0.00014635300740061788,
      "median_rank": 4669.5,
      "z_arithmetic_mean_rank": 1.4504597813524143,
      "adjusted_arithmetic_mean_rank": 0.9735204675171338,
      "median_absolute_deviation": 3429.258931403457,
      "z_geometric_mean_rank": 0.8325944568723429,
      "inverse_geometric_mean_rank": 0.00028824140584149155,
      "arithmetic_mean_rank": 4709.709,
      "adjusted_geometric_mean_rank_index": 0.026249051548649538,
      "variance": 7616634.016319,
      "harmonic_mean_rank": 1159.9656454105614,
      "inverse_median_rank": 0.0002141556911874933,