{
  "head": {
    "optimistic": {
      "adjusted_inverse_harmonic_mean_rank": 0.0002779351912424295,
      "inverse_median_rank": 8.979078746520607e-05,
      "arithmetic_mean_rank": 12761.838,
      "median_rank": 11137.0,
      "inverse_harmonic_mean_rank": 0.0006380003405438623,
      "inverse_arithmetic_mean_rank": 7.835861887605844e-05,
      "variance": 78522920.391756,
      "harmonic_mean_rank": 1567.3972824960433,
      "adjusted_arithmetic_mean_rank_index": 0.1590577927257082,
      "count": 500.0,
      "standard_deviation": 8861.315951468834,
      "adjusted_arithmetic_mean_rank": 0.8409526885292979,
      "z_geometric_mean_rank": 5.84076879700617,
      "z_inverse_harmonic_mean_rank": 0.8434000338561238,
      "inverse_geometric_mean_rank": 0.0001211892402860276,
      "adjusted_geometric_mean_rank_index": 0.2605762385814646,
      "geometric_mean_rank": 8251.557627061831,
      "z_arithmetic_mean_rank": 6.149784403059826,
      "median_absolute_deviation": 10764.433407459923,
      "hits_at_1": 0.0,
      "hits_at_3": 0.0,
      "hits_at_5": 0.0,
      "hits_at_10": 0.002,
      "z_hits_at_k": 2.053118474133974,
      "adjusted_hits_at_k": 0.0016698953900345225
    },
    "realistic": {
      "adjusted_inverse_harmonic_mean_rank": 0.00027793522676824214,
      "inverse_median_rank": 8.979078847914934e-05,
      "arithmetic_mean_rank": 12761.837890625,
      "median_rank": 11137.0,
      "inverse_harmonic_mean_rank": 0.0006380003760568798,
      "inverse_arithmetic_mean_rank": 7.835862197680399e-05,
      "variance": 78522928.0,
      "harmonic_mean_rank": 1567.397216796875,
      "adjusted_arithmetic_mean_rank_index": 0.1590577999335463,
      "count": 500.0,
      "standard_deviation": 8861.31640625,
      "adjusted_arithmetic_mean_rank": 0.8409526813219348,
      "z_geometric_mean_rank": 5.840757046296396,
      "z_inverse_harmonic_mean_rank": 0.8434001416599302,
      "inverse_geometric_mean_rank": 0.00012118915765313432,
      "adjusted_geometric_mean_rank_index": 0.2605757143429849,
      "geometric_mean_rank": 8251.5634765625,
      "z_arithmetic_mean_rank": 6.149784681742489,
      "median_absolute_deviation": 10764.43359375,
      "hits_at_1": 0.0,
      "hits_at_3": 0.0,
      "hits_at_5": 0.0,
      "hits_at_10": 0.002,
      "z_hits_at_k": 2.053118474133974,
      "adjusted_hits_at_k": 0.0016698953900345225
    },
    "pessimistic": {
      "adjusted_inverse_harmonic_mean_rank": 0.0002779351912424295,
      "inverse_median_rank": 8.979078746520607e-05,
      "arithmetic_mean_rank": 12761.838,
      "median_rank": 11137.0,
      "inverse_harmonic_mean_rank": 0.0006380003405438623,
      "inverse_arithmetic_mean_rank": 7.835861887605844e-05,
      "variance": 78522920.391756,
      "harmonic_mean_rank": 1567.3972824960433,
      "adjusted_arithmetic_mean_rank_index": 0.1590577927257082,
      "count": 500.0,
      "standard_deviation": 8861.315951468834,
      "adjusted_arithmetic_mean_rank": 0.8409526885292979,
      "z_geometric_mean_rank": 5.84076879700617,
      "z_inverse_harmonic_mean_rank": 0.8434000338561238,
      "inverse_geometric_mean_rank": 0.0001211892402860276,
      "adjusted_geometric_mean_rank_index": 0.2605762385814646,
      "geometric_mean_rank": 8251.557627061831,
      "z_arithmetic_mean_rank": 6.149784403059826,
      "median_absolute_deviation": 10764.433407459923,
      "hits_at_1": 0.0,
      "hits_at_3": 0.0,
      "hits_at_5": 0.0,
      "hits_at_10": 0.002,
      "z_hits_at_k": 2.053118474133974,
      "adjusted_hits_at_k": 0.0016698953900345225
    }
  },
  "tail": {
    "optimistic": {
      "adjusted_inverse_harmonic_mean_rank": 9.675914703292655e-05,
      "inverse_median_rank": 7.644967700011467e-05,
      "arithmetic_mean_rank": 13922.962,
      "median_rank": 13080.5,
      "inverse_harmonic_mean_rank": 0.00044287866452638705,
      "inverse_arithmetic_mean_rank": 7.182379726382936e-05,
      "variance": 75934638.776556,
      "harmonic_mean_rank": 2257.954785583082,
      "adjusted_arithmetic_mean_rank_index": 0.11880945655105435,
      "count": 500.0,
      "standard_deviation": 8714.04835748322,
      "adjusted_arithmetic_mean_rank": 0.881198063017194,
      "z_geometric_mean_rank": 3.980137184050296,
      "z_inverse_harmonic_mean_rank": 0.30011948428849333,
      "inverse_geometric_mean_rank": 0.0001044715304642633,
      "adjusted_geometric_mean_rank_index": 0.17757288540574745,
      "geometric_mean_rank": 9571.985741532437,
      "z_arithmetic_mean_rank": 4.601324841648534,
      "median_absolute_deviation": 10495.341104801157,
      "hits_at_1": 0.0,
      "hits_at_3": 0.0,
      "hits_at_5": 0.0,
      "hits_at_10": 0.0,
      "z_hits_at_k": -0.3978474283313355,
      "adjusted_hits_at_k": -0.000316565152459445
    },
    "realistic": {
      "adjusted_inverse_harmonic_mean_rank": 9.675914581317309e-05,
      "inverse_median_rank": 7.644967990927398e-05,
      "arithmetic_mean_rank": 13922.962890625,
      "median_rank": 13080.5,
      "inverse_harmonic_mean_rank": 0.00044287866330705583,
      "inverse_arithmetic_mean_rank": 7.182379340520129e-05,
      "variance": 75934672.0,
      "harmonic_mean_rank": 2257.954833984375,
      "adjusted_arithmetic_mean_rank_index": 0.11880940017894759,
      "count": 500.0,
      "standard_deviation": 8714.0498046875,
      "adjusted_arithmetic_mean_rank": 0.881198119385733,
      "z_geometric_mean_rank": 3.9801304116035503,
      "z_inverse_harmonic_mean_rank": 0.30011948050516346,
      "inverse_geometric_mean_rank": 0.00010447149543324485,
      "adjusted_geometric_mean_rank_index": 0.17757258325462688,
      "geometric_mean_rank": 9571.9892578125,
      "z_arithmetic_mean_rank": 4.601322658435322,
      "median_absolute_deviation": 10495.341796875,
      "hits_at_1": 0.0,
      "hits_at_3": 0.0,
      "hits_at_5": 0.0,
      "hits_at_10": 0.0,
      "z_hits_at_k": -0.3978474283313355,
      "adjusted_hits_at_k": -0.000316565152459445
    },
    "pessimistic": {
      "adjusted_inverse_harmonic_mean_rank": 9.675914447545414e-05,
      "inverse_median_rank": 7.644967700011467e-05,
      "arithmetic_mean_rank": 13922.964,
      "median_rank": 13080.5,
      "inverse_harmonic_mean_rank": 0.00044287866196979995,
      "inverse_arithmetic_mean_rank": 7.182378694651512e-05,
      "variance": 75934694.962704,
      "harmonic_mean_rank": 2257.954798617483,
      "adjusted_arithmetic_mean_rank_index": 0.1188093299610602,
      "count": 500.0,
      "standard_deviation": 8714.051581365811,
      "adjusted_arithmetic_mean_rank": 0.8811981895991762,
      "z_geometric_mean_rank": 3.9801358657647654,
      "z_inverse_harmonic_mean_rank": 0.30011947635593805,
      "inverse_geometric_mean_rank": 0.00010447152299387414,
      "adjusted_geometric_mean_rank_index": 0.17757282659074825,
      "geometric_mean_rank": 9571.986425991288,
      "z_arithmetic_mean_rank": 4.601319938994308,
      "median_absolute_deviation": 10495.341104801157,
      "hits_at_1": 0.0,
      "hits_at_3": 0.0,
      "hits_at_5": 0.0,
      "hits_at_10": 0.0,
      "z_hits_at_k": -0.3978474283313355,
      "adjusted_hits_at_k": -0.000316565152459445
    }
  },
  "both": {
    "optimistic": {
      "adjusted_inverse_harmonic_mean_rank": 0.0001873465342428634,
      "inverse_median_rank": 8.209169642490662e-05,
      "arithmetic_mean_rank": 13342.4,
      "median_rank": 12181.5,
      "inverse_harmonic_mean_rank": 0.0005404395025351247,
      "inverse_arithmetic_mean_rank": 7.494903465643362e-05,
      "variance": 77565831.82,
      "harmonic_mean_rank": 1850.3458672231443,
      "adjusted_arithmetic_mean_rank_index": 0.13852781846669526,
      "count": 1000.0,
      "standard_deviation": 8807.146633274593,
      "adjusted_arithmetic_mean_rank": 0.8614811258837229,
      "z_geometric_mean_rank": 6.961910076058206,
      "z_inverse_harmonic_mean_rank": 0.8127458587907772,
      "inverse_geometric_mean_rank": 0.00011252033331128504,