{
  "losses": [
    14.77563283957687,
    1.774486582068836,
    0.6551373637482232
  ],
  "metrics": {
    "both": {
      "optimistic": {
        "adjusted_arithmetic_mean_rank": 0.8817069989061525,
        "adjusted_arithmetic_mean_rank_index": 0.11830067305143621,
        "adjusted_geometric_mean_rank_index": 0.1933354380019482,
        "adjusted_hits_at_k": -0.00032518043425503026,
        "adjusted_inverse_harmonic_mean_rank": 1.2532017552972091e-05,
        "arithmetic_mean_rank": 13595.817,
        "count": 1000.0,
        "geometric_mean_rank": 9147.059627456976,
        "harmonic_mean_rank": 2723.43867968204,
        "hits_at_1": 0.0,
        "hits_at_10": 0.0,
        "hits_at_3": 0.0,
        "hits_at_5": 0.0,
        "inverse_arithmetic_mean_rank": 7.355203442352894e-05,
        "inverse_geometric_mean_rank": 0.00010932474923398038,
        "inverse_harmonic_mean_rank": 0.00036718285873678987,
        "inverse_median_rank": 7.557150954090308e-05,
        "median_absolute_deviation": 11488.68459119991,
        "median_rank": 13232.5,
        "standard_deviation": 8764.707201926998,
        "variance": 76820092.335511,
        "z_arithmetic_mean_rank": 6.47197018559833,
        "z_geometric_mean_rank": 6.123991599991971,
        "z_hits_at_k": -0.5702461915933936,
        "z_inverse_harmonic_mean_rank": 0.05423977973842664
      },
      "pessimistic": {
        "adjusted_arithmetic_mean_rank": 0.8817069989061525,
        "adjusted_arithmetic_mean_rank_index": 0.11830067305143621,
        "adjusted_geometric_mean_rank_index": 0.1933354380019482,
        "adjusted_hits_at_k": -0.00032518043425503026,
        "adjusted_inverse_harmonic_mean_rank": 1.2532017552972091e-05,
        "arithmetic_mean_rank": 13595.817,
        "count": 1000.0,
        "geometric_mean_rank": 9147.059627456976,
        "harmonic_mean_rank": 2723.43867968204,
        "hits_at_1": 0.0,
        "hits_at_10": 0.0,
        "hits_at_3": 0.0,
        "hits_at_5": 0.0,
        "inverse_arithmetic_mean_rank": 7.355203442352894e-05,
        "inverse_geometric_mean_rank": 0.00010932474923398038,
        "inverse_harmonic_mean_rank": 0.00036718285873678987,
        "inverse_median_rank": 7.557150954090308e-05,
        "median_absolute_deviation": 11488.68459119991,
        "median_rank": 13232.5,
        "standard_deviation": 8764.707201926998,
        "variance": 76820092.335511,
        "z_arithmetic_mean_rank": 6.47197018559833,
        "z_geometric_mean_rank": 6.123991599991971,
        "z_hits_at_k": -0.5702461915933936,
        "z_inverse_harmonic_mean_rank": 0.05423977973842664
      },
      "realistic": {
        "adjusted_arithmetic_mean_rank": 0.8817070237320574,
        "adjusted_arithmetic_mean_rank_index": 0.11830064822392106,
        "adjusted_geometric_mean_rank_index": 0.19333587369648697,
        "adjusted_hits_at_k": -0.00032518043425503026,
        "adjusted_inverse_harmonic_mean_rank": 1.2532018734703941e-05,
        "arithmetic_mean_rank": 13595.8173828125,
        "count": 1000.0,
        "geometric_mean_rank": 9147.0546875,
        "harmonic_mean_rank": 2723.4386709201035,
        "hits_at_1": 0.0,
        "hits_at_10": 0.0,
        "hits_at_3": 0.0,
        "hits_at_5": 0.0,
        "inverse_arithmetic_mean_rank": 7.355202978942543e-05,
        "inverse_geometric_mean_rank": 0.00010932480654446408,
        "inverse_harmonic_mean_rank": 0.0003671828599181026,
        "inverse_median_rank": 7.557150820503011e-05,
        "median_absolute_deviation": 11488.68459119991,
        "median_rank": 13232.5,
        "standard_deviation": 8764.70703125,
        "variance": 76820088.0,
        "z_arithmetic_mean_rank": 6.471968827339467,
        "z_geometric_mean_rank": 6.124005400822913,
        "z_hits_at_k": -0.5702461915933936,
        "z_inverse_harmonic_mean_rank": 0.05423978485307601
      }
    },
    "head": {
      "optimistic": {
        "adjusted_arithmetic_mean_rank": 0.8612659540452752,
        "adjusted_arithmetic_mean_rank_index": 0.13874327081362514,
        "adjusted_geometric_mean_rank_index": 0.23036460395127367,
        "adjusted_hits_at_k": -0.0003337873257876306,
        "adjusted_inverse_harmonic_mean_rank": 4.928167523340828e-05,
        "arithmetic_mean_rank": 12953.57,
        "count": 500.0,
        "geometric_mean_rank": 8511.442961033916,
        "harmonic_mean_rank": 2424.754656038003,
        "hits_at_1": 0.0,
        "hits_at_10": 0.0,
        "hits_at_3": 0.0,
        "hits_at_5": 0.0,
        "inverse_arithmetic_mean_rank": 7.719879538999673e-05,
        "inverse_geometric_mean_rank": 0.00011748889166949506,
        "inverse_harmonic_mean_rank": 0.00041241285897105094,
        "inverse_median_rank": 8.191014457140517e-05,
        "median_absolute_deviation": 11077.262475564605,
        "median_rank": 12208.5,
        "standard_deviation": 8723.497953980388,
        "variance": 76099416.5531,
        "z_arithmetic_mean_rank": 5.3638272775801425,
        "z_geometric_mean_rank": 5.163615389427644,
        "z_hits_at_k": -0.40852646626616174,
        "z_inverse_harmonic_mean_rank": 0.14886905979600273
      },
      "pessimistic": {
        "adjusted_arithmetic_mean_rank": 0.8612659540452752,
        "adjusted_arithmetic_mean_rank_index": 0.13874327081362514,
        "adjusted_geometric_mean_rank_index": 0.23036460395127367,
        "adjusted_hits_at_k": -0.0003337873257876306,
        "adjusted_inverse_harmonic_mean_rank": 4.928167523340828e-05,
        "arithmetic_mean_rank": 12953.57,
        "count": 500.0,
        "geometric_mean_rank": 8511.442961033916,
        "harmonic_mean_rank": 2424.754656038003,
        "hits_at_1": 0.0,
        "hits_at_10": 0.0,
        "hits_at_3": 0.0,
        "hits_at_5": 0.0,
        "inverse_arithmetic_mean_rank": 7.719879538999673e-05,
        "inverse_geometric_mean_rank": 0.00011748889166949506,
        "inverse_harmonic_mean_rank": 0.00041241285897105094,
        "inverse_median_rank": 8.191014457140517e-05,
        "median_absolute_deviation": 11077.262475564605,
        "median_rank": 12208.5,
        "standard_deviation": 8723.497953980388,
        "variance": 76099416.5531,
        "z_arithmetic_mean_rank": 5.3638272775801425,
        "z_geometric_mean_rank": 5.163615389427644,
        "z_hits_at_k": -0.40852646626616174,
        "z_inverse_harmonic_mean_rank": 0.14886905979600273
      },
      "realistic": {
        "adjusted_arithmetic_mean_rank": 0.861265974822992,
        "adjusted_arithmetic_mean_rank_index": 0.1387432500345266,
        "adjusted_geometric_mean_rank_index": 0.2303653627597434,
        "adjusted_hits_at_k": -0.0003337873257876306,
        "adjusted_inverse_harmonic_mean_rank": 4.928164804509185e-05,
        "arithmetic_mean_rank": 12953.5703125,
        "count": 500.0,
        "geometric_mean_rank": 8511.4345703125,
        "harmonic_mean_rank": 2424.7548158319064,
        "hits_at_1": 0.0,
        "hits_at_10": 0.0,
        "hits_at_3": 0.0,
        "hits_at_5": 0.0,
        "inverse_arithmetic_mean_rank": 7.719879067735747e-05,
        "inverse_geometric_mean_rank": 0.0001174890057882294,
        "inverse_harmonic_mean_rank": 0.0004124128317926079,
        "inverse_median_rank": 8.191014785552397e-05,
        "median_absolute_deviation": 11077.262475564605,
        "median_rank": 12208.5,
        "standard_deviation": 8723.498046875,
        "variance": 76099424.0,
        "z_arithmetic_mean_rank": 5.363826474258332,
        "z_geometric_mean_rank": 5.16363239809575,
        "z_hits_at_k": -0.40852646626616174,
        "z_inverse_harmonic_mean_rank": 0.14886897766610185
      }
    },
    "tail": {
      "optimistic": {
        "adjusted_arithmetic_mean_rank": 0.9011654780614535,
        "adjusted_arithmetic_mean_rank_index": 0.09884077783800105,
        "adjusted_geometric_mean_rank_index": 0.15536688433790213,
        "adjusted_hits_at_k": -0.0003165736908288828,
        "adjusted_inverse_harmonic_mean_rank": -2.421701562319668e-05,