{
  "losses": [
    16.72361592685475,
    4.600066587036731,
    1.800459296095605
  ],
  "metrics": {
    "both": {
      "optimistic": {
        "adjusted_arithmetic_mean_rank": 0.9735204675171338,
        "adjusted_arithmetic_mean_rank_index": 0.026485007066638144,
        "adjusted_geometric_mean_rank_index": 0.026249051548649538,
        "adjusted_hits_at_k": 0.0009673186456493545,
        "adjusted_inverse_harmonic_mean_rank": -0.00014635300740061788,
        "arithmetic_mean_rank": 4709.709,
        "count": 1000.0,
        "geometric_mean_rank": 3469.3141919725285,
        "harmonic_mean_rank": 1159.9656454105614,
        "hits_at_1": 0.0,
        "hits_at_10": 0.002,
        "hits_at_3": 0.0,
        "hits_at_5": 0.0,
        "inverse_arithmetic_mean_rank": 0.00021232734336664962,
        "inverse_geometric_mean_rank": 0.00028824140584149155,
        "inverse_harmonic_mean_rank": 0.0008620944973297527,
        "inverse_median_rank": 0.0002141556911874933,
        "median_absolute_deviation": 3429.258931403457,
        "median_rank": 4669.5,
        "standard_deviation": 2759.824997408169,
        "variance": 7616634.016319,
        "z_arithmetic_mean_rank": 1.4504597813524143,
        "z_geometric_mean_rank": 0.8325944568723429,
        "z_hits_at_k": 0.9509368406820784,
        "z_inverse_harmonic_mean_rank": -0.3556411538520212
      },
      "pessimistic": {
        "adjusted_arithmetic_mean_rank": 0.973520880927163,
        "adjusted_arithmetic_mean_rank_index": 0.026484593571137305,
        "adjusted_geometric_mean_rank_index": 0.02624879991715212,
        "adjusted_hits_at_k": 0.0009673186456493545,
        "adjusted_inverse_harmonic_mean_rank": -0.00014635304081173268,
        "arithmetic_mean_rank": 4709.711,
        "count": 1000.0,
        "geometric_mean_rank": 3469.3150882356795,
        "harmonic_mean_rank": 1159.9656903205678,
        "hits_at_1": 0.0,
        "hits_at_10": 0.002,
        "hits_at_3": 0.0,
        "hits_at_5": 0.0,
        "inverse_arithmetic_mean_rank": 0.00021232725320088642,
        "inverse_geometric_mean_rank": 0.0002882413313771826,
        "inverse_harmonic_mean_rank": 0.0008620944639523263,
        "inverse_median_rank": 0.0002141556911874933,
        "median_absolute_deviation": 3429.258931403457,
        "median_rank": 4669.5,
        "standard_deviation": 2759.8271959452463,
        "variance": 7616646.151479,
        "z_arithmetic_mean_rank": 1.4504371361406427,
        "z_geometric_mean_rank": 0.8325864753653001,
        "z_hits_at_k": 0.9509368406820784,
        "z_inverse_harmonic_mean_rank": -0.3556412350417939
      },
      "realistic": {
        "adjusted_arithmetic_mean_rank": 0.9735206661477338,
        "adjusted_arithmetic_mean_rank_index": 0.026484808394971693,
        "adjusted_geometric_mean_rank_index": 0.026249800756584896,
        "adjusted_hits_at_k": 0.0009673186456493545,
        "adjusted_inverse_harmonic_mean_rank": -0.00014635298924313715,
        "arithmetic_mean_rank": 4709.7099609375,
        "count": 1000.0,
        "geometric_mean_rank": 3469.3115234375,
        "harmonic_mean_rank": 1159.965621003937,
        "hits_at_1": 0.0,
        "hits_at_10": 0.002,
        "hits_at_3": 0.0,
        "hits_at_5": 0.0,
        "inverse_arithmetic_mean_rank": 0.00021232730068732053,
        "inverse_geometric_mean_rank": 0.0002882416301872581,
        "inverse_harmonic_mean_rank": 0.0008620945154689252,
        "inverse_median_rank": 0.0002141556906281039,
        "median_absolute_deviation": 3429.258931403457,
        "median_rank": 4669.5,
        "standard_deviation": 2759.826171875,
        "variance": 7616640.0,
        "z_arithmetic_mean_rank": 1.45044890103582,
        "z_geometric_mean_rank": 0.8326182210214164,
        "z_hits_at_k": 0.9509368406820784,
        "z_inverse_harmonic_mean_rank": -0.35564110972892804
      }
    },
    "head": {
      "optimistic": {
        "adjusted_arithmetic_mean_rank": 0.9710417875798029,
        "adjusted_arithmetic_mean_rank_index": 0.02896421611311517,
        "adjusted_geometric_mean_rank_index": 0.03411038535201594,
        "adjusted_hits_at_k": 0.0009644111744449583,
        "adjusted_inverse_harmonic_mean_rank": -0.00013781957202713341,
        "arithmetic_mean_rank": 4684.694,
        "count": 500.0,
        "geometric_mean_rank": 3433.4264072433284,
        "harmonic_mean_rank": 1145.2618476829755,
        "hits_at_1": 0.0,
        "hits_at_10": 0.002,
        "hits_at_3": 0.0,
        "hits_at_5": 0.0,
        "inverse_arithmetic_mean_rank": 0.00021346111400232328,
        "inverse_geometric_mean_rank": 0.000291254240338558,
        "inverse_harmonic_mean_rank": 0.0008731627636274967,
        "inverse_median_rank": 0.0002176515398846447,
        "median_absolute_deviation": 3486.339116815923,
        "median_rank": 4594.5,
        "standard_deviation": 2762.5105336204606,
        "variance": 7631464.448364001,
        "z_arithmetic_mean_rank": 1.121619017086097,
        "z_geometric_mean_rank": 0.7656156978281992,
        "z_hits_at_k": 0.6694510810041153,
        "z_inverse_harmonic_mean_rank": -0.23648209482892835
      },
      "pessimistic": {
        "adjusted_arithmetic_mean_rank": 0.9710422021391262,
        "adjusted_arithmetic_mean_rank_index": 0.028963801467844275,
        "adjusted_geometric_mean_rank_index": 0.034110131979920966,
        "adjusted_hits_at_k": 0.0009644111744449583,
        "adjusted_inverse_harmonic_mean_rank": -0.0001378196064477521,
        "arithmetic_mean_rank": 4684.696,
        "count": 500.0,
        "geometric_mean_rank": 3433.427307637179,
        "harmonic_mean_rank": 1145.2618927842746,
        "hits_at_1": 0.0,
        "hits_at_10": 0.002,
        "hits_at_3": 0.0,
        "hits_at_5": 0.0,
        "inverse_arithmetic_mean_rank": 0.00021346102287106783,
        "inverse_geometric_mean_rank": 0.00029125416395903874,
        "inverse_harmonic_mean_rank": 0.0008731627292416717,
        "inverse_median_rank": 0.0002176515398846447,
        "median_absolute_deviation": 3486.339116815923,
        "median_rank": 4594.5,
        "standard_deviation": 2762.512663425093,
        "variance": 7631476.215584001,
        "z_arithmetic_mean_rank": 1.121602960237908,
        "z_geometric_mean_rank": 0.7656100108313701,
        "z_hits_at_k": 0.6694510810041153,
        "z_inverse_harmonic_mean_rank": -0.23648215389064164
      },
      "realistic": {
        "adjusted_arithmetic_mean_rank": 0.9710419584235864,
        "adjusted_arithmetic_mean_rank_index": 0.028964045233911828,
        "adjusted_geometric_mean_rank_index": 0.034109874492268544,
        "adjusted_hits_at_k": 0.0009644111744449583,
        "adjusted_inverse_harmonic_mean_rank": -0.00013781957525861447,
        "arithmetic_mean_rank": 4684.69482421875,
        "count": 500.0,
        "geometric_mean_rank": 3433.42822265625,
        "harmonic_mean_rank": 1145.2618519171815,
        "hits_at_1": 0.0,
        "hits_at_10": 0.002,
        "hits_at_3": 0.0,
        "hits_at_5": 0.0,
        "inverse_arithmetic_mean_rank": 0.00021346106950659305,
        "inverse_geometric_mean_rank": 0.00029125408036634326,
        "inverse_harmonic_mean_rank": 0.0008731627603992821,
        "inverse_median_rank": 0.00021765154087916017,
        "median_absolute_deviation": 3486.339116815923,
        "median_rank": 4594.5,
        "standard_deviation": 2762.51171875,
        "variance": 7631470.5,
        "z_arithmetic_mean_rank": 1.1216123999084289,
        "z_geometric_mean_rank": 0.7656042314598785,
        "z_hits_at_k": 0.6694510810041153,
        "z_inverse_harmonic_mean_rank": -0.23648210037376804
      }
    },
    "tail": {
      "optimistic": {
        "adjusted_arithmetic_mean_rank": 0.9759854420245282,
        "adjusted_arithmetic_mean_rank_index": 0.024019509202049205,
        "adjusted_geometric_mean_rank_index": 0.01929824840225247,
        "adjusted_hits_at_k": 0.0009702260999307013,