{
  "head": {
    "optimistic": {
      "adjusted_arithmetic_mean_rank_index": 0.014935522660364131,
      "count": 500.0,
      "standard_deviation": 2793.288044294752,
      "adjusted_inverse_harmonic_mean_rank": -0.00011627028968550228,
      "median_rank": 4752.0,
      "z_arithmetic_mean_rank": 0.578367672046177,
      "adjusted_arithmetic_mean_rank": 0.9850675731697206,
      "median_absolute_deviation": 3321.028969452548,
      "z_geometric_mean_rank": 0.6285677562004643,
      "inverse_geometric_mean_rank": 0.0002894251691694898,
      "arithmetic_mean_rank": 4752.36,
      "adjusted_geometric_mean_rank_index": 0.0280045046681644,
      "variance": 7802458.0984000005,
      "harmonic_mean_rank": 1117.7052454066095,
      "inverse_median_rank": 0.00021043771043771043,
      "inverse_harmonic_mean_rank": 0.00089469026302745,
      "inverse_arithmetic_mean_rank": 0.0002104217693945745,
      "z_inverse_harmonic_mean_rank": -0.1995060735334504,
      "geometric_mean_rank": 3455.1245244824986,
      "hits_at_1": 0.0,
      "hits_at_3": 0.0,
      "hits_at_5": 0.0,
      "hits_at_10": 0.002,
      "z_hits_at_k": 0.6694510810041153,
      "adjusted_hits_at_k": 0.0009644111744449583
    },
    "realistic": {
      "adjusted_arithmetic_mean_rank_index": 0.014935348541744387,
      "count": 500.0,
      "standard_deviation": 2793.2880859375,
      "adjusted_inverse_harmonic_mean_rank": -0.000116270329249087,
      "median_rank": 4752.0,
      "z_arithmetic_mean_rank": 0.5783609294243703,
      "adjusted_arithmetic_mean_rank": 0.9850677472522491,
      "median_absolute_deviation": 3321.028969452548,
      "z_geometric_mean_rank": 0.6285740049051078,
      "inverse_geometric_mean_rank": 0.00028942525386810303,
      "arithmetic_mean_rank": 4752.36083984375,
      "adjusted_geometric_mean_rank_index": 0.028004783065961103,
      "variance": 7802458.0,
      "harmonic_mean_rank": 1117.7052947820525,
      "inverse_median_rank": 0.00021043770539108664,
      "inverse_harmonic_mean_rank": 0.000894690223503858,
      "inverse_arithmetic_mean_rank": 0.0002104217273881659,
      "z_inverse_harmonic_mean_rank": -0.1995061414198851,
      "geometric_mean_rank": 3455.12353515625,
      "hits_at_1": 0.0,
      "hits_at_3": 0.0,
      "hits_at_5": 0.0,
      "hits_at_10": 0.002,
      "z_hits_at_k": 0.6694510810041153,
      "adjusted_hits_at_k": 0.0009644111744449583
    },
    "pessimistic": {
      "adjusted_arithmetic_mean_rank_index": 0.014935108015093124,
      "count": 500.0,
      "standard_deviation": 2793.2882133707576,
      "adjusted_inverse_harmonic_mean_rank": -0.00011627037013609974,
      "median_rank": 4752.0,
      "z_arithmetic_mean_rank": 0.578351615197974,
      "adjusted_arithmetic_mean_rank": 0.9850679877290441,
      "median_absolute_deviation": 3321.028969452548,
      "z_geometric_mean_rank": 0.6285590068809341,
      "inverse_geometric_mean_rank": 0.00028942505313256,
      "arithmetic_mean_rank": 4752.362,
      "adjusted_geometric_mean_rank_index": 0.02800411486076948,
      "variance": 7802459.042956,
      "harmonic_mean_rank": 1117.7053458091414,
      "inverse_median_rank": 0.00021043771043771043,
      "inverse_harmonic_mean_rank": 0.0008946901826581755,
      "inverse_arithmetic_mean_rank": 0.00021042168083996969,
      "z_inverse_harmonic_mean_rank": -0.19950621157716597,
      "geometric_mean_rank": 3455.125909718633,
      "hits_at_1": 0.0,
      "hits_at_3": 0.0,
      "hits_at_5": 0.0,
      "hits_at_10": 0.002,
      "z_hits_at_k": 0.6694510810041153,
      "adjusted_hits_at_k": 0.0009644111744449583
    }
  },
  "tail": {
    "optimistic": {
      "adjusted_arithmetic_mean_rank_index": 0.010869188722005374,
      "count": 500.0,
      "standard_deviation": 2787.556407673933,
      "adjusted_inverse_harmonic_mean_rank": -1.4939829985946129e-06,
      "median_rank": 4802.5,
      "z_arithmetic_mean_rank": 0.4209184753531261,
      "adjusted_arithmetic_mean_rank": 0.9891330517823955,
      "median_absolute_deviation": 3311.392055032262,
      "z_geometric_mean_rank": 0.3116705065903851,
      "inverse_geometric_mean_rank": 0.0002836945320180285,
      "arithmetic_mean_rank": 4798.506,
      "adjusted_geometric_mean_rank_index": 0.013885957239508584,
      "variance": 7770470.725964,
      "harmonic_mean_rank": 995.7537357623339,
      "inverse_median_rank": 0.00020822488287350338,
      "inverse_harmonic_mean_rank": 0.0010042643718875081,
      "inverse_arithmetic_mean_rank": 0.0002083981972722343,
      "z_inverse_harmonic_mean_rank": -0.0025706959452556077,
      "geometric_mean_rank": 3524.9181324948872,
      "hits_at_1": 0.0,
      "hits_at_3": 0.0,
      "hits_at_5": 0.002,
      "hits_at_10": 0.002,
      "z_hits_at_k": 0.6753863608851707,
      "adjusted_hits_at_k": 0.0009702260999307013
    },
    "realistic": {
      "adjusted_arithmetic_mean_rank_index": 0.010869217715511748,
      "count": 500.0,
      "standard_deviation": 2787.556396484375,
      "adjusted_inverse_harmonic_mean_rank": -1.4940141814931071e-06,
      "median_rank": 4802.5,
      "z_arithmetic_mean_rank": 0.42091959815105184,
      "adjusted_arithmetic_mean_rank": 0.9891330227948658,
      "median_absolute_deviation": 3311.392055032262,
      "z_geometric_mean_rank": 0.3116792021566397,
      "inverse_geometric_mean_rank": 0.00028369465144351125,
      "arithmetic_mean_rank": 4798.505859375,
      "adjusted_geometric_mean_rank_index": 0.013886344655894334,
      "variance": 7770471.0,
      "harmonic_mean_rank": 995.7537666498774,
      "inverse_median_rank": 0.00020822488295380026,
      "inverse_harmonic_mean_rank": 0.001004264340735972,
      "inverse_arithmetic_mean_rank": 0.0002083981962641701,
      "z_inverse_harmonic_mean_rank": -0.0025707496016567077,
      "geometric_mean_rank": 3524.916748046875,
      "hits_at_1": 0.0,
      "hits_at_3": 0.0,
      "hits_at_5": 0.002,
      "hits_at_10": 0.002,
      "z_hits_at_k": 0.6753863608851707,
      "adjusted_hits_at_k": 0.0009702260999307013
    },
    "pessimistic": {
      "adjusted_arithmetic_mean_rank_index": 0.010869188722005374,
      "count": 500.0,
      "standard_deviation": 2787.556407673933,
      "adjusted_inverse_harmonic_mean_rank": -1.4939829985946129e-06,
      "median_rank": 4802.5,
      "z_arithmetic_mean_rank": 0.4209184753531261,
      "adjusted_arithmetic_mean_rank": 0.9891330517823955,
      "median_absolute_deviation": 3311.392055032262,
      "z_geometric_mean_rank": 0.3116705065903851,
      "inverse_geometric_mean_rank": 0.0002836945320180285,
      "arithmetic_mean_rank": 4798.506,
      "adjusted_geometric_mean_rank_index": 0.013885957239508584,
      "variance": 7770470.725964,
      "harmonic_mean_rank": 995.7537357623339,
      "inverse_median_rank": 0.00020822488287350338,
      "inverse_harmonic_mean_rank": 0.0010042643718875081,
      "inverse_arithmetic_mean_rank": 0.0002083981972722343,
      "z_inverse_harmonic_mean_rank": -0.0025706959452556077,
      "geometric_mean_rank": 3524.9181324948872,
      "hits_at_1": 0.0,
      "hits_at_3": 0.0,
      "hits_at_5": 0.002,
      "hits_at_10": 0.002,
      "z_hits_at_k": 0.6753863608851707,
      "adjusted_hits_at_k": 0.0009702260999307013
    }
  },
  "both": {
    "optimistic": {
      "adjusted_arithmetic_mean_rank_index": 0.012896717920812262,
      "count": 1000.0,
      "standard_deviation": 2790.5190871074506,
      "adjusted_inverse_harmonic_mean_rank": -5.888199025181088e-05,
      "median_rank": 4792.0,
      "z_arithmetic_mean_rank": 0.7062928323379012,
      "adjusted_arithmetic_mean_rank": 0.9871059478954537,
      "median_absolute_deviation": 3328.441980545076,
      "z_geometric_mean_rank": 0.6497445744490413,
      "inverse_geometric_mean_rank": 0.00028654552504231727,
      "arithmetic_mean_rank": 4775.433,
      "adjusted_geometric_mean_rank_index": 0.020484377102672924,
      "variance": 7786996.775511,
      "harmonic_mean_rank": 1053.2110473979633,