{
  "head": {
    "optimistic": {
      "adjusted_inverse_harmonic_mean_rank": 0.0005310383675456846,
      "inverse_median_rank": 7.299270072992701e-05,
      "arithmetic_mean_rank": 13804.252,
      "median_rank": 13700.0,
      "inverse_harmonic_mean_rank": 0.0008910123578778676,
      "inverse_arithmetic_mean_rank": 7.244144775102627e-05,
      "variance": 77967463.316496,
      "harmonic_mean_rank": 1122.318889472767,
      "adjusted_arithmetic_mean_rank_index": 0.09036246644277723,
      "count": 500.0,
      "standard_deviation": 8829.918647218445,
      "adjusted_arithmetic_mean_rank": 0.9096434880724813,
      "z_geometric_mean_rank": 3.9417923601745457,
      "z_inverse_harmonic_mean_rank": 1.6114468094695817,
      "inverse_geometric_mean_rank": 0.00010873267248442702,
      "adjusted_geometric_mean_rank_index": 0.17585654597557798,
      "geometric_mean_rank": 9196.867667749293,
      "z_arithmetic_mean_rank": 3.493759577753714,
      "median_absolute_deviation": 10666.581661038554,
      "hits_at_1": 0.0,
      "hits_at_3": 0.0,
      "hits_at_5": 0.0,
      "hits_at_10": 0.002,
      "z_hits_at_k": 2.053118474133974,
      "adjusted_hits_at_k": 0.0016698953900345225
    },
    "realistic": {
      "adjusted_inverse_harmonic_mean_rank": 0.0005310383238934745,
      "inverse_median_rank": 7.29926978237927e-05,
      "arithmetic_mean_rank": 13804.251953125,
      "median_rank": 13700.0,
      "inverse_harmonic_mean_rank": 0.0008910123142413795,
      "inverse_arithmetic_mean_rank": 7.244144944706932e-05,
      "variance": 77967456.0,
      "harmonic_mean_rank": 1122.3189697265625,
      "adjusted_arithmetic_mean_rank_index": 0.09036246953185068,
      "count": 500.0,
      "standard_deviation": 8829.91796875,
      "adjusted_arithmetic_mean_rank": 0.9096434849836114,
      "z_geometric_mean_rank": 3.941791363160821,
      "z_inverse_harmonic_mean_rank": 1.6114466770060554,
      "inverse_geometric_mean_rank": 0.00010873266728594899,
      "adjusted_geometric_mean_rank_index": 0.17585650149545973,
      "geometric_mean_rank": 9196.8681640625,
      "z_arithmetic_mean_rank": 3.493759697189141,
      "median_absolute_deviation": 10666.58203125,
      "hits_at_1": 0.0,
      "hits_at_3": 0.0,
      "hits_at_5": 0.0,
      "hits_at_10": 0.002,
      "z_hits_at_k": 2.053118474133974,
      "adjusted_hits_at_k": 0.0016698953900345225
    },
    "pessimistic": {
      "adjusted_inverse_harmonic_mean_rank": 0.0005310383675456846,
      "inverse_median_rank": 7.299270072992701e-05,
      "arithmetic_mean_rank": 13804.252,
      "median_rank": 13700.0,
      "inverse_harmonic_mean_rank": 0.0008910123578778676,
      "inverse_arithmetic_mean_rank": 7.244144775102627e-05,
      "variance": 77967463.316496,
      "harmonic_mean_rank": 1122.318889472767,
      "adjusted_arithmetic_mean_rank_index": 0.09036246644277723,
      "count": 500.0,
      "standard_deviation": 8829.918647218445,
      "adjusted_arithmetic_mean_rank": 0.9096434880724813,
      "z_geometric_mean_rank": 3.9417923601745457,
      "z_inverse_harmonic_mean_rank": 1.6114468094695817,
      "inverse_geometric_mean_rank": 0.00010873267248442702,
      "adjusted_geometric_mean_rank_index": 0.17585654597557798,
      "geometric_mean_rank": 9196.867667749293,
      "z_arithmetic_mean_rank": 3.493759577753714,
      "median_absolute_deviation": 10666.581661038554,
      "hits_at_1": 0.0,
      "hits_at_3": 0.0,
      "hits_at_5": 0.0,
      "hits_at_10": 0.002,
      "z_hits_at_k": 2.053118474133974,
      "adjusted_hits_at_k": 0.0016698953900345225
    }
  },
  "tail": {
    "optimistic": {
      "adjusted_inverse_harmonic_mean_rank": 0.00022487787812292155,
      "inverse_median_rank": 6.93000693000693e-05,
      "arithmetic_mean_rank": 14699.738,
      "median_rank": 14430.0,
      "inverse_harmonic_mean_rank": 0.0005709530469318545,
      "inverse_arithmetic_mean_rank": 6.802842336373615e-05,
      "variance": 75456440.70935601,
      "harmonic_mean_rank": 1751.4575066614086,
      "adjusted_arithmetic_mean_rank_index": 0.0696434219376788,
      "count": 500.0,
      "standard_deviation": 8686.566681339413,
      "adjusted_arithmetic_mean_rank": 0.930360985863514,
      "z_geometric_mean_rank": 2.2286637075204965,
      "z_inverse_harmonic_mean_rank": 0.6975075213010651,
      "inverse_geometric_mean_rank": 9.540748968949992e-05,
      "adjusted_geometric_mean_rank_index": 0.09943130772712694,
      "geometric_mean_rank": 10481.357420203198,
      "z_arithmetic_mean_rank": 2.6971927717012036,
      "median_absolute_deviation": 10202.5271666463,
      "hits_at_1": 0.0,
      "hits_at_3": 0.0,
      "hits_at_5": 0.0,
      "hits_at_10": 0.002,
      "z_hits_at_k": 2.11647463062697,
      "adjusted_hits_at_k": 0.0016840679778454741
    },
    "realistic": {
      "adjusted_inverse_harmonic_mean_rank": 0.00022487789812444022,
      "inverse_median_rank": 6.930006929906085e-05,
      "arithmetic_mean_rank": 14699.73828125,
      "median_rank": 14430.0,
      "inverse_harmonic_mean_rank": 0.0005709530669264495,
      "inverse_arithmetic_mean_rank": 6.802842108299956e-05,
      "variance": 75456440.0,
      "harmonic_mean_rank": 1751.4573974609375,
      "adjusted_arithmetic_mean_rank_index": 0.06964340413596093,
      "count": 500.0,
      "standard_deviation": 8686.56640625,
      "adjusted_arithmetic_mean_rank": 0.9303610036641052,
      "z_geometric_mean_rank": 2.2286561807615897,
      "z_inverse_harmonic_mean_rank": 0.6975075833401141,
      "inverse_geometric_mean_rank": 9.540745668346062e-05,
      "adjusted_geometric_mean_rank_index": 0.09943097192254646,
      "geometric_mean_rank": 10481.361328125,
      "z_arithmetic_mean_rank": 2.6971920822654525,
      "median_absolute_deviation": 10202.52734375,
      "hits_at_1": 0.0,
      "hits_at_3": 0.0,
      "hits_at_5": 0.0,
      "hits_at_10": 0.002,
      "z_hits_at_k": 2.11647463062697,
      "adjusted_hits_at_k": 0.0016840679778454741
    },
    "pessimistic": {
      "adjusted_inverse_harmonic_mean_rank": 0.00022487787812292155,
      "inverse_median_rank": 6.93000693000693e-05,
      "arithmetic_mean_rank": 14699.738,
      "median_rank": 14430.0,
      "inverse_harmonic_mean_rank": 0.0005709530469318545,
      "inverse_arithmetic_mean_rank": 6.802842336373615e-05,
      "variance": 75456440.70935601,
      "harmonic_mean_rank": 1751.4575066614086,
      "adjusted_arithmetic_mean_rank_index": 0.0696434219376788,
      "count": 500.0,
      "standard_deviation": 8686.566681339413,
      "adjusted_arithmetic_mean_rank": 0.930360985863514,
      "z_geometric_mean_rank": 2.2286637075204965,
      "z_inverse_harmonic_mean_rank": 0.6975075213010651,
      "inverse_geometric_mean_rank": 9.540748968949992e-05,
      "adjusted_geometric_mean_rank_index": 0.09943130772712694,
      "geometric_mean_rank": 10481.357420203198,
      "z_arithmetic_mean_rank": 2.6971927717012036,
      "median_absolute_deviation": 10202.5271666463,
      "hits_at_1": 0.0,
      "hits_at_3": 0.0,
      "hits_at_5": 0.0,
      "hits_at_10": 0.002,
      "z_hits_at_k": 2.11647463062697,
      "adjusted_hits_at_k": 0.0016840679778454741
    }
  },
  "both": {
    "optimistic": {
      "adjusted_inverse_harmonic_mean_rank": 0.00037795704995677087,
      "inverse_median_rank": 7.086418878219892e-05,
      "arithmetic_mean_rank": 14251.995,
      "median_rank": 14111.5,
      "inverse_harmonic_mean_rank": 0.000730982702404861,
      "inverse_arithmetic_mean_rank": 7.016561541033378e-05,
      "variance": 76912425.80697499,
      "harmonic_mean_rank": 1368.0214274703062,
      "adjusted_arithmetic_mean_rank_index": 0.0797940432285803,
      "count": 1000.0,
      "standard_deviation": 8769.972965008215,
      "adjusted_arithmetic_mean_rank": 0.9202111088476729,
      "z_geometric_mean_rank": 4.373152517341357,
      "z_inverse_harmonic_mean_rank": 1.6396515067363517,
      "inverse_geometric_mean_rank": 0.00010185239972121297,