{
  "head": {
    "optimistic": {
      "inverse_arithmetic_mean_rank": 7.483174829712873e-05,
      "z_inverse_harmonic_mean_rank": 1.3613666531780968,
      "geometric_mean_rank": 8755.210989289913,
      "adjusted_arithmetic_mean_rank_index": 0.11149824880407155,
      "count": 500.0,
      "standard_deviation": 8711.860328463492,
      "adjusted_inverse_harmonic_mean_rank": 0.0004506673809013763,
      "median_rank": 12916.5,
      "z_arithmetic_mean_rank": 4.31053228621856,
      "adjusted_arithmetic_mean_rank": 0.888509164568893,
      "median_absolute_deviation": 10903.056714890197,
      "z_geometric_mean_rank": 4.669477962865415,
      "inverse_geometric_mean_rank": 0.0001142176928943553,
      "arithmetic_mean_rank": 13363.312,
      "adjusted_geometric_mean_rank_index": 0.2083196288742033,
      "variance": 75896510.38265601,
      "harmonic_mean_rank": 1229.02544893976,
      "inverse_median_rank": 7.742035381101692e-05,
      "inverse_harmonic_mean_rank": 0.000813652801789147,
      "hits_at_1": 0.0,
      "hits_at_3": 0.0,
      "hits_at_5": 0.0,
      "hits_at_10": 0.0,
      "z_hits_at_k": -0.40852646626616174,
      "adjusted_hits_at_k": -0.0003337873257876306
    },
    "realistic": {
      "inverse_arithmetic_mean_rank": 7.483175431843847e-05,
      "z_inverse_harmonic_mean_rank": 1.3613668825588117,
      "geometric_mean_rank": 8755.2080078125,
      "adjusted_arithmetic_mean_rank_index": 0.11149828049219668,
      "count": 500.0,
      "standard_deviation": 8711.8603515625,
      "adjusted_inverse_harmonic_mean_rank": 0.00045066745683566324,
      "median_rank": 12916.5,
      "z_arithmetic_mean_rank": 4.310533511284319,
      "adjusted_arithmetic_mean_rank": 0.8885091328828746,
      "median_absolute_deviation": 10903.056714890197,
      "z_geometric_mean_rank": 4.6694840065602605,
      "inverse_geometric_mean_rank": 0.00011421773524489254,
      "arithmetic_mean_rank": 13363.3115234375,
      "adjusted_geometric_mean_rank_index": 0.2083198985018314,
      "variance": 75896512.0,
      "harmonic_mean_rank": 1229.0253342824133,
      "inverse_median_rank": 7.742035086266696e-05,
      "inverse_harmonic_mean_rank": 0.0008136528776958585,
      "hits_at_1": 0.0,
      "hits_at_3": 0.0,
      "hits_at_5": 0.0,
      "hits_at_10": 0.0,
      "z_hits_at_k": -0.40852646626616174,
      "adjusted_hits_at_k": -0.0003337873257876306
    },
    "pessimistic": {
      "inverse_arithmetic_mean_rank": 7.483174829712873e-05,
      "z_inverse_harmonic_mean_rank": 1.3613666531780968,
      "geometric_mean_rank": 8755.210989289913,
      "adjusted_arithmetic_mean_rank_index": 0.11149824880407155,
      "count": 500.0,
      "standard_deviation": 8711.860328463492,
      "adjusted_inverse_harmonic_mean_rank": 0.0004506673809013763,
      "median_rank": 12916.5,
      "z_arithmetic_mean_rank": 4.31053228621856,
      "adjusted_arithmetic_mean_rank": 0.888509164568893,
      "median_absolute_deviation": 10903.056714890197,
      "z_geometric_mean_rank": 4.669477962865415,
      "inverse_geometric_mean_rank": 0.0001142176928943553,
      "arithmetic_mean_rank": 13363.312,
      "adjusted_geometric_mean_rank_index": 0.2083196288742033,
      "variance": 75896510.38265601,
      "harmonic_mean_rank": 1229.02544893976,
      "inverse_median_rank": 7.742035381101692e-05,
      "inverse_harmonic_mean_rank": 0.000813652801789147,
      "hits_at_1": 0.0,
      "hits_at_3": 0.0,
      "hits_at_5": 0.0,
      "hits_at_10": 0.0,
      "z_hits_at_k": -0.40852646626616174,
      "adjusted_hits_at_k": -0.0003337873257876306
    }
  },
  "tail": {
    "optimistic": {
      "inverse_arithmetic_mean_rank": 6.932461876659025e-05,
      "z_inverse_harmonic_mean_rank": 1.3373745223439455,
      "geometric_mean_rank": 10142.001666334903,
      "adjusted_arithmetic_mean_rank_index": 0.08701530786472311,
      "count": 500.0,
      "standard_deviation": 8589.438833934379,
      "adjusted_inverse_harmonic_mean_rank": 0.00043117813790032636,
      "median_rank": 14124.0,
      "z_arithmetic_mean_rank": 3.369981725317942,
      "adjusted_arithmetic_mean_rank": 0.9129901995688374,
      "median_absolute_deviation": 10714.024932030732,
      "z_geometric_mean_rank": 2.881745156956427,
      "inverse_geometric_mean_rank": 9.859986548014225e-05,
      "arithmetic_mean_rank": 14424.89,
      "adjusted_geometric_mean_rank_index": 0.12856838091318412,
      "variance": 73778459.48189999,
      "harmonic_mean_rank": 1286.686037726624,
      "inverse_median_rank": 7.080147267063155e-05,
      "inverse_harmonic_mean_rank": 0.0007771903717606558,
      "hits_at_1": 0.0,
      "hits_at_3": 0.0,
      "hits_at_5": 0.002,
      "hits_at_10": 0.002,
      "z_hits_at_k": 2.1164353794113446,
      "adjusted_hits_at_k": 0.0016840594565527747
    },
    "realistic": {
      "inverse_arithmetic_mean_rank": 6.93246183800511e-05,
      "z_inverse_harmonic_mean_rank": 1.3373745371692771,
      "geometric_mean_rank": 10142.0107421875,
      "adjusted_arithmetic_mean_rank_index": 0.08701533011747054,
      "count": 500.0,
      "standard_deviation": 8589.439453125,
      "adjusted_inverse_harmonic_mean_rank": 0.0004311781426801084,
      "median_rank": 14124.0,
      "z_arithmetic_mean_rank": 3.3699825871358655,
      "adjusted_arithmetic_mean_rank": 0.9129901773174984,
      "median_absolute_deviation": 10714.024932030732,
      "z_geometric_mean_rank": 2.8817276761569595,
      "inverse_geometric_mean_rank": 9.859977581072599e-05,
      "arithmetic_mean_rank": 14424.8896484375,
      "adjusted_geometric_mean_rank_index": 0.12856760101143638,
      "variance": 73778464.0,
      "harmonic_mean_rank": 1286.6860298161425,
      "inverse_median_rank": 7.080147042870522e-05,
      "inverse_harmonic_mean_rank": 0.0007771903765387833,
      "hits_at_1": 0.0,
      "hits_at_3": 0.0,
      "hits_at_5": 0.002,
      "hits_at_10": 0.002,
      "z_hits_at_k": 2.1164353794113446,
      "adjusted_hits_at_k": 0.0016840594565527747
    },
    "pessimistic": {
      "inverse_arithmetic_mean_rank": 6.932461876659025e-05,
      "z_inverse_harmonic_mean_rank": 1.3373745223439455,
      "geometric_mean_rank": 10142.001666334903,
      "adjusted_arithmetic_mean_rank_index": 0.08701530786472311,
      "count": 500.0,
      "standard_deviation": 8589.438833934379,
      "adjusted_inverse_harmonic_mean_rank": 0.00043117813790032636,
      "median_rank": 14124.0,
      "z_arithmetic_mean_rank": 3.369981725317942,
      "adjusted_arithmetic_mean_rank": 0.9129901995688374,
      "median_absolute_deviation": 10714.024932030732,
      "z_geometric_mean_rank": 2.881745156956427,
      "inverse_geometric_mean_rank": 9.859986548014225e-05,
      "arithmetic_mean_rank": 14424.89,
      "adjusted_geometric_mean_rank_index": 0.12856838091318412,
      "variance": 73778459.48189999,
      "harmonic_mean_rank": 1286.686037726624,
      "inverse_median_rank": 7.080147267063155e-05,
      "inverse_harmonic_mean_rank": 0.0007771903717606558,
      "hits_at_1": 0.0,
      "hits_at_3": 0.0,
      "hits_at_5": 0.002,
      "hits_at_10": 0.002,
      "z_hits_at_k": 2.1164353794113446,
      "adjusted_hits_at_k": 0.0016840594565527747
    }
  },
  "both": {
    "optimistic": {
      "inverse_arithmetic_mean_rank": 7.197299055188961e-05,
      "z_inverse_harmonic_mean_rank": 1.9083558381176011,
      "geometric_mean_rank": 9423.129227729605,
      "adjusted_arithmetic_mean_rank_index": 0.09895530032302602,
      "count": 1000.0,
      "standard_deviation": 8667.134583863284,
      "adjusted_inverse_harmonic_mean_rank": 0.000440922676602673,
      "median_rank": 13598.0,
      "z_arithmetic_mean_rank": 5.413627301334934,
      "adjusted_arithmetic_mean_rank": 0.9010511170611499,
      "median_absolute_deviation": 11041.68002232047,
      "z_geometric_mean_rank": 5.35273187032071,
      "inverse_geometric_mean_rank": 0.00010612185992921361,
      "arithmetic_mean_rank": 13894.101,
      "adjusted_geometric_mean_rank_index": 0.1689866394749462,