{
  "losses": [
    17.352457794488647,
    7.720560466541963,
    4.07301225381739
  ],
  "metrics": {
    "both": {
      "optimistic": {
        "adjusted_arithmetic_mean_rank": 0.9871059478954537,
        "adjusted_arithmetic_mean_rank_index": 0.012896717920812262,
        "adjusted_geometric_mean_rank_index": 0.020484377102672924,
        "adjusted_hits_at_k": 0.0009673186456493545,
        "adjusted_inverse_harmonic_mean_rank": -5.888199025181088e-05,
        "arithmetic_mean_rank": 4775.433,
        "count": 1000.0,
        "geometric_mean_rank": 3489.8468571523467,
        "harmonic_mean_rank": 1053.2110473979633,
        "hits_at_1": 0.0,
        "hits_at_10": 0.002,
        "hits_at_3": 0.0,
        "hits_at_5": 0.001,
        "inverse_arithmetic_mean_rank": 0.00020940509478407508,
        "inverse_geometric_mean_rank": 0.00028654552504231727,
        "inverse_harmonic_mean_rank": 0.000949477317457479,
        "inverse_median_rank": 0.00020868113522537563,
        "median_absolute_deviation": 3328.441980545076,
        "median_rank": 4792.0,
        "standard_deviation": 2790.5190871074506,
        "variance": 7786996.775511,
        "z_arithmetic_mean_rank": 0.7062928323379012,
        "z_geometric_mean_rank": 0.6497445744490413,
        "z_hits_at_k": 0.9509368406820784,
        "z_inverse_harmonic_mean_rank": -0.1430845824502618
      },
      "pessimistic": {
        "adjusted_arithmetic_mean_rank": 0.9871061546004682,
        "adjusted_arithmetic_mean_rank_index": 0.012896511173061898,
        "adjusted_geometric_mean_rank_index": 0.020484180691631382,
        "adjusted_hits_at_k": 0.0009673186456493545,
        "adjusted_inverse_harmonic_mean_rank": -5.8882030477007104e-05,
        "arithmetic_mean_rank": 4775.434,
        "count": 1000.0,
        "geometric_mean_rank": 3489.847556730821,
        "harmonic_mean_rank": 1053.211091972915,
        "hits_at_1": 0.0,
        "hits_at_10": 0.002,
        "hits_at_3": 0.0,
        "hits_at_5": 0.001,
        "inverse_arithmetic_mean_rank": 0.00020940505093359053,
        "inverse_geometric_mean_rank": 0.000286545467601103,
        "inverse_harmonic_mean_rank": 0.0009494772772728418,
        "inverse_median_rank": 0.00020868113522537563,
        "median_absolute_deviation": 3328.441980545076,
        "median_rank": 4792.0,
        "standard_deviation": 2790.519163461165,
        "variance": 7786997.201644,
        "z_arithmetic_mean_rank": 0.7062815097320154,
        "z_geometric_mean_rank": 0.6497383444812996,
        "z_hits_at_k": 0.9509368406820784,
        "z_inverse_harmonic_mean_rank": -0.14308468019840825
      },
      "realistic": {
        "adjusted_arithmetic_mean_rank": 0.9871060706265561,
        "adjusted_arithmetic_mean_rank_index": 0.0128965951643355,
        "adjusted_geometric_mean_rank_index": 0.02048470110308387,
        "adjusted_hits_at_k": 0.0009673186456493545,
        "adjusted_inverse_harmonic_mean_rank": -5.888205475824721e-05,
        "arithmetic_mean_rank": 4775.43359375,
        "count": 1000.0,
        "geometric_mean_rank": 3489.845703125,
        "harmonic_mean_rank": 1053.2111188798112,
        "hits_at_1": 0.0,
        "hits_at_10": 0.002,
        "hits_at_3": 0.0,
        "hits_at_5": 0.001,
        "inverse_arithmetic_mean_rank": 0.00020940507238265127,
        "inverse_geometric_mean_rank": 0.0002865456335712224,
        "inverse_harmonic_mean_rank": 0.0009494772530160845,
        "inverse_median_rank": 0.00020868112915195525,
        "median_absolute_deviation": 3328.441980545076,
        "median_rank": 4792.0,
        "standard_deviation": 2790.51904296875,
        "variance": 7786996.5,
        "z_arithmetic_mean_rank": 0.7062861095406561,
        "z_geometric_mean_rank": 0.6497548514278364,
        "z_hits_at_k": 0.9509368406820784,
        "z_inverse_harmonic_mean_rank": -0.14308473920237708
      }
    },
    "head": {
      "optimistic": {
        "adjusted_arithmetic_mean_rank": 0.9850675731697206,
        "adjusted_arithmetic_mean_rank_index": 0.014935522660364131,
        "adjusted_geometric_mean_rank_index": 0.0280045046681644,
        "adjusted_hits_at_k": 0.0009644111744449583,
        "adjusted_inverse_harmonic_mean_rank": -0.00011627028968550228,
        "arithmetic_mean_rank": 4752.36,
        "count": 500.0,
        "geometric_mean_rank": 3455.1245244824986,
        "harmonic_mean_rank": 1117.7052454066095,
        "hits_at_1": 0.0,
        "hits_at_10": 0.002,
        "hits_at_3": 0.0,
        "hits_at_5": 0.0,
        "inverse_arithmetic_mean_rank": 0.0002104217693945745,
        "inverse_geometric_mean_rank": 0.0002894251691694898,
        "inverse_harmonic_mean_rank": 0.00089469026302745,
        "inverse_median_rank": 0.00021043771043771043,
        "median_absolute_deviation": 3321.028969452548,
        "median_rank": 4752.0,
        "standard_deviation": 2793.288044294752,
        "variance": 7802458.0984000005,
        "z_arithmetic_mean_rank": 0.578367672046177,
        "z_geometric_mean_rank": 0.6285677562004643,
        "z_hits_at_k": 0.6694510810041153,
        "z_inverse_harmonic_mean_rank": -0.1995060735334504
      },
      "pessimistic": {
        "adjusted_arithmetic_mean_rank": 0.9850679877290441,
        "adjusted_arithmetic_mean_rank_index": 0.014935108015093124,
        "adjusted_geometric_mean_rank_index": 0.02800411486076948,
        "adjusted_hits_at_k": 0.0009644111744449583,
        "adjusted_inverse_harmonic_mean_rank": -0.00011627037013609974,
        "arithmetic_mean_rank": 4752.362,
        "count": 500.0,
        "geometric_mean_rank": 3455.125909718633,
        "harmonic_mean_rank": 1117.7053458091414,
        "hits_at_1": 0.0,
        "hits_at_10": 0.002,
        "hits_at_3": 0.0,
        "hits_at_5": 0.0,
        "inverse_arithmetic_mean_rank": 0.00021042168083996969,
        "inverse_geometric_mean_rank": 0.00028942505313256,
        "inverse_harmonic_mean_rank": 0.0008946901826581755,
        "inverse_median_rank": 0.00021043771043771043,
        "median_absolute_deviation": 3321.028969452548,
        "median_rank": 4752.0,
        "standard_deviation": 2793.2882133707576,
        "variance": 7802459.042956,
        "z_arithmetic_mean_rank": 0.578351615197974,
        "z_geometric_mean_rank": 0.6285590068809341,
        "z_hits_at_k": 0.6694510810041153,
        "z_inverse_harmonic_mean_rank": -0.19950621157716597
      },
      "realistic": {
        "adjusted_arithmetic_mean_rank": 0.9850677472522491,
        "adjusted_arithmetic_mean_rank_index": 0.014935348541744387,
        "adjusted_geometric_mean_rank_index": 0.028004783065961103,
        "adjusted_hits_at_k": 0.0009644111744449583,
        "adjusted_inverse_harmonic_mean_rank": -0.000116270329249087,
        "arithmetic_mean_rank": 4752.36083984375,
        "count": 500.0,
        "geometric_mean_rank": 3455.12353515625,
        "harmonic_mean_rank": 1117.7052947820525,
        "hits_at_1": 0.0,
        "hits_at_10": 0.002,
        "hits_at_3": 0.0,
        "hits_at_5": 0.0,
        "inverse_arithmetic_mean_rank": 0.0002104217273881659,
        "inverse_geometric_mean_rank": 0.00028942525386810303,
        "inverse_harmonic_mean_rank": 0.000894690223503858,
        "inverse_median_rank": 0.00021043770539108664,
        "median_absolute_deviation": 3321.028969452548,
        "median_rank": 4752.0,
        "standard_deviation": 2793.2880859375,
        "variance": 7802458.0,
        "z_arithmetic_mean_rank": 0.5783609294243703,
        "z_geometric_mean_rank": 0.6285740049051078,
        "z_hits_at_k": 0.6694510810041153,
        "z_inverse_harmonic_mean_rank": -0.1995061414198851
      }
    },
    "tail": {
      "optimistic": {
        "adjusted_arithmetic_mean_rank": 0.9891330517823955,
        "adjusted_arithmetic_mean_rank_index": 0.010869188722005374,
        "adjusted_geometric_mean_rank_index": 0.013885957239508584,
        "adjusted_hits_at_k": 0.0009702260999307013,