{
  "losses": [
    15.840165521584305,
    4.665166387370989,
    2.092800367112253
  ],
  "metrics": {
    "both": {
      "optimistic": {
        "adjusted_arithmetic_mean_rank": 0.9010511170611499,
        "adjusted_arithmetic_mean_rank_index": 0.09895530032302602,
        "adjusted_geometric_mean_rank_index": 0.1689866394749462,
        "adjusted_hits_at_k": 0.0006751447461792248,
        "adjusted_inverse_harmonic_mean_rank": 0.000440922676602673,
        "arithmetic_mean_rank": 13894.101,
        "count": 1000.0,
        "geometric_mean_rank": 9423.129227729605,
        "harmonic_mean_rank": 1257.1949474675155,
        "hits_at_1": 0.0,
        "hits_at_10": 0.001,
        "hits_at_3": 0.0,
        "hits_at_5": 0.001,
        "inverse_arithmetic_mean_rank": 7.197299055188961e-05,
        "inverse_geometric_mean_rank": 0.00010612185992921361,
        "inverse_harmonic_mean_rank": 0.0007954215867749014,
        "inverse_median_rank": 7.354022650389763e-05,
        "median_absolute_deviation": 11041.68002232047,
        "median_rank": 13598.0,
        "standard_deviation": 8667.134583863284,
        "variance": 75119221.89479898,
        "z_arithmetic_mean_rank": 5.413627301334934,
        "z_geometric_mean_rank": 5.35273187032071,
        "z_hits_at_k": 1.1839541366164952,
        "z_inverse_harmonic_mean_rank": 1.9083558381176011
      },
      "pessimistic": {
        "adjusted_arithmetic_mean_rank": 0.9010511170611499,
        "adjusted_arithmetic_mean_rank_index": 0.09895530032302602,
        "adjusted_geometric_mean_rank_index": 0.1689866394749462,
        "adjusted_hits_at_k": 0.0006751447461792248,
        "adjusted_inverse_harmonic_mean_rank": 0.000440922676602673,
        "arithmetic_mean_rank": 13894.101,
        "count": 1000.0,
        "geometric_mean_rank": 9423.129227729605,
        "harmonic_mean_rank": 1257.1949474675155,
        "hits_at_1": 0.0,
        "hits_at_10": 0.001,
        "hits_at_3": 0.0,
        "hits_at_5": 0.001,
        "inverse_arithmetic_mean_rank": 7.197299055188961e-05,
        "inverse_geometric_mean_rank": 0.00010612185992921361,
        "inverse_harmonic_mean_rank": 0.0007954215867749014,
        "inverse_median_rank": 7.354022650389763e-05,
        "median_absolute_deviation": 11041.68002232047,
        "median_rank": 13598.0,
        "standard_deviation": 8667.134583863284,
        "variance": 75119221.89479898,
        "z_arithmetic_mean_rank": 5.413627301334934,
        "z_geometric_mean_rank": 5.35273187032071,
        "z_hits_at_k": 1.1839541366164952,
        "z_inverse_harmonic_mean_rank": 1.9083558381176011
      },
      "realistic": {
        "adjusted_arithmetic_mean_rank": 0.9010510902086405,
        "adjusted_arithmetic_mean_rank_index": 0.09895532717727706,
        "adjusted_geometric_mean_rank_index": 0.16898718461422757,
        "adjusted_hits_at_k": 0.0006751447461792248,
        "adjusted_inverse_harmonic_mean_rank": 0.0004409226878452493,
        "arithmetic_mean_rank": 13894.1005859375,
        "count": 1000.0,
        "geometric_mean_rank": 9423.123046875,
        "harmonic_mean_rank": 1257.194929704486,
        "hits_at_1": 0.0,
        "hits_at_10": 0.001,
        "hits_at_3": 0.0,
        "hits_at_5": 0.001,
        "inverse_arithmetic_mean_rank": 7.197299419203773e-05,
        "inverse_geometric_mean_rank": 0.00010612193000270054,
        "inverse_harmonic_mean_rank": 0.0007954215980134904,
        "inverse_median_rank": 7.354022818617523e-05,
        "median_absolute_deviation": 11041.68002232047,
        "median_rank": 13598.0,
        "standard_deviation": 8667.134765625,
        "variance": 75119224.0,
        "z_arithmetic_mean_rank": 5.413628770472073,
        "z_geometric_mean_rank": 5.352749137865729,
        "z_hits_at_k": 1.1839541366164952,
        "z_inverse_harmonic_mean_rank": 1.9083558867765549
      }
    },
    "head": {
      "optimistic": {
        "adjusted_arithmetic_mean_rank": 0.888509164568893,
        "adjusted_arithmetic_mean_rank_index": 0.11149824880407155,
        "adjusted_geometric_mean_rank_index": 0.2083196288742033,
        "adjusted_hits_at_k": -0.0003337873257876306,
        "adjusted_inverse_harmonic_mean_rank": 0.0004506673809013763,
        "arithmetic_mean_rank": 13363.312,
        "count": 500.0,
        "geometric_mean_rank": 8755.210989289913,
        "harmonic_mean_rank": 1229.02544893976,
        "hits_at_1": 0.0,
        "hits_at_10": 0.0,
        "hits_at_3": 0.0,
        "hits_at_5": 0.0,
        "inverse_arithmetic_mean_rank": 7.483174829712873e-05,
        "inverse_geometric_mean_rank": 0.0001142176928943553,
        "inverse_harmonic_mean_rank": 0.000813652801789147,
        "inverse_median_rank": 7.742035381101692e-05,
        "median_absolute_deviation": 10903.056714890197,
        "median_rank": 12916.5,
        "standard_deviation": 8711.860328463492,
        "variance": 75896510.38265601,
        "z_arithmetic_mean_rank": 4.31053228621856,
        "z_geometric_mean_rank": 4.669477962865415,
        "z_hits_at_k": -0.40852646626616174,
        "z_inverse_harmonic_mean_rank": 1.3613666531780968
      },
      "pessimistic": {
        "adjusted_arithmetic_mean_rank": 0.888509164568893,
        "adjusted_arithmetic_mean_rank_index": 0.11149824880407155,
        "adjusted_geometric_mean_rank_index": 0.2083196288742033,
        "adjusted_hits_at_k": -0.0003337873257876306,
        "adjusted_inverse_harmonic_mean_rank": 0.0004506673809013763,
        "arithmetic_mean_rank": 13363.312,
        "count": 500.0,
        "geometric_mean_rank": 8755.210989289913,
        "harmonic_mean_rank": 1229.02544893976,
        "hits_at_1": 0.0,
        "hits_at_10": 0.0,
        "hits_at_3": 0.0,
        "hits_at_5": 0.0,
        "inverse_arithmetic_mean_rank": 7.483174829712873e-05,
        "inverse_geometric_mean_rank": 0.0001142176928943553,
        "inverse_harmonic_mean_rank": 0.000813652801789147,
        "inverse_median_rank": 7.742035381101692e-05,
        "median_absolute_deviation": 10903.056714890197,
        "median_rank": 12916.5,
        "standard_deviation": 8711.860328463492,
        "variance": 75896510.38265601,
        "z_arithmetic_mean_rank": 4.31053228621856,
        "z_geometric_mean_rank": 4.669477962865415,
        "z_hits_at_k": -0.40852646626616174,
        "z_inverse_harmonic_mean_rank": 1.3613666531780968
      },
      "realistic": {
        "adjusted_arithmetic_mean_rank": 0.8885091328828746,
        "adjusted_arithmetic_mean_rank_index": 0.11149828049219668,
        "adjusted_geometric_mean_rank_index": 0.2083198985018314,
        "adjusted_hits_at_k": -0.0003337873257876306,
        "adjusted_inverse_harmonic_mean_rank": 0.00045066745683566324,
        "arithmetic_mean_rank": 13363.3115234375,
        "count": 500.0,
        "geometric_mean_rank": 8755.2080078125,
        "harmonic_mean_rank": 1229.0253342824133,
        "hits_at_1": 0.0,
        "hits_at_10": 0.0,
        "hits_at_3": 0.0,
        "hits_at_5": 0.0,
        "inverse_arithmetic_mean_rank": 7.483175431843847e-05,
        "inverse_geometric_mean_rank": 0.00011421773524489254,
        "inverse_harmonic_mean_rank": 0.0008136528776958585,
        "inverse_median_rank": 7.742035086266696e-05,
        "median_absolute_deviation": 10903.056714890197,
        "median_rank": 12916.5,
        "standard_deviation": 8711.8603515625,
        "variance": 75896512.0,
        "z_arithmetic_mean_rank": 4.310533511284319,
        "z_geometric_mean_rank": 4.6694840065602605,
        "z_hits_at_k": -0.40852646626616174,
        "z_inverse_harmonic_mean_rank": 1.3613668825588117
      }
    },
    "tail": {
      "optimistic": {
        "adjusted_arithmetic_mean_rank": 0.9129901995688374,
        "adjusted_arithmetic_mean_rank_index": 0.08701530786472311,
        "adjusted_geometric_mean_rank_index": 0.12856838091318412,
        "adjusted_hits_at_k": 0.0016840594565527747,
        "adjusted_inverse_harmonic_mean_rank": 0.00043117813790032636,