{
  "head": {
    "optimistic": {
      "adjusted_arithmetic_mean_rank_index": 0.2830862047518349,
      "count": 500.0,
      "standard_deviation": 3088.4037424786293,
      "adjusted_inverse_harmonic_mean_rank": 0.0041895860094612065,
      "median_rank": 2449.0,
      "z_arithmetic_mean_rank": 10.96231534402255,
      "adjusted_arithmetic_mean_rank": 0.7169724732609237,
      "median_absolute_deviation": 3083.812614491652,
      "z_geometric_mean_rank": 12.177954917422134,
      "inverse_geometric_mean_rank": 0.0006147915236678803,
      "arithmetic_mean_rank": 3458.962,
      "adjusted_geometric_mean_rank_index": 0.5425629806325641,
      "variance": 9538237.676556002,
      "harmonic_mean_rank": 192.44854919868544,
      "inverse_median_rank": 0.0004083299305839118,
      "inverse_harmonic_mean_rank": 0.005196194017381715,
      "inverse_arithmetic_mean_rank": 0.0002891040722621411,
      "z_inverse_harmonic_mean_rank": 7.188834368084526,
      "geometric_mean_rank": 1626.567643668775,
      "hits_at_1": 0.0,
      "hits_at_3": 0.0,
      "hits_at_5": 0.008,
      "hits_at_10": 0.014,
      "z_hits_at_k": 9.007957695002933,
      "adjusted_hits_at_k": 0.012976863144291311
    },
    "realistic": {
      "adjusted_arithmetic_mean_rank_index": 0.28308576702572363,
      "count": 500.0,
      "standard_deviation": 3088.403564453125,
      "adjusted_inverse_harmonic_mean_rank": 0.004189585690550773,
      "median_rank": 2449.0,
      "z_arithmetic_mean_rank": 10.962298393384952,
      "adjusted_arithmetic_mean_rank": 0.7169729108963032,
      "median_absolute_deviation": 3083.812614491652,
      "z_geometric_mean_rank": 12.177943457836596,
      "inverse_geometric_mean_rank": 0.0006147908279672265,
      "arithmetic_mean_rank": 3458.964111328125,
      "adjusted_geometric_mean_rank_index": 0.5425624700750092,
      "variance": 9538237.0,
      "harmonic_mean_rank": 192.44856099805526,
      "inverse_median_rank": 0.0004083299427293241,
      "inverse_harmonic_mean_rank": 0.00519619369879365,
      "inverse_arithmetic_mean_rank": 0.0002891038893721998,
      "z_inverse_harmonic_mean_rank": 7.188833820871919,
      "geometric_mean_rank": 1626.5694580078125,
      "hits_at_1": 0.0,
      "hits_at_3": 0.0,
      "hits_at_5": 0.008,
      "hits_at_10": 0.014,
      "z_hits_at_k": 9.007957695002933,
      "adjusted_hits_at_k": 0.012976863144291311
    },
    "pessimistic": {
      "adjusted_arithmetic_mean_rank_index": 0.283085375461293,
      "count": 500.0,
      "standard_deviation": 3088.4034498173974,
      "adjusted_inverse_harmonic_mean_rank": 0.0041895848755567925,
      "median_rank": 2449.0,
      "z_arithmetic_mean_rank": 10.962283230326157,
      "adjusted_arithmetic_mean_rank": 0.7169733023795706,
      "median_absolute_deviation": 3083.812614491652,
      "z_geometric_mean_rank": 12.177935953097881,
      "inverse_geometric_mean_rank": 0.0006147903888090345,
      "arithmetic_mean_rank": 3458.966,
      "adjusted_geometric_mean_rank_index": 0.5425621357172756,
      "variance": 9538235.868844,
      "harmonic_mean_rank": 192.4485911520309,
      "inverse_median_rank": 0.0004083299305839118,
      "inverse_harmonic_mean_rank": 0.0051961928846235,
      "inverse_arithmetic_mean_rank": 0.0002891037379378693,
      "z_inverse_harmonic_mean_rank": 7.188832422438583,
      "geometric_mean_rank": 1626.5706461956725,
      "hits_at_1": 0.0,
      "hits_at_3": 0.0,
      "hits_at_5": 0.008,
      "hits_at_10": 0.014,
      "z_hits_at_k": 9.007957695002933,
      "adjusted_hits_at_k": 0.012976863144291311
    }
  },
  "tail": {
    "optimistic": {
      "adjusted_arithmetic_mean_rank_index": 0.5651949270796566,
      "count": 500.0,
      "standard_deviation": 3091.8803502716596,
      "adjusted_inverse_harmonic_mean_rank": 0.092515155261778,
      "median_rank": 108.5,
      "z_arithmetic_mean_rank": 21.887648937592207,
      "adjusted_arithmetic_mean_rank": 0.4349215785541958,
      "median_absolute_deviation": 159.3797384893522,
      "z_geometric_mean_rank": 21.445954851389626,
      "inverse_geometric_mean_rank": 0.006247527502056656,
      "arithmetic_mean_rank": 2109.902,
      "adjusted_geometric_mean_rank_index": 0.9554885872412923,
      "variance": 9559724.100396,
      "harmonic_mean_rank": 10.703444917861928,
      "inverse_median_rank": 0.009216589861751152,
      "inverse_harmonic_mean_rank": 0.09342786436273412,
      "inverse_arithmetic_mean_rank": 0.0004739556623956942,
      "z_inverse_harmonic_mean_rank": 159.19079047746618,
      "geometric_mean_rank": 160.06332099711523,
      "hits_at_1": 0.036,
      "hits_at_3": 0.094,
      "hits_at_5": 0.12,
      "hits_at_10": 0.2,
      "z_hits_at_k": 138.64784813218324,
      "adjusted_hits_at_k": 0.19917452993982424
    },
    "realistic": {
      "adjusted_arithmetic_mean_rank_index": 0.5651949065425896,
      "count": 500.0,
      "standard_deviation": 3091.880126953125,
      "adjusted_inverse_harmonic_mean_rank": 0.09251515759870566,
      "median_rank": 108.5,
      "z_arithmetic_mean_rank": 21.887648142277015,
      "adjusted_arithmetic_mean_rank": 0.4349215990870294,
      "median_absolute_deviation": 159.3797384893522,
      "z_geometric_mean_rank": 21.44595521604344,
      "inverse_geometric_mean_rank": 0.00624752976000309,
      "arithmetic_mean_rank": 2109.902099609375,
      "adjusted_geometric_mean_rank_index": 0.9554886034878319,
      "variance": 9559723.0,
      "harmonic_mean_rank": 10.703444650404046,
      "inverse_median_rank": 0.009216589853167534,
      "inverse_harmonic_mean_rank": 0.09342786669731139,
      "inverse_arithmetic_mean_rank": 0.0004739556461572647,
      "z_inverse_harmonic_mean_rank": 159.19079449861667,
      "geometric_mean_rank": 160.06326293945312,
      "hits_at_1": 0.036,
      "hits_at_3": 0.094,
      "hits_at_5": 0.12,
      "hits_at_10": 0.2,
      "z_hits_at_k": 138.64784813218324,
      "adjusted_hits_at_k": 0.19917452993982424
    },
    "pessimistic": {
      "adjusted_arithmetic_mean_rank_index": 0.5651949270796566,
      "count": 500.0,
      "standard_deviation": 3091.8803502716596,
      "adjusted_inverse_harmonic_mean_rank": 0.092515155261778,
      "median_rank": 108.5,
      "z_arithmetic_mean_rank": 21.887648937592207,
      "adjusted_arithmetic_mean_rank": 0.4349215785541958,
      "median_absolute_deviation": 159.3797384893522,
      "z_geometric_mean_rank": 21.445954851389626,
      "inverse_geometric_mean_rank": 0.006247527502056656,
      "arithmetic_mean_rank": 2109.902,
      "adjusted_geometric_mean_rank_index": 0.9554885872412923,
      "variance": 9559724.100396,
      "harmonic_mean_rank": 10.703444917861928,
      "inverse_median_rank": 0.009216589861751152,
      "inverse_harmonic_mean_rank": 0.09342786436273412,
      "inverse_arithmetic_mean_rank": 0.0004739556623956942,
      "z_inverse_harmonic_mean_rank": 159.19079047746618,
      "geometric_mean_rank": 160.06332099711523,
      "hits_at_1": 0.036,
      "hits_at_3": 0.094,
      "hits_at_5": 0.12,
      "hits_at_10": 0.2,
      "z_hits_at_k": 138.64784813218324,
      "adjusted_hits_at_k": 0.19917452993982424
    }
  },
  "both": {
    "optimistic": {
      "adjusted_arithmetic_mean_rank_index": 0.42453169567061944,
      "count": 1000.0,
      "standard_deviation": 3162.905564410041,
      "adjusted_inverse_harmonic_mean_rank": 0.048352483058677655,
      "median_rank": 1181.5,
      "z_arithmetic_mean_rank": 23.24961246679168,
      "adjusted_arithmetic_mean_rank": 0.5755560571597242,
      "median_absolute_deviation": 1739.833703416324,
      "z_geometric_mean_rank": 27.18400854151277,
      "inverse_geometric_mean_rank": 0.001959828296598045,
      "arithmetic_mean_rank": 2784.432,
      "adjusted_geometric_mean_rank_index": 0.8570252127134945,
      "variance": 10003971.609376,
      "harmonic_mean_rank": 20.279027580589112,
      "inverse_median_rank": 0.0008463817181548879,
      "inverse_harmonic_mean_rank": 0.04931202919005792,