{
  "head": {
    "optimistic": {
      "inverse_arithmetic_mean_rank": 0.0001374065772681154,
      "z_inverse_harmonic_mean_rank": 53.07960625728728,
      "geometric_mean_rank": 2516.4554150184445,
      "adjusted_arithmetic_mean_rank_index": 0.5161514104087392,
      "count": 500.0,
      "standard_deviation": 8070.534159299247,
      "adjusted_inverse_harmonic_mean_rank": 0.017571494847037756,
      "median_rank": 4021.0,
      "z_arithmetic_mean_rank": 19.95445976065298,
      "adjusted_arithmetic_mean_rank": 0.4838829078245291,
      "median_absolute_deviation": 5158.714419290242,
      "z_geometric_mean_rank": 17.31593798667052,
      "inverse_geometric_mean_rank": 0.00039738435023799955,
      "arithmetic_mean_rank": 7277.672,
      "adjusted_geometric_mean_rank_index": 0.7725167146475493,
      "variance": 65133521.61641601,
      "harmonic_mean_rank": 55.77785243768091,
      "inverse_median_rank": 0.0002486943546381497,
      "inverse_harmonic_mean_rank": 0.017928262855176666,
      "hits_at_1": 0.012,
      "hits_at_3": 0.016,
      "hits_at_5": 0.022,
      "hits_at_10": 0.028,
      "z_hits_at_k": 33.87246109142211,
      "adjusted_hits_at_k": 0.02767555871933442
    },
    "realistic": {
      "inverse_arithmetic_mean_rank": 0.00013740657595917583,
      "z_inverse_harmonic_mean_rank": 53.079607216221255,
      "geometric_mean_rank": 2516.455078125,
      "adjusted_arithmetic_mean_rank_index": 0.5161514187203786,
      "count": 500.0,
      "standard_deviation": 8070.5341796875,
      "adjusted_inverse_harmonic_mean_rank": 0.017571495164483655,
      "median_rank": 4021.0,
      "z_arithmetic_mean_rank": 19.9544600819817,
      "adjusted_arithmetic_mean_rank": 0.4838828995134424,
      "median_absolute_deviation": 5158.714419290242,
      "z_geometric_mean_rank": 17.315938669580667,
      "inverse_geometric_mean_rank": 0.00039738439954817295,
      "arithmetic_mean_rank": 7277.671875,
      "adjusted_geometric_mean_rank_index": 0.7725167451142502,
      "variance": 65133524.0,
      "harmonic_mean_rank": 55.7778514504118,
      "inverse_median_rank": 0.00024869435583241284,
      "inverse_harmonic_mean_rank": 0.017928263172507286,
      "hits_at_1": 0.012,
      "hits_at_3": 0.016,
      "hits_at_5": 0.022,
      "hits_at_10": 0.028,
      "z_hits_at_k": 33.87246109142211,
      "adjusted_hits_at_k": 0.02767555871933442
    },
    "pessimistic": {
      "inverse_arithmetic_mean_rank": 0.0001374065772681154,
      "z_inverse_harmonic_mean_rank": 53.07960625728728,
      "geometric_mean_rank": 2516.4554150184445,
      "adjusted_arithmetic_mean_rank_index": 0.5161514104087392,
      "count": 500.0,
      "standard_deviation": 8070.534159299247,
      "adjusted_inverse_harmonic_mean_rank": 0.017571494847037756,
      "median_rank": 4021.0,
      "z_arithmetic_mean_rank": 19.95445976065298,
      "adjusted_arithmetic_mean_rank": 0.4838829078245291,
      "median_absolute_deviation": 5158.714419290242,
      "z_geometric_mean_rank": 17.31593798667052,
      "inverse_geometric_mean_rank": 0.00039738435023799955,
      "arithmetic_mean_rank": 7277.672,
      "adjusted_geometric_mean_rank_index": 0.7725167146475493,
      "variance": 65133521.61641601,
      "harmonic_mean_rank": 55.77785243768091,
      "inverse_median_rank": 0.0002486943546381497,
      "inverse_harmonic_mean_rank": 0.017928262855176666,
      "hits_at_1": 0.012,
      "hits_at_3": 0.016,
      "hits_at_5": 0.022,
      "hits_at_10": 0.028,
      "z_hits_at_k": 33.87246109142211,
      "adjusted_hits_at_k": 0.02767555871933442
    }
  },
  "tail": {
    "optimistic": {
      "inverse_arithmetic_mean_rank": 0.0003043941734084903,
      "z_inverse_harmonic_mean_rank": 969.2038927054308,
      "geometric_mean_rank": 63.14712046194354,
      "adjusted_arithmetic_mean_rank_index": 0.7921200794171084,
      "count": 500.0,
      "standard_deviation": 6702.766086042687,
      "adjusted_inverse_harmonic_mean_rank": 0.31247756161082313,
      "median_rank": 20.5,
      "z_arithmetic_mean_rank": 30.677707835534353,
      "adjusted_arithmetic_mean_rank": 0.20793005599947997,
      "median_absolute_deviation": 28.91074326085924,
      "z_geometric_mean_rank": 22.294404549423447,
      "inverse_geometric_mean_rank": 0.01583603484505146,
      "arithmetic_mean_rank": 3285.214,
      "adjusted_geometric_mean_rank_index": 0.9946596038944043,
      "variance": 44927073.20420399,
      "harmonic_mean_rank": 3.197794234157604,
      "inverse_median_rank": 0.04878048780487805,
      "inverse_harmonic_mean_rank": 0.3127155554032795,
      "hits_at_1": 0.226,
      "hits_at_3": 0.374,
      "hits_at_5": 0.412,
      "hits_at_10": 0.46,
      "z_hits_at_k": 577.8884270103034,
      "adjusted_hits_at_k": 0.4598290502069524
    },
    "realistic": {
      "inverse_arithmetic_mean_rank": 0.0003043939941562712,
      "z_inverse_harmonic_mean_rank": 969.2040000508517,
      "geometric_mean_rank": 63.14712142944336,
      "adjusted_arithmetic_mean_rank_index": 0.7921199487440305,
      "count": 500.0,
      "standard_deviation": 6702.7705078125,
      "adjusted_inverse_harmonic_mean_rank": 0.31247759621967647,
      "median_rank": 20.5,
      "z_arithmetic_mean_rank": 30.677702774747978,
      "adjusted_arithmetic_mean_rank": 0.20793018666428717,
      "median_absolute_deviation": 28.91074326085924,
      "z_geometric_mean_rank": 22.294404547559967,
      "inverse_geometric_mean_rank": 0.01583603397011757,
      "arithmetic_mean_rank": 3285.216064453125,
      "adjusted_geometric_mean_rank_index": 0.9946596038112656,
      "variance": 44927132.0,
      "harmonic_mean_rank": 3.197793880373895,
      "inverse_median_rank": 0.04878048598766327,
      "inverse_harmonic_mean_rank": 0.3127155900001526,
      "hits_at_1": 0.226,
      "hits_at_3": 0.374,
      "hits_at_5": 0.412,
      "hits_at_10": 0.46,
      "z_hits_at_k": 577.8884270103034,
      "adjusted_hits_at_k": 0.4598290502069524
    },
    "pessimistic": {
      "inverse_arithmetic_mean_rank": 0.0003043938027856903,
      "z_inverse_harmonic_mean_rank": 969.2038926694785,
      "geometric_mean_rank": 63.147133980011375,
      "adjusted_arithmetic_mean_rank_index": 0.7921198262302933,
      "count": 500.0,
      "standard_deviation": 6702.775404746603,
      "adjusted_inverse_harmonic_mean_rank": 0.31247756159923185,
      "median_rank": 20.5,
      "z_arithmetic_mean_rank": 30.677698029961512,
      "adjusted_arithmetic_mean_rank": 0.20793030917027006,
      "median_absolute_deviation": 28.91074326085924,
      "z_geometric_mean_rank": 22.294404523386596,
      "inverse_geometric_mean_rank": 0.01583603145499114,
      "arithmetic_mean_rank": 3285.218,
      "adjusted_geometric_mean_rank_index": 0.9946596027327763,
      "variance": 44927198.126476,
      "harmonic_mean_rank": 3.197794234276094,
      "inverse_median_rank": 0.04878048780487805,
      "inverse_harmonic_mean_rank": 0.31271555539169227,
      "hits_at_1": 0.226,
      "hits_at_3": 0.374,
      "hits_at_5": 0.412,
      "hits_at_10": 0.46,
      "z_hits_at_k": 577.8884270103034,
      "adjusted_hits_at_k": 0.4598290502069524
    }
  },
  "both": {
    "optimistic": {
      "inverse_arithmetic_mean_rank": 0.00018934219303322973,
      "z_inverse_harmonic_mean_rank": 714.247484946579,
      "geometric_mean_rank": 398.6312998615134,
      "adjusted_arithmetic_mean_rank_index": 0.6575339676076364,
      "count": 1000.0,
      "standard_deviation": 7682.1369182507415,
      "adjusted_inverse_harmonic_mean_rank": 0.16502578110905003,
      "median_rank": 1589.0,
      "z_arithmetic_mean_rank": 35.97224026379398,
      "adjusted_arithmetic_mean_rank": 0.34250867435358295,
      "median_absolute_deviation": 2354.372322986896,
      "z_geometric_mean_rank": 30.564605344955048,
      "inverse_geometric_mean_rank": 0.002508583747305857,
      "arithmetic_mean_rank": 5281.443,
      "adjusted_geometric_mean_rank_index": 0.9649296974429754,
      "variance": 59015227.63075101,