{
  "head": {
    "optimistic": {
      "adjusted_inverse_harmonic_mean_rank": 0.01173827096548523,
      "inverse_median_rank": 0.00022959476523935255,
      "arithmetic_mean_rank": 7916.744,
      "median_rank": 4355.5,
      "inverse_harmonic_mean_rank": 0.01209420850006568,
      "inverse_arithmetic_mean_rank": 0.00012631455557992024,
      "variance": 72912542.966464,
      "harmonic_mean_rank": 82.68420376534515,
      "adjusted_arithmetic_mean_rank_index": 0.4783506199531542,
      "count": 500.0,
      "standard_deviation": 8538.884175726007,
      "adjusted_arithmetic_mean_rank": 0.5216809013872601,
      "z_geometric_mean_rank": 17.070070029434863,
      "z_inverse_harmonic_mean_rank": 35.62002381003725,
      "inverse_geometric_mean_rank": 0.0003757118781455084,
      "adjusted_geometric_mean_rank_index": 0.7615529385227995,
      "geometric_mean_rank": 2661.614013738242,
      "z_arithmetic_mean_rank": 18.4948698920706,
      "median_absolute_deviation": 6074.221289217451,
      "hits_at_1": 0.006,
      "hits_at_3": 0.012,
      "hits_at_5": 0.014,
      "hits_at_10": 0.024,
      "z_hits_at_k": 29.110829362067687,
      "adjusted_hits_at_k": 0.02367717224516402
    },
    "realistic": {
      "adjusted_inverse_harmonic_mean_rank": 0.011738272367913163,
      "inverse_median_rank": 0.00022959476336836815,
      "arithmetic_mean_rank": 7916.74609375,
      "median_rank": 4355.5,
      "inverse_harmonic_mean_rank": 0.012094209901988506,
      "inverse_arithmetic_mean_rank": 0.00012631452409550548,
      "variance": 72912584.0,
      "harmonic_mean_rank": 82.68419647216797,
      "adjusted_arithmetic_mean_rank_index": 0.4783504819745398,
      "count": 500.0,
      "standard_deviation": 8538.88671875,
      "adjusted_arithmetic_mean_rank": 0.5216810393567823,
      "z_geometric_mean_rank": 17.070071010446995,
      "z_inverse_harmonic_mean_rank": 35.62002806573356,
      "inverse_geometric_mean_rank": 0.00037571194116026163,
      "adjusted_geometric_mean_rank_index": 0.761552982289033,
      "geometric_mean_rank": 2661.613525390625,
      "z_arithmetic_mean_rank": 18.494864557288086,
      "median_absolute_deviation": 6074.22119140625,
      "hits_at_1": 0.006,
      "hits_at_3": 0.012,
      "hits_at_5": 0.014,
      "hits_at_10": 0.024,
      "z_hits_at_k": 29.110829362067687,
      "adjusted_hits_at_k": 0.02367717224516402
    },
    "pessimistic": {
      "adjusted_inverse_harmonic_mean_rank": 0.011738270950566931,
      "inverse_median_rank": 0.00022959476523935255,
      "arithmetic_mean_rank": 7916.748,
      "median_rank": 4355.5,
      "inverse_harmonic_mean_rank": 0.012094208485152753,
      "inverse_arithmetic_mean_rank": 0.00012631449175848467,
      "variance": 72912630.196496,
      "harmonic_mean_rank": 82.68420386730001,
      "adjusted_arithmetic_mean_rank_index": 0.4783503563522191,
      "count": 500.0,
      "standard_deviation": 8538.889283536588,
      "adjusted_arithmetic_mean_rank": 0.5216811649708248,
      "z_geometric_mean_rank": 17.07006877923508,
      "z_inverse_harmonic_mean_rank": 35.62002376476737,
      "inverse_geometric_mean_rank": 0.0003757117902950841,
      "adjusted_geometric_mean_rank_index": 0.7615528827472042,
      "geometric_mean_rank": 2661.6146360874113,
      "z_arithmetic_mean_rank": 18.494859700247293,
      "median_absolute_deviation": 6074.221289217451,
      "hits_at_1": 0.006,
      "hits_at_3": 0.012,
      "hits_at_5": 0.014,
      "hits_at_10": 0.024,
      "z_hits_at_k": 29.110829362067687,
      "adjusted_hits_at_k": 0.02367717224516402
    }
  },
  "tail": {
    "optimistic": {
      "adjusted_inverse_harmonic_mean_rank": 0.3126080749039896,
      "inverse_median_rank": 0.021052631578947368,
      "arithmetic_mean_rank": 2781.876,
      "median_rank": 47.5,
      "inverse_harmonic_mean_rank": 0.3128460176885737,
      "inverse_arithmetic_mean_rank": 0.00035946965285296685,
      "variance": 34965433.17262399,
      "harmonic_mean_rank": 3.196460697784755,
      "adjusted_arithmetic_mean_rank_index": 0.823984461837769,
      "count": 500.0,
      "standard_deviation": 5913.157631301908,
      "adjusted_arithmetic_mean_rank": 0.17606768895541194,
      "z_geometric_mean_rank": 22.274571284785864,
      "z_inverse_harmonic_mean_rank": 969.6217577515208,
      "inverse_geometric_mean_rank": 0.013615426887412343,
      "adjusted_geometric_mean_rank_index": 0.9937747648663587,
      "geometric_mean_rank": 73.44609965365936,
      "z_arithmetic_mean_rank": 31.911771027732044,
      "median_absolute_deviation": 68.94100316051049,
      "hits_at_1": 0.26,
      "hits_at_3": 0.336,
      "hits_at_5": 0.364,
      "hits_at_10": 0.394,
      "z_hits_at_k": 494.92359818645485,
      "adjusted_hits_at_k": 0.3938081615176096
    },
    "realistic": {
      "adjusted_inverse_harmonic_mean_rank": 0.31260806217393056,
      "inverse_median_rank": 0.021052632480859756,
      "arithmetic_mean_rank": 2781.8759765625,
      "median_rank": 47.5,
      "inverse_harmonic_mean_rank": 0.31284600496292114,
      "inverse_arithmetic_mean_rank": 0.00035946964635513723,
      "variance": 34965436.0,
      "harmonic_mean_rank": 3.196460723876953,
      "adjusted_arithmetic_mean_rank_index": 0.8239844633212454,
      "count": 500.0,
      "standard_deviation": 5913.15771484375,
      "adjusted_arithmetic_mean_rank": 0.17606768747202933,
      "z_geometric_mean_rank": 22.27457130203423,
      "z_inverse_harmonic_mean_rank": 969.6217182664811,
      "inverse_geometric_mean_rank": 0.01361542847007513,
      "adjusted_geometric_mean_rank_index": 0.9937747656358906,
      "geometric_mean_rank": 73.44609069824219,
      "z_arithmetic_mean_rank": 31.911771085185023,
      "median_absolute_deviation": 68.94100189208984,
      "hits_at_1": 0.26,
      "hits_at_3": 0.336,
      "hits_at_5": 0.364,
      "hits_at_10": 0.394,
      "z_hits_at_k": 494.92359818645485,
      "adjusted_hits_at_k": 0.3938081615176096
    },
    "pessimistic": {
      "adjusted_inverse_harmonic_mean_rank": 0.3126080749039896,
      "inverse_median_rank": 0.021052631578947368,
      "arithmetic_mean_rank": 2781.876,
      "median_rank": 47.5,
      "inverse_harmonic_mean_rank": 0.3128460176885737,
      "inverse_arithmetic_mean_rank": 0.00035946965285296685,
      "variance": 34965433.17262399,
      "harmonic_mean_rank": 3.196460697784755,
      "adjusted_arithmetic_mean_rank_index": 0.823984461837769,
      "count": 500.0,
      "standard_deviation": 5913.157631301908,
      "adjusted_arithmetic_mean_rank": 0.17606768895541194,
      "z_geometric_mean_rank": 22.274571284785864,
      "z_inverse_harmonic_mean_rank": 969.6217577515208,
      "inverse_geometric_mean_rank": 0.013615426887412343,
      "adjusted_geometric_mean_rank_index": 0.9937747648663587,
      "geometric_mean_rank": 73.44609965365936,
      "z_arithmetic_mean_rank": 31.911771027732044,
      "median_absolute_deviation": 68.94100316051049,
      "hits_at_1": 0.26,
      "hits_at_3": 0.336,
      "hits_at_5": 0.364,
      "hits_at_10": 0.394,
      "z_hits_at_k": 494.92359818645485,
      "adjusted_hits_at_k": 0.3938081615176096
    }
  },
  "both": {
    "optimistic": {
      "adjusted_inverse_harmonic_mean_rank": 0.16217422727213213,
      "inverse_median_rank": 0.0007109847138286527,
      "arithmetic_mean_rank": 5349.31,
      "median_rank": 1406.5,
      "inverse_harmonic_mean_rank": 0.1624701130943197,
      "inverse_arithmetic_mean_rank": 0.00018693999786888402,
      "variance": 60530705.413899995,
      "harmonic_mean_rank": 6.154978173859363,
      "adjusted_arithmetic_mean_rank_index": 0.6546524140482716,
      "count": 1000.0,
      "standard_deviation": 7780.148161436258,
      "adjusted_arithmetic_mean_rank": 0.34538985501117175,
      "z_geometric_mean_rank": 30.448528451992274,
      "z_inverse_harmonic_mean_rank": 703.5434743999842,
      "inverse_geometric_mean_rank": 0.002261742162056177,
      "adjusted_geometric_mean_rank_index": 0.961268416883315,