{
  "losses": [
    1.222921491837969,
    0.9235974445062525,
    0.8427863401525161
  ],
  "metrics": {
    "both": {
      "optimistic": {
        "adjusted_arithmetic_mean_rank": 0.5755560571597242,
        "adjusted_arithmetic_mean_rank_index": 0.42453169567061944,
        "adjusted_geometric_mean_rank_index": 0.8570252127134945,
        "adjusted_hits_at_k": 0.10607596748553592,
        "adjusted_inverse_harmonic_mean_rank": 0.048352483058677655,
        "arithmetic_mean_rank": 2784.432,
        "count": 1000.0,
        "geometric_mean_rank": 510.24878135285803,
        "harmonic_mean_rank": 20.279027580589112,
        "hits_at_1": 0.018,
        "hits_at_10": 0.107,
        "hits_at_3": 0.047,
        "hits_at_5": 0.064,
        "inverse_arithmetic_mean_rank": 0.00035913967372878925,
        "inverse_geometric_mean_rank": 0.001959828296598045,
        "inverse_harmonic_mean_rank": 0.04931202919005792,
        "inverse_median_rank": 0.0008463817181548879,
        "median_absolute_deviation": 1739.833703416324,
        "median_rank": 1181.5,
        "standard_deviation": 3162.905564410041,
        "variance": 10003971.609376,
        "z_arithmetic_mean_rank": 23.24961246679168,
        "z_geometric_mean_rank": 27.18400854151277,
        "z_hits_at_k": 104.27954205852822,
        "z_inverse_harmonic_mean_rank": 117.49763924923504
      },
      "pessimistic": {
        "adjusted_arithmetic_mean_rank": 0.5755564705697536,
        "adjusted_arithmetic_mean_rank_index": 0.4245312821751186,
        "adjusted_geometric_mean_rank_index": 0.85702508049384,
        "adjusted_hits_at_k": 0.10607596748553592,
        "adjusted_inverse_harmonic_mean_rank": 0.048352482491726884,
        "arithmetic_mean_rank": 2784.434,
        "count": 1000.0,
        "geometric_mean_rank": 510.24925229391886,
        "harmonic_mean_rank": 20.27902781350627,
        "hits_at_1": 0.018,
        "hits_at_10": 0.107,
        "hits_at_3": 0.047,
        "hits_at_5": 0.064,
        "inverse_arithmetic_mean_rank": 0.000359139415766364,
        "inverse_geometric_mean_rank": 0.001959826487749501,
        "inverse_harmonic_mean_rank": 0.04931202862367881,
        "inverse_median_rank": 0.0008463817181548879,
        "median_absolute_deviation": 1739.833703416324,
        "median_rank": 1181.5,
        "standard_deviation": 3162.905848052389,
        "variance": 10003973.403644001,
        "z_arithmetic_mean_rank": 23.24958982157991,
        "z_geometric_mean_rank": 27.184004347633564,
        "z_hits_at_k": 104.27954205852822,
        "z_inverse_harmonic_mean_rank": 117.49763787153171
      },
      "realistic": {
        "adjusted_arithmetic_mean_rank": 0.5755562856656584,
        "adjusted_arithmetic_mean_rank_index": 0.4245314671174423,
        "adjusted_geometric_mean_rank_index": 0.8570250504986993,
        "adjusted_hits_at_k": 0.10607596748553592,
        "adjusted_inverse_harmonic_mean_rank": 0.048352479173311126,
        "arithmetic_mean_rank": 2784.43310546875,
        "count": 1000.0,
        "geometric_mean_rank": 510.2493591308594,
        "harmonic_mean_rank": 20.27902917679225,
        "hits_at_1": 0.018,
        "hits_at_10": 0.107,
        "hits_at_3": 0.047,
        "hits_at_5": 0.064,
        "inverse_arithmetic_mean_rank": 0.0003591395216062665,
        "inverse_geometric_mean_rank": 0.001959826098755002,
        "inverse_harmonic_mean_rank": 0.04931202530860901,
        "inverse_median_rank": 0.0008463817066513002,
        "median_absolute_deviation": 1739.833703416324,
        "median_rank": 1181.5,
        "standard_deviation": 3162.905517578125,
        "variance": 10003972.0,
        "z_arithmetic_mean_rank": 23.249599950004708,
        "z_geometric_mean_rank": 27.18400339621679,
        "z_hits_at_k": 104.27954205852822,
        "z_inverse_harmonic_mean_rank": 117.49762980770555
      }
    },
    "head": {
      "optimistic": {
        "adjusted_arithmetic_mean_rank": 0.7169724732609237,
        "adjusted_arithmetic_mean_rank_index": 0.2830862047518349,
        "adjusted_geometric_mean_rank_index": 0.5425629806325641,
        "adjusted_hits_at_k": 0.012976863144291311,
        "adjusted_inverse_harmonic_mean_rank": 0.0041895860094612065,
        "arithmetic_mean_rank": 3458.962,
        "count": 500.0,
        "geometric_mean_rank": 1626.567643668775,
        "harmonic_mean_rank": 192.44854919868544,
        "hits_at_1": 0.0,
        "hits_at_10": 0.014,
        "hits_at_3": 0.0,
        "hits_at_5": 0.008,
        "inverse_arithmetic_mean_rank": 0.0002891040722621411,
        "inverse_geometric_mean_rank": 0.0006147915236678803,
        "inverse_harmonic_mean_rank": 0.005196194017381715,
        "inverse_median_rank": 0.0004083299305839118,
        "median_absolute_deviation": 3083.812614491652,
        "median_rank": 2449.0,
        "standard_deviation": 3088.4037424786293,
        "variance": 9538237.676556002,
        "z_arithmetic_mean_rank": 10.96231534402255,
        "z_geometric_mean_rank": 12.177954917422134,
        "z_hits_at_k": 9.007957695002933,
        "z_inverse_harmonic_mean_rank": 7.188834368084526
      },
      "pessimistic": {
        "adjusted_arithmetic_mean_rank": 0.7169733023795706,
        "adjusted_arithmetic_mean_rank_index": 0.283085375461293,
        "adjusted_geometric_mean_rank_index": 0.5425621357172756,
        "adjusted_hits_at_k": 0.012976863144291311,
        "adjusted_inverse_harmonic_mean_rank": 0.0041895848755567925,
        "arithmetic_mean_rank": 3458.966,
        "count": 500.0,
        "geometric_mean_rank": 1626.5706461956725,
        "harmonic_mean_rank": 192.4485911520309,
        "hits_at_1": 0.0,
        "hits_at_10": 0.014,
        "hits_at_3": 0.0,
        "hits_at_5": 0.008,
        "inverse_arithmetic_mean_rank": 0.0002891037379378693,
        "inverse_geometric_mean_rank": 0.0006147903888090345,
        "inverse_harmonic_mean_rank": 0.0051961928846235,
        "inverse_median_rank": 0.0004083299305839118,
        "median_absolute_deviation": 3083.812614491652,
        "median_rank": 2449.0,
        "standard_deviation": 3088.4034498173974,
        "variance": 9538235.868844,
        "z_arithmetic_mean_rank": 10.962283230326157,
        "z_geometric_mean_rank": 12.177935953097881,
        "z_hits_at_k": 9.007957695002933,
        "z_inverse_harmonic_mean_rank": 7.188832422438583
      },
      "realistic": {
        "adjusted_arithmetic_mean_rank": 0.7169729108963032,
        "adjusted_arithmetic_mean_rank_index": 0.28308576702572363,
        "adjusted_geometric_mean_rank_index": 0.5425624700750092,
        "adjusted_hits_at_k": 0.012976863144291311,
        "adjusted_inverse_harmonic_mean_rank": 0.004189585690550773,
        "arithmetic_mean_rank": 3458.964111328125,
        "count": 500.0,
        "geometric_mean_rank": 1626.5694580078125,
        "harmonic_mean_rank": 192.44856099805526,
        "hits_at_1": 0.0,
        "hits_at_10": 0.014,
        "hits_at_3": 0.0,
        "hits_at_5": 0.008,
        "inverse_arithmetic_mean_rank": 0.0002891038893721998,
        "inverse_geometric_mean_rank": 0.0006147908279672265,
        "inverse_harmonic_mean_rank": 0.00519619369879365,
        "inverse_median_rank": 0.0004083299427293241,
        "median_absolute_deviation": 3083.812614491652,
        "median_rank": 2449.0,
        "standard_deviation": 3088.403564453125,
        "variance": 9538237.0,
        "z_arithmetic_mean_rank": 10.962298393384952,
        "z_geometric_mean_rank": 12.177943457836596,
        "z_hits_at_k": 9.007957695002933,
        "z_inverse_harmonic_mean_rank": 7.188833820871919
      }
    },
    "tail": {
      "optimistic": {
        "adjusted_arithmetic_mean_rank": 0.4349215785541958,
        "adjusted_arithmetic_mean_rank_index": 0.5651949270796566,
        "adjusted_geometric_mean_rank_index": 0.9554885872412923,
        "adjusted_hits_at_k": 0.19917452993982424,
        "adjusted_inverse_harmonic_mean_rank": 0.092515155261778,
        "arithmetic_mean_rank": 2109.902,