{
  "losses": [
    1.1868326675658132,
    0.8455033243871203,
    0.7796257629114038
  ],
  "metrics": {
    "both": {
      "optimistic": {
        "adjusted_arithmetic_mean_rank": 0.34250867435358295,
        "adjusted_arithmetic_mean_rank_index": 0.6575339676076364,
        "adjusted_geometric_mean_rank_index": 0.9649296974429754,
        "adjusted_hits_at_k": 0.24375416359170318,
        "adjusted_inverse_harmonic_mean_rank": 0.16502578110905003,
        "arithmetic_mean_rank": 5281.443,
        "count": 1000.0,
        "geometric_mean_rank": 398.6312998615134,
        "harmonic_mean_rank": 6.048805057158665,
        "hits_at_1": 0.119,
        "hits_at_10": 0.244,
        "hits_at_3": 0.195,
        "hits_at_5": 0.217,
        "inverse_arithmetic_mean_rank": 0.00018934219303322973,
        "inverse_geometric_mean_rank": 0.002508583747305857,
        "inverse_harmonic_mean_rank": 0.16532190912922806,
        "inverse_median_rank": 0.0006293266205160479,
        "median_absolute_deviation": 2354.372322986896,
        "median_rank": 1589.0,
        "standard_deviation": 7682.1369182507415,
        "variance": 59015227.63075101,
        "z_arithmetic_mean_rank": 35.97224026379398,
        "z_geometric_mean_rank": 30.564605344955048,
        "z_hits_at_k": 427.45463389161944,
        "z_inverse_harmonic_mean_rank": 714.247484946579
      },
      "pessimistic": {
        "adjusted_arithmetic_mean_rank": 0.34250880405627,
        "adjusted_arithmetic_mean_rank_index": 0.6575338378965374,
        "adjusted_geometric_mean_rank_index": 0.9649296936797399,
        "adjusted_hits_at_k": 0.24375416359170318,
        "adjusted_inverse_harmonic_mean_rank": 0.1650257811032544,
        "arithmetic_mean_rank": 5281.445,
        "count": 1000.0,
        "geometric_mean_rank": 398.63134252952904,
        "harmonic_mean_rank": 6.048805057370641,
        "hits_at_1": 0.119,
        "hits_at_10": 0.244,
        "hits_at_3": 0.195,
        "hits_at_5": 0.217,
        "inverse_arithmetic_mean_rank": 0.00018934212133232478,
        "inverse_geometric_mean_rank": 0.0025085834787963866,
        "inverse_harmonic_mean_rank": 0.16532190912343447,
        "inverse_median_rank": 0.0006293266205160479,
        "median_absolute_deviation": 2354.372322986896,
        "median_rank": 1589.0,
        "standard_deviation": 7682.140463892534,
        "variance": 59015282.106975,
        "z_arithmetic_mean_rank": 35.972233167584434,
        "z_geometric_mean_rank": 30.564605225752782,
        "z_hits_at_k": 427.45463389161944,
        "z_inverse_harmonic_mean_rank": 714.2474849214949
      },
      "realistic": {
        "adjusted_arithmetic_mean_rank": 0.3425087293252296,
        "adjusted_arithmetic_mean_rank_index": 0.6575339126324246,
        "adjusted_geometric_mean_rank_index": 0.9649296905359824,
        "adjusted_hits_at_k": 0.24375416359170318,
        "adjusted_inverse_harmonic_mean_rank": 0.16502578832416245,
        "arithmetic_mean_rank": 5281.44384765625,
        "count": 1000.0,
        "geometric_mean_rank": 398.6313781738281,
        "harmonic_mean_rank": 6.04880479326546,
        "hits_at_1": 0.119,
        "hits_at_10": 0.244,
        "hits_at_3": 0.195,
        "hits_at_5": 0.217,
        "inverse_arithmetic_mean_rank": 0.00018934215768240392,
        "inverse_geometric_mean_rank": 0.0025085832457989454,
        "inverse_harmonic_mean_rank": 0.16532191634178162,
        "inverse_median_rank": 0.0006293266196735203,
        "median_absolute_deviation": 2354.372322986896,
        "median_rank": 1589.0,
        "standard_deviation": 7682.13916015625,
        "variance": 59015260.0,
        "z_arithmetic_mean_rank": 35.972237256220794,
        "z_geometric_mean_rank": 30.564605126172776,
        "z_hits_at_k": 427.45463389161944,
        "z_inverse_harmonic_mean_rank": 714.247516174281
      }
    },
    "head": {
      "optimistic": {
        "adjusted_arithmetic_mean_rank": 0.4838829078245291,
        "adjusted_arithmetic_mean_rank_index": 0.5161514104087392,
        "adjusted_geometric_mean_rank_index": 0.7725167146475493,
        "adjusted_hits_at_k": 0.02767555871933442,
        "adjusted_inverse_harmonic_mean_rank": 0.017571494847037756,
        "arithmetic_mean_rank": 7277.672,
        "count": 500.0,
        "geometric_mean_rank": 2516.4554150184445,
        "harmonic_mean_rank": 55.77785243768091,
        "hits_at_1": 0.012,
        "hits_at_10": 0.028,
        "hits_at_3": 0.016,
        "hits_at_5": 0.022,
        "inverse_arithmetic_mean_rank": 0.0001374065772681154,
        "inverse_geometric_mean_rank": 0.00039738435023799955,
        "inverse_harmonic_mean_rank": 0.017928262855176666,
        "inverse_median_rank": 0.0002486943546381497,
        "median_absolute_deviation": 5158.714419290242,
        "median_rank": 4021.0,
        "standard_deviation": 8070.534159299247,
        "variance": 65133521.61641601,
        "z_arithmetic_mean_rank": 19.95445976065298,
        "z_geometric_mean_rank": 17.31593798667052,
        "z_hits_at_k": 33.87246109142211,
        "z_inverse_harmonic_mean_rank": 53.07960625728728
      },
      "pessimistic": {
        "adjusted_arithmetic_mean_rank": 0.4838829078245291,
        "adjusted_arithmetic_mean_rank_index": 0.5161514104087392,
        "adjusted_geometric_mean_rank_index": 0.7725167146475493,
        "adjusted_hits_at_k": 0.02767555871933442,
        "adjusted_inverse_harmonic_mean_rank": 0.017571494847037756,
        "arithmetic_mean_rank": 7277.672,
        "count": 500.0,
        "geometric_mean_rank": 2516.4554150184445,
        "harmonic_mean_rank": 55.77785243768091,
        "hits_at_1": 0.012,
        "hits_at_10": 0.028,
        "hits_at_3": 0.016,
        "hits_at_5": 0.022,
        "inverse_arithmetic_mean_rank": 0.0001374065772681154,
        "inverse_geometric_mean_rank": 0.00039738435023799955,
        "inverse_harmonic_mean_rank": 0.017928262855176666,
        "inverse_median_rank": 0.0002486943546381497,
        "median_absolute_deviation": 5158.714419290242,
        "median_rank": 4021.0,
        "standard_deviation": 8070.534159299247,
        "variance": 65133521.61641601,
        "z_arithmetic_mean_rank": 19.95445976065298,
        "z_geometric_mean_rank": 17.31593798667052,
        "z_hits_at_k": 33.87246109142211,
        "z_inverse_harmonic_mean_rank": 53.07960625728728
      },
      "realistic": {
        "adjusted_arithmetic_mean_rank": 0.4838828995134424,
        "adjusted_arithmetic_mean_rank_index": 0.5161514187203786,
        "adjusted_geometric_mean_rank_index": 0.7725167451142502,
        "adjusted_hits_at_k": 0.02767555871933442,
        "adjusted_inverse_harmonic_mean_rank": 0.017571495164483655,
        "arithmetic_mean_rank": 7277.671875,
        "count": 500.0,
        "geometric_mean_rank": 2516.455078125,
        "harmonic_mean_rank": 55.7778514504118,
        "hits_at_1": 0.012,
        "hits_at_10": 0.028,
        "hits_at_3": 0.016,
        "hits_at_5": 0.022,
        "inverse_arithmetic_mean_rank": 0.00013740657595917583,
        "inverse_geometric_mean_rank": 0.00039738439954817295,
        "inverse_harmonic_mean_rank": 0.017928263172507286,
        "inverse_median_rank": 0.00024869435583241284,
        "median_absolute_deviation": 5158.714419290242,
        "median_rank": 4021.0,
        "standard_deviation": 8070.5341796875,
        "variance": 65133524.0,
        "z_arithmetic_mean_rank": 19.9544600819817,
        "z_geometric_mean_rank": 17.315938669580667,
        "z_hits_at_k": 33.87246109142211,
        "z_inverse_harmonic_mean_rank": 53.079607216221255
      }
    },
    "tail": {
      "optimistic": {
        "adjusted_arithmetic_mean_rank": 0.20793005599947997,
        "adjusted_arithmetic_mean_rank_index": 0.7921200794171084,
        "adjusted_geometric_mean_rank_index": 0.9946596038944043,
        "adjusted_hits_at_k": 0.4598290502069524,
        "adjusted_inverse_harmonic_mean_rank": 0.31247756161082313,
        "arithmetic_mean_rank": 3285.214,