{
  "losses": [
    1.1834409485260646,
    0.8517601335165548,
    0.7810909885401819
  ],
  "metrics": {
    "both": {
      "optimistic": {
        "adjusted_arithmetic_mean_rank": 0.34538985501117175,
        "adjusted_arithmetic_mean_rank_index": 0.6546524140482716,
        "adjusted_geometric_mean_rank_index": 0.961268416883315,
        "adjusted_hits_at_k": 0.2087439805128094,
        "adjusted_inverse_harmonic_mean_rank": 0.16217422727213213,
        "arithmetic_mean_rank": 5349.31,
        "count": 1000.0,
        "geometric_mean_rank": 442.1370467316611,
        "harmonic_mean_rank": 6.154978173859363,
        "hits_at_1": 0.133,
        "hits_at_10": 0.209,
        "hits_at_3": 0.174,
        "hits_at_5": 0.189,
        "inverse_arithmetic_mean_rank": 0.00018693999786888402,
        "inverse_geometric_mean_rank": 0.002261742162056177,
        "inverse_harmonic_mean_rank": 0.1624701130943197,
        "inverse_median_rank": 0.0007109847138286527,
        "median_absolute_deviation": 2083.7974181096233,
        "median_rank": 1406.5,
        "standard_deviation": 7780.148161436258,
        "variance": 60530705.413899995,
        "z_arithmetic_mean_rank": 35.819560426294615,
        "z_geometric_mean_rank": 30.448528451992274,
        "z_hits_at_k": 366.91533311946074,
        "z_inverse_harmonic_mean_rank": 703.5434743999842
      },
      "pessimistic": {
        "adjusted_arithmetic_mean_rank": 0.34538998414552924,
        "adjusted_arithmetic_mean_rank_index": 0.6546522849055757,
        "adjusted_geometric_mean_rank_index": 0.961268412344864,
        "adjusted_hits_at_k": 0.2087439805128094,
        "adjusted_inverse_harmonic_mean_rank": 0.162174227264673,
        "arithmetic_mean_rank": 5349.312,
        "count": 1000.0,
        "geometric_mean_rank": 442.13709842277916,
        "harmonic_mean_rank": 6.154978174141842,
        "hits_at_1": 0.133,
        "hits_at_10": 0.209,
        "hits_at_3": 0.174,
        "hits_at_5": 0.189,
        "inverse_arithmetic_mean_rank": 0.00018693992797578455,
        "inverse_geometric_mean_rank": 0.0022617418976314508,
        "inverse_harmonic_mean_rank": 0.1624701130868632,
        "inverse_median_rank": 0.0007109847138286527,
        "median_absolute_deviation": 2083.7974181096233,
        "median_rank": 1406.5,
        "standard_deviation": 7780.151624400131,
        "variance": 60530759.29865601,
        "z_arithmetic_mean_rank": 35.81955336020198,
        "z_geometric_mean_rank": 30.448528308235183,
        "z_hits_at_k": 366.91533311946074,
        "z_inverse_harmonic_mean_rank": 703.5434743676251
      },
      "realistic": {
        "adjusted_arithmetic_mean_rank": 0.34538992184829037,
        "adjusted_arithmetic_mean_rank_index": 0.6546523472068372,
        "adjusted_geometric_mean_rank_index": 0.9612684162062323,
        "adjusted_hits_at_k": 0.2087439805128094,
        "adjusted_inverse_harmonic_mean_rank": 0.16217421648418323,
        "arithmetic_mean_rank": 5349.31103515625,
        "count": 1000.0,
        "geometric_mean_rank": 442.1370544433594,
        "harmonic_mean_rank": 6.1549787521362305,
        "hits_at_1": 0.133,
        "hits_at_10": 0.209,
        "hits_at_3": 0.174,
        "hits_at_5": 0.189,
        "inverse_arithmetic_mean_rank": 0.00018693995662033558,
        "inverse_geometric_mean_rank": 0.002261742018163204,
        "inverse_harmonic_mean_rank": 0.16247010231018066,
        "inverse_median_rank": 0.0007109846919775009,
        "median_absolute_deviation": 2083.79736328125,
        "median_rank": 1406.5,
        "standard_deviation": 7780.14990234375,
        "variance": 60530732.0,
        "z_arithmetic_mean_rank": 35.819556769039636,
        "z_geometric_mean_rank": 30.44852843054543,
        "z_hits_at_k": 366.91533311946074,
        "z_inverse_harmonic_mean_rank": 703.5434275997548
      }
    },
    "head": {
      "optimistic": {
        "adjusted_arithmetic_mean_rank": 0.5216809013872601,
        "adjusted_arithmetic_mean_rank_index": 0.4783506199531542,
        "adjusted_geometric_mean_rank_index": 0.7615529385227995,
        "adjusted_hits_at_k": 0.02367717224516402,
        "adjusted_inverse_harmonic_mean_rank": 0.01173827096548523,
        "arithmetic_mean_rank": 7916.744,
        "count": 500.0,
        "geometric_mean_rank": 2661.614013738242,
        "harmonic_mean_rank": 82.68420376534515,
        "hits_at_1": 0.006,
        "hits_at_10": 0.024,
        "hits_at_3": 0.012,
        "hits_at_5": 0.014,
        "inverse_arithmetic_mean_rank": 0.00012631455557992024,
        "inverse_geometric_mean_rank": 0.0003757118781455084,
        "inverse_harmonic_mean_rank": 0.01209420850006568,
        "inverse_median_rank": 0.00022959476523935255,
        "median_absolute_deviation": 6074.221289217451,
        "median_rank": 4355.5,
        "standard_deviation": 8538.884175726007,
        "variance": 72912542.966464,
        "z_arithmetic_mean_rank": 18.4948698920706,
        "z_geometric_mean_rank": 17.070070029434863,
        "z_hits_at_k": 29.110829362067687,
        "z_inverse_harmonic_mean_rank": 35.62002381003725
      },
      "pessimistic": {
        "adjusted_arithmetic_mean_rank": 0.5216811649708248,
        "adjusted_arithmetic_mean_rank_index": 0.4783503563522191,
        "adjusted_geometric_mean_rank_index": 0.7615528827472042,
        "adjusted_hits_at_k": 0.02367717224516402,
        "adjusted_inverse_harmonic_mean_rank": 0.011738270950566931,
        "arithmetic_mean_rank": 7916.748,
        "count": 500.0,
        "geometric_mean_rank": 2661.6146360874113,
        "harmonic_mean_rank": 82.68420386730001,
        "hits_at_1": 0.006,
        "hits_at_10": 0.024,
        "hits_at_3": 0.012,
        "hits_at_5": 0.014,
        "inverse_arithmetic_mean_rank": 0.00012631449175848467,
        "inverse_geometric_mean_rank": 0.0003757117902950841,
        "inverse_harmonic_mean_rank": 0.012094208485152753,
        "inverse_median_rank": 0.00022959476523935255,
        "median_absolute_deviation": 6074.221289217451,
        "median_rank": 4355.5,
        "standard_deviation": 8538.889283536588,
        "variance": 72912630.196496,
        "z_arithmetic_mean_rank": 18.494859700247293,
        "z_geometric_mean_rank": 17.07006877923508,
        "z_hits_at_k": 29.110829362067687,
        "z_inverse_harmonic_mean_rank": 35.62002376476737
      },
      "realistic": {
        "adjusted_arithmetic_mean_rank": 0.5216810393567823,
        "adjusted_arithmetic_mean_rank_index": 0.4783504819745398,
        "adjusted_geometric_mean_rank_index": 0.761552982289033,
        "adjusted_hits_at_k": 0.02367717224516402,
        "adjusted_inverse_harmonic_mean_rank": 0.011738272367913163,
        "arithmetic_mean_rank": 7916.74609375,
        "count": 500.0,
        "geometric_mean_rank": 2661.613525390625,
        "harmonic_mean_rank": 82.68419647216797,
        "hits_at_1": 0.006,
        "hits_at_10": 0.024,
        "hits_at_3": 0.012,
        "hits_at_5": 0.014,
        "inverse_arithmetic_mean_rank": 0.00012631452409550548,
        "inverse_geometric_mean_rank": 0.00037571194116026163,
        "inverse_harmonic_mean_rank": 0.012094209901988506,
        "inverse_median_rank": 0.00022959476336836815,
        "median_absolute_deviation": 6074.22119140625,
        "median_rank": 4355.5,
        "standard_deviation": 8538.88671875,
        "variance": 72912584.0,
        "z_arithmetic_mean_rank": 18.494864557288086,
        "z_geometric_mean_rank": 17.070071010446995,
        "z_hits_at_k": 29.110829362067687,
        "z_inverse_harmonic_mean_rank": 35.62002806573356
      }
    },
    "tail": {
      "optimistic": {
        "adjusted_arithmetic_mean_rank": 0.17606768895541194,
        "adjusted_arithmetic_mean_rank_index": 0.823984461837769,
        "adjusted_geometric_mean_rank_index": 0.9937747648663587,
        "adjusted_hits_at_k": 0.3938081615176096,
        "adjusted_inverse_harmonic_mean_rank": 0.3126080749039896,
        "arithmetic_mean_rank": 2781.876,