{
  "head": {
    "optimistic": {
      "adjusted_arithmetic_mean_rank_index": 0.30801426379732144,
      "count": 500.0,
      "standard_deviation": 2837.6083513804365,
      "adjusted_inverse_harmonic_mean_rank": 0.005120015146702736,
      "median_rank": 2582.5,
      "z_arithmetic_mean_rank": 11.927637000761692,
      "adjusted_arithmetic_mean_rank": 0.6920495812950834,
      "median_absolute_deviation": 3039.334547936484,
      "z_geometric_mean_rank": 11.927012963192917,
      "inverse_geometric_mean_rank": 0.0006001327378332089,
      "arithmetic_mean_rank": 3338.724,
      "adjusted_geometric_mean_rank_index": 0.5313827935177653,
      "variance": 8052021.155823999,
      "harmonic_mean_rank": 163.24711208328105,
      "inverse_median_rank": 0.0003872216844143272,
      "inverse_harmonic_mean_rank": 0.006125682636822676,
      "inverse_arithmetic_mean_rank": 0.00029951562333394434,
      "z_inverse_harmonic_mean_rank": 8.785340787516963,
      "geometric_mean_rank": 1666.2980320162499,
      "hits_at_1": 0.002,
      "hits_at_3": 0.002,
      "hits_at_5": 0.006,
      "hits_at_10": 0.012,
      "z_hits_at_k": 7.6182065926697975,
      "adjusted_hits_at_k": 0.010974787815983586
    },
    "realistic": {
      "adjusted_arithmetic_mean_rank_index": 0.3080140362283349,
      "count": 500.0,
      "standard_deviation": 2837.60888671875,
      "adjusted_inverse_harmonic_mean_rank": 0.0051200154751330496,
      "median_rank": 2582.5,
      "z_arithmetic_mean_rank": 11.927628188311804,
      "adjusted_arithmetic_mean_rank": 0.6920498088168996,
      "median_absolute_deviation": 3039.334547936484,
      "z_geometric_mean_rank": 11.927007163862532,
      "inverse_geometric_mean_rank": 0.000600132392719388,
      "arithmetic_mean_rank": 3338.72509765625,
      "adjusted_geometric_mean_rank_index": 0.5313825351408867,
      "variance": 8052024.5,
      "harmonic_mean_rank": 163.24710333958606,
      "inverse_median_rank": 0.000387221691198647,
      "inverse_harmonic_mean_rank": 0.006125682964920998,
      "inverse_arithmetic_mean_rank": 0.00029951552278362215,
      "z_inverse_harmonic_mean_rank": 8.78534135106456,
      "geometric_mean_rank": 1666.2989501953125,
      "hits_at_1": 0.002,
      "hits_at_3": 0.002,
      "hits_at_5": 0.006,
      "hits_at_10": 0.012,
      "z_hits_at_k": 7.6182065926697975,
      "adjusted_hits_at_k": 0.010974787815983586
    },
    "pessimistic": {
      "adjusted_arithmetic_mean_rank_index": 0.30801384915205043,
      "count": 500.0,
      "standard_deviation": 2837.6095670341965,
      "adjusted_inverse_harmonic_mean_rank": 0.00512001506861774,
      "median_rank": 2582.5,
      "z_arithmetic_mean_rank": 11.927620943913496,
      "adjusted_arithmetic_mean_rank": 0.6920499958544069,
      "median_absolute_deviation": 3039.334547936484,
      "z_geometric_mean_rank": 11.927008806170031,
      "inverse_geometric_mean_rank": 0.0006001325007906016,
      "arithmetic_mean_rank": 3338.726,
      "adjusted_geometric_mean_rank_index": 0.5313826083104178,
      "variance": 8052028.054924,
      "harmonic_mean_rank": 163.24711416211304,
      "inverse_median_rank": 0.0003872216844143272,
      "inverse_harmonic_mean_rank": 0.006125682558816611,
      "inverse_arithmetic_mean_rank": 0.00029951544391483456,
      "z_inverse_harmonic_mean_rank": 8.78534065353234,
      "geometric_mean_rank": 1666.2986901769552,
      "hits_at_1": 0.002,
      "hits_at_3": 0.002,
      "hits_at_5": 0.006,
      "hits_at_10": 0.012,
      "z_hits_at_k": 7.6182065926697975,
      "adjusted_hits_at_k": 0.010974787815983586
    }
  },
  "tail": {
    "optimistic": {
      "adjusted_arithmetic_mean_rank_index": 0.5666699105031026,
      "count": 500.0,
      "standard_deviation": 2808.923091239061,
      "adjusted_inverse_harmonic_mean_rank": 0.06799323412560716,
      "median_rank": 377.0,
      "z_arithmetic_mean_rank": 21.944768911276267,
      "adjusted_arithmetic_mean_rank": 0.43344689917431145,
      "median_absolute_deviation": 555.9758319396008,
      "z_geometric_mean_rank": 20.728366534679438,
      "inverse_geometric_mean_rank": 0.003645473641736924,
      "arithmetic_mean_rank": 2102.748,
      "adjusted_geometric_mean_rank_index": 0.9235176420581336,
      "variance": 7890048.932496,
      "harmonic_mean_rank": 14.507343739360111,
      "inverse_median_rank": 0.002652519893899204,
      "inverse_harmonic_mean_rank": 0.0689306063167776,
      "inverse_arithmetic_mean_rank": 0.0004755681612822839,
      "z_inverse_harmonic_mean_rank": 116.99593063372019,
      "geometric_mean_rank": 274.3127775088067,
      "hits_at_1": 0.028,
      "hits_at_3": 0.082,
      "hits_at_5": 0.102,
      "hits_at_10": 0.14,
      "z_hits_at_k": 96.8380112317899,
      "adjusted_hits_at_k": 0.13911261968531105
    },
    "realistic": {
      "adjusted_arithmetic_mean_rank_index": 0.5666699008386005,
      "count": 500.0,
      "standard_deviation": 2808.923095703125,
      "adjusted_inverse_harmonic_mean_rank": 0.06799323136984349,
      "median_rank": 377.0,
      "z_arithmetic_mean_rank": 21.944768537010297,
      "adjusted_arithmetic_mean_rank": 0.43344690883682135,
      "median_absolute_deviation": 555.9758319396008,
      "z_geometric_mean_rank": 20.728366935938897,
      "inverse_geometric_mean_rank": 0.0036454745568335056,
      "arithmetic_mean_rank": 2102.748046875,
      "adjusted_geometric_mean_rank_index": 0.9235176599355763,
      "variance": 7890048.5,
      "harmonic_mean_rank": 14.50734431876316,
      "inverse_median_rank": 0.0026525198481976986,
      "inverse_harmonic_mean_rank": 0.06893060356378555,
      "inverse_arithmetic_mean_rank": 0.00047556814388372004,
      "z_inverse_harmonic_mean_rank": 116.99592589187876,
      "geometric_mean_rank": 274.3127136230469,
      "hits_at_1": 0.028,
      "hits_at_3": 0.082,
      "hits_at_5": 0.102,
      "hits_at_10": 0.14,
      "z_hits_at_k": 96.8380112317899,
      "adjusted_hits_at_k": 0.13911261968531105
    },
    "pessimistic": {
      "adjusted_arithmetic_mean_rank_index": 0.5666699105031026,
      "count": 500.0,
      "standard_deviation": 2808.923091239061,
      "adjusted_inverse_harmonic_mean_rank": 0.06799323412560716,
      "median_rank": 377.0,
      "z_arithmetic_mean_rank": 21.944768911276267,
      "adjusted_arithmetic_mean_rank": 0.43344689917431145,
      "median_absolute_deviation": 555.9758319396008,
      "z_geometric_mean_rank": 20.728366534679438,
      "inverse_geometric_mean_rank": 0.003645473641736924,
      "arithmetic_mean_rank": 2102.748,
      "adjusted_geometric_mean_rank_index": 0.9235176420581336,
      "variance": 7890048.932496,
      "harmonic_mean_rank": 14.507343739360111,
      "inverse_median_rank": 0.002652519893899204,
      "inverse_harmonic_mean_rank": 0.0689306063167776,
      "inverse_arithmetic_mean_rank": 0.0004755681612822839,
      "z_inverse_harmonic_mean_rank": 116.99593063372019,
      "geometric_mean_rank": 274.3127775088067,
      "hits_at_1": 0.028,
      "hits_at_3": 0.082,
      "hits_at_5": 0.102,
      "hits_at_10": 0.14,
      "z_hits_at_k": 96.8380112317899,
      "adjusted_hits_at_k": 0.13911261968531105
    }
  },
  "both": {
    "optimistic": {
      "adjusted_arithmetic_mean_rank_index": 0.43770070037867925,
      "count": 1000.0,
      "standard_deviation": 2890.146053801434,
      "adjusted_inverse_harmonic_mean_rank": 0.036556704662806416,
      "median_rank": 1554.0,
      "z_arithmetic_mean_rank": 23.970817171076693,
      "adjusted_arithmetic_mean_rank": 0.5623897745509747,
      "median_absolute_deviation": 2264.674888767307,
      "z_geometric_mean_rank": 25.70721143360212,
      "inverse_geometric_mean_rank": 0.001479110569671645,
      "arithmetic_mean_rank": 2720.736,
      "adjusted_geometric_mean_rank_index": 0.810466503257197,
      "variance": 8352944.212304001,
      "harmonic_mean_rank": 26.646667826015197,
      "inverse_median_rank": 0.0006435006435006435,
      "inverse_harmonic_mean_rank": 0.037528144476800133,