{
  "head": {
    "optimistic": {
      "inverse_arithmetic_mean_rank": 0.00022352012910522656,
      "z_inverse_harmonic_mean_rank": 13.381621944891759,
      "geometric_mean_rank": 1602.4806489110713,
      "adjusted_arithmetic_mean_rank_index": 0.7025849398014556,
      "count": 500.0,
      "standard_deviation": 6197.444063248979,
      "adjusted_inverse_harmonic_mean_rank": 0.004429857672830632,
      "median_rank": 1761.0,
      "z_arithmetic_mean_rank": 27.16199670675465,
      "adjusted_arithmetic_mean_rank": 0.2974617741537302,
      "median_absolute_deviation": 2203.8881978085774,
      "z_geometric_mean_rank": 19.16863844988642,
      "inverse_geometric_mean_rank": 0.0006240324965418627,
      "arithmetic_mean_rank": 4473.87,
      "adjusted_geometric_mean_rank_index": 0.8551713231458751,
      "variance": 38408312.917100005,
      "harmonic_mean_rank": 208.7073519339099,
      "inverse_median_rank": 0.0005678591709256105,
      "inverse_harmonic_mean_rank": 0.00479139805442342,
      "hits_at_1": 0.002,
      "hits_at_3": 0.002,
      "hits_at_5": 0.002,
      "hits_at_10": 0.002,
      "z_hits_at_k": 2.040115502140143,
      "adjusted_hits_at_k": 0.0016668802488639446
    },
    "realistic": {
      "inverse_arithmetic_mean_rank": 0.00022352008090820163,
      "z_inverse_harmonic_mean_rank": 13.38162198297922,
      "geometric_mean_rank": 1602.4815673828125,
      "adjusted_arithmetic_mean_rank_index": 0.7025848670746109,
      "count": 500.0,
      "standard_deviation": 6197.44677734375,
      "adjusted_inverse_harmonic_mean_rank": 0.004429857685439121,
      "median_rank": 1761.0,
      "z_arithmetic_mean_rank": 27.16199389512832,
      "adjusted_arithmetic_mean_rank": 0.29746184687573946,
      "median_absolute_deviation": 2203.8881978085774,
      "z_geometric_mean_rank": 19.168636588070225,
      "inverse_geometric_mean_rank": 0.0006240321672521532,
      "arithmetic_mean_rank": 4473.87109375,
      "adjusted_geometric_mean_rank_index": 0.8551712400845861,
      "variance": 38408348.0,
      "harmonic_mean_rank": 208.70735138489923,
      "inverse_median_rank": 0.000567859155125916,
      "inverse_harmonic_mean_rank": 0.00479139806702733,
      "hits_at_1": 0.002,
      "hits_at_3": 0.002,
      "hits_at_5": 0.002,
      "hits_at_10": 0.002,
      "z_hits_at_k": 2.040115502140143,
      "adjusted_hits_at_k": 0.0016668802488639446
    },
    "pessimistic": {
      "inverse_arithmetic_mean_rank": 0.00022352002918277499,
      "z_inverse_harmonic_mean_rank": 13.381621931068214,
      "geometric_mean_rank": 1602.480802188838,
      "adjusted_arithmetic_mean_rank_index": 0.7025848068152252,
      "count": 500.0,
      "standard_deviation": 6197.449367249078,
      "adjusted_inverse_harmonic_mean_rank": 0.00442985766825448,
      "median_rank": 1761.0,
      "z_arithmetic_mean_rank": 27.161991565495068,
      "adjusted_arithmetic_mean_rank": 0.2974619071311186,
      "median_absolute_deviation": 2203.8881978085774,
      "z_geometric_mean_rank": 19.16863813918004,
      "inverse_geometric_mean_rank": 0.0006240324368529682,
      "arithmetic_mean_rank": 4473.872,
      "adjusted_geometric_mean_rank_index": 0.8551713092843176,
      "variance": 38408378.659616,
      "harmonic_mean_rank": 208.70735213316902,
      "inverse_median_rank": 0.0005678591709256105,
      "inverse_harmonic_mean_rank": 0.00479139804984893,
      "hits_at_1": 0.002,
      "hits_at_3": 0.002,
      "hits_at_5": 0.002,
      "hits_at_10": 0.002,
      "z_hits_at_k": 2.040115502140143,
      "adjusted_hits_at_k": 0.0016668802488639446
    }
  },
  "tail": {
    "optimistic": {
      "inverse_arithmetic_mean_rank": 0.0004254200384749883,
      "z_inverse_harmonic_mean_rank": 316.4862023524543,
      "geometric_mean_rank": 157.70889864682508,
      "adjusted_arithmetic_mean_rank_index": 0.8512769255474422,
      "count": 500.0,
      "standard_deviation": 4878.950676946428,
      "adjusted_inverse_harmonic_mean_rank": 0.10203718488842417,
      "median_rank": 188.0,
      "z_arithmetic_mean_rank": 32.96877012421347,
      "adjusted_arithmetic_mean_rank": 0.14877695406551464,
      "median_absolute_deviation": 275.76401264204196,
      "z_geometric_mean_rank": 22.11227119457701,
      "inverse_geometric_mean_rank": 0.006340796293552276,
      "arithmetic_mean_rank": 2350.618,
      "adjusted_geometric_mean_rank_index": 0.9865337671991067,
      "variance": 23804159.708076004,
      "harmonic_mean_rank": 9.770584236025439,
      "inverse_median_rank": 0.005319148936170213,
      "inverse_harmonic_mean_rank": 0.10234802503548023,
      "hits_at_1": 0.01,
      "hits_at_3": 0.156,
      "hits_at_5": 0.204,
      "hits_at_10": 0.256,
      "z_hits_at_k": 321.4310333581157,
      "adjusted_hits_at_k": 0.2557644691740233
    },
    "realistic": {
      "inverse_arithmetic_mean_rank": 0.0004254196537658572,
      "z_inverse_harmonic_mean_rank": 316.4862165568857,
      "geometric_mean_rank": 157.7090606689453,
      "adjusted_arithmetic_mean_rank_index": 0.8512767915364522,
      "count": 500.0,
      "standard_deviation": 4878.95361328125,
      "adjusted_inverse_harmonic_mean_rank": 0.10203718946802412,
      "median_rank": 188.0,
      "z_arithmetic_mean_rank": 32.96876493415441,
      "adjusted_arithmetic_mean_rank": 0.14877708806802267,
      "median_absolute_deviation": 275.76401264204196,
      "z_geometric_mean_rank": 22.11227088250978,
      "inverse_geometric_mean_rank": 0.00634078960865736,
      "arithmetic_mean_rank": 2350.6201171875,
      "adjusted_geometric_mean_rank_index": 0.9865337532763007,
      "variance": 23804188.0,
      "harmonic_mean_rank": 9.770583798988419,
      "inverse_median_rank": 0.005319148767739534,
      "inverse_harmonic_mean_rank": 0.10234802961349489,
      "hits_at_1": 0.01,
      "hits_at_3": 0.156,
      "hits_at_5": 0.204,
      "hits_at_10": 0.256,
      "z_hits_at_k": 321.4310333581157,
      "adjusted_hits_at_k": 0.2557644691740233
    },
    "pessimistic": {
      "inverse_arithmetic_mean_rank": 0.00042541931454738365,
      "z_inverse_harmonic_mean_rank": 316.4862005349255,
      "geometric_mean_rank": 157.70908590465524,
      "adjusted_arithmetic_mean_rank_index": 0.8512766723606272,
      "count": 500.0,
      "standard_deviation": 4878.956920809611,
      "adjusted_inverse_harmonic_mean_rank": 0.10203718430244123,
      "median_rank": 188.0,
      "z_arithmetic_mean_rank": 32.968760318640626,
      "adjusted_arithmetic_mean_rank": 0.14877720723630472,
      "median_absolute_deviation": 275.76401264204196,
      "z_geometric_mean_rank": 22.112270833903835,
      "inverse_geometric_mean_rank": 0.006340788764729516,
      "arithmetic_mean_rank": 2350.622,
      "adjusted_geometric_mean_rank_index": 0.9865337511077579,
      "variance": 23804220.635116,
      "harmonic_mean_rank": 9.770584291946536,
      "inverse_median_rank": 0.005319148936170213,
      "inverse_harmonic_mean_rank": 0.10234802444970012,
      "hits_at_1": 0.01,
      "hits_at_3": 0.156,
      "hits_at_5": 0.204,
      "hits_at_10": 0.256,
      "z_hits_at_k": 321.4310333581157,
      "adjusted_hits_at_k": 0.2557644691740233
    }
  },
  "both": {
    "optimistic": {
      "inverse_arithmetic_mean_rank": 0.0002930622780785899,
      "z_inverse_harmonic_mean_rank": 230.4016052209861,
      "geometric_mean_rank": 502.7180703362618,
      "adjusted_arithmetic_mean_rank_index": 0.7787618958859597,
      "count": 1000.0,
      "standard_deviation": 5677.436576172737,
      "adjusted_inverse_harmonic_mean_rank": 0.053233935955988736,
      "median_rank": 958.5,
      "z_arithmetic_mean_rank": 42.60435415834495,
      "adjusted_arithmetic_mean_rank": 0.22128860786928256,
      "median_absolute_deviation": 1407.730806471069,
      "z_geometric_mean_rank": 30.27381659320755,
      "inverse_geometric_mean_rank": 0.001989186502349344,
      "arithmetic_mean_rank": 3412.244,
      "adjusted_geometric_mean_rank_index": 0.955749447965622,