{
  "head": {
    "optimistic": {
      "geometric_mean_rank": 1442.1994713532297,
      "count": 12998.0,
      "inverse_arithmetic_mean_rank": 0.0002275443065860352,
      "inverse_median_rank": 0.0005670541536716756,
      "z_arithmetic_mean_rank": 138.4177626064016,
      "adjusted_geometric_mean_rank_index": 0.8673425903314026,
      "standard_deviation": 6022.617064708037,
      "z_inverse_harmonic_mean_rank": 113.41786909629381,
      "harmonic_mean_rank": 128.20815871397662,
      "inverse_geometric_mean_rank": 0.0006933853602523445,
      "arithmetic_mean_rank": 4394.748499769195,
      "inverse_harmonic_mean_rank": 0.0077998156281998375,
      "median_absolute_deviation": 2321.0137730705196,
      "z_geometric_mean_rank": 98.98496093491342,
      "median_rank": 1763.5,
      "adjusted_inverse_harmonic_mean_rank": 0.007433240547240133,
      "adjusted_arithmetic_mean_rank_index": 0.7034971233091901,
      "variance": 36271916.30811246,
      "adjusted_arithmetic_mean_rank": 0.2965503475111313,
      "hits_at_1": 0.0021541775657793506,
      "hits_at_3": 0.005154639175257732,
      "hits_at_5": 0.008155100784736113,
      "hits_at_10": 0.013925219264502232,
      "z_hits_at_k": 84.0118991043965,
      "adjusted_hits_at_k": 0.013589841134046298
    },
    "realistic": {
      "geometric_mean_rank": 1442.201171875,
      "count": 12998.0,
      "inverse_arithmetic_mean_rank": 0.00022754418023396283,
      "inverse_median_rank": 0.0005670541431754827,
      "z_arithmetic_mean_rank": 138.41772972025555,
      "adjusted_geometric_mean_rank_index": 0.8673424338042753,
      "standard_deviation": 6022.6201171875,
      "z_inverse_harmonic_mean_rank": 113.41786540754185,
      "harmonic_mean_rank": 128.20816040039062,
      "inverse_geometric_mean_rank": 0.0006933845579624176,
      "arithmetic_mean_rank": 4394.7509765625,
      "inverse_harmonic_mean_rank": 0.007799815386533737,
      "median_absolute_deviation": 2321.013916015625,
      "z_geometric_mean_rank": 98.98494307134744,
      "median_rank": 1763.5,
      "adjusted_inverse_harmonic_mean_rank": 0.0074332403054847476,
      "adjusted_arithmetic_mean_rank_index": 0.7034969561680031,
      "variance": 36271956.0,
      "adjusted_arithmetic_mean_rank": 0.29655051464103993,
      "hits_at_1": 0.0021541775657793506,
      "hits_at_3": 0.005154639175257732,
      "hits_at_5": 0.008155100784736113,
      "hits_at_10": 0.013925219264502232,
      "z_hits_at_k": 84.0118991043965,
      "adjusted_hits_at_k": 0.013589841134046298
    },
    "pessimistic": {
      "geometric_mean_rank": 1442.2013952814702,
      "count": 12998.0,
      "inverse_arithmetic_mean_rank": 0.00022754402774741687,
      "inverse_median_rank": 0.0005670541536716756,
      "z_arithmetic_mean_rank": 138.41769110003293,
      "adjusted_geometric_mean_rank_index": 0.867342413240485,
      "standard_deviation": 6022.623479392118,
      "z_inverse_harmonic_mean_rank": 113.4178542285193,
      "harmonic_mean_rank": 128.2081747247985,
      "inverse_geometric_mean_rank": 0.0006933844352610912,
      "arithmetic_mean_rank": 4394.75388521311,
      "inverse_harmonic_mean_rank": 0.0077998146541476045,
      "median_absolute_deviation": 2321.0137730705196,
      "z_geometric_mean_rank": 98.98494072451703,
      "median_rank": 1763.5,
      "adjusted_inverse_harmonic_mean_rank": 0.00743323957282803,
      "adjusted_arithmetic_mean_rank_index": 0.7034967598838341,
      "variance": 36271993.574525215,
      "adjusted_arithmetic_mean_rank": 0.296550710911964,
      "hits_at_1": 0.0021541775657793506,
      "hits_at_3": 0.005154639175257732,
      "hits_at_5": 0.008155100784736113,
      "hits_at_10": 0.013925219264502232,
      "z_hits_at_k": 84.0118991043965,
      "adjusted_hits_at_k": 0.013589841134046298
    }
  },
  "tail": {
    "optimistic": {
      "geometric_mean_rank": 140.6609730220811,
      "count": 12998.0,
      "inverse_arithmetic_mean_rank": 0.00042946708546811316,
      "inverse_median_rank": 0.006172839506172839,
      "z_arithmetic_mean_rank": 168.37291369100672,
      "adjusted_geometric_mean_rank_index": 0.9879874555659199,
      "standard_deviation": 4810.904513625998,
      "z_inverse_harmonic_mean_rank": 2023.8316046202801,
      "harmonic_mean_rank": 7.795722797648094,
      "inverse_geometric_mean_rank": 0.007109292496099959,
      "arithmetic_mean_rank": 2328.467148792122,
      "inverse_harmonic_mean_rank": 0.1282754692485592,
      "median_absolute_deviation": 237.21635496089633,
      "z_geometric_mean_rank": 112.74745597922274,
      "median_rank": 162.0,
      "adjusted_inverse_harmonic_mean_rank": 0.12797361281559747,
      "adjusted_arithmetic_mean_rank_index": 0.8526819676573845,
      "variance": 23144802.239227,
      "adjusted_arithmetic_mean_rank": 0.14737199979791346,
      "hits_at_1": 0.04962301892598862,
      "hits_at_3": 0.1663332820433913,
      "hits_at_5": 0.2119556854900754,
      "hits_at_10": 0.27442683489767655,
      "z_hits_at_k": 1756.9854036550519,
      "adjusted_hits_at_k": 0.27419714214855817
    },
    "realistic": {
      "geometric_mean_rank": 140.66110229492188,
      "count": 12998.0,
      "inverse_arithmetic_mean_rank": 0.0004294668324291706,
      "inverse_median_rank": 0.006172839552164078,
      "z_arithmetic_mean_rank": 168.37289672971713,
      "adjusted_geometric_mean_rank_index": 0.9879874444468814,
      "standard_deviation": 4810.90673828125,
      "z_inverse_harmonic_mean_rank": 2023.8315998259586,
      "harmonic_mean_rank": 7.795722961425781,
      "inverse_geometric_mean_rank": 0.007109285797923803,
      "arithmetic_mean_rank": 2328.468505859375,
      "inverse_harmonic_mean_rank": 0.12827546894550323,
      "median_absolute_deviation": 237.2163543701172,
      "z_geometric_mean_rank": 112.74745471033687,
      "median_rank": 162.0,
      "adjusted_inverse_harmonic_mean_rank": 0.12797361251243655,
      "adjusted_arithmetic_mean_rank_index": 0.85268188176123,
      "variance": 23144822.0,
      "adjusted_arithmetic_mean_rank": 0.14737208568863133,
      "hits_at_1": 0.04962301892598862,
      "hits_at_3": 0.1663332820433913,
      "hits_at_5": 0.2119556854900754,
      "hits_at_10": 0.27442683489767655,
      "z_hits_at_k": 1756.9854036550519,
      "adjusted_hits_at_k": 0.27419714214855817
    },
    "pessimistic": {
      "geometric_mean_rank": 140.66115132198127,
      "count": 12998.0,
      "inverse_arithmetic_mean_rank": 0.00042946657462773064,
      "inverse_median_rank": 0.006172839506172839,
      "z_arithmetic_mean_rank": 168.3728790744819,
      "adjusted_geometric_mean_rank_index": 0.9879874402299572,
      "standard_deviation": 4810.908227493056,
      "z_inverse_harmonic_mean_rank": 2023.831559393455,
      "harmonic_mean_rank": 7.795722971390001,
      "inverse_geometric_mean_rank": 0.007109283484470733,
      "arithmetic_mean_rank": 2328.4699184489923,
      "inverse_harmonic_mean_rank": 0.12827546638970638,
      "median_absolute_deviation": 237.21635496089633,
      "z_geometric_mean_rank": 112.74745422910863,
      "median_rank": 162.0,
      "adjusted_inverse_harmonic_mean_rank": 0.1279736099557547,
      "adjusted_arithmetic_mean_rank_index": 0.8526817923507638,
      "variance": 23144837.973360375,
      "adjusted_arithmetic_mean_rank": 0.14737217509343864,
      "hits_at_1": 0.04962301892598862,
      "hits_at_3": 0.1663332820433913,
      "hits_at_5": 0.2119556854900754,
      "hits_at_10": 0.27442683489767655,
      "z_hits_at_k": 1756.9854036550519,
      "adjusted_hits_at_k": 0.27419714214855817
    }
  },
  "both": {
    "optimistic": {
      "geometric_mean_rank": 450.4011333605594,
      "count": 25996.0,
      "inverse_arithmetic_mean_rank": 0.0002974766993273486,
      "inverse_median_rank": 0.001100715465052284,
      "z_arithmetic_mean_rank": 217.4747413496122,
      "adjusted_geometric_mean_rank_index": 0.960012324562338,
      "standard_deviation": 5547.5885688304825,
      "z_inverse_harmonic_mean_rank": 1486.8588862475112,