{
  "losses": [
    0.7996412536092833,
    0.32892537029350505,
    0.27785315978176456
  ],
  "metrics": {
    "both": {
      "optimistic": {
        "adjusted_arithmetic_mean_rank": 0.22128860786928256,
        "adjusted_arithmetic_mean_rank_index": 0.7787618958859597,
        "adjusted_geometric_mean_rank_index": 0.955749447965622,
        "adjusted_hits_at_k": 0.12871676784176386,
        "adjusted_inverse_harmonic_mean_rank": 0.053233935955988736,
        "arithmetic_mean_rank": 3412.244,
        "count": 1000.0,
        "geometric_mean_rank": 502.7180703362618,
        "harmonic_mean_rank": 18.667264974179908,
        "hits_at_1": 0.006,
        "hits_at_10": 0.129,
        "hits_at_3": 0.079,
        "hits_at_5": 0.103,
        "inverse_arithmetic_mean_rank": 0.0002930622780785899,
        "inverse_geometric_mean_rank": 0.001989186502349344,
        "inverse_harmonic_mean_rank": 0.05356971154495181,
        "inverse_median_rank": 0.0010432968179447052,
        "median_absolute_deviation": 1407.730806471069,
        "median_rank": 958.5,
        "standard_deviation": 5677.436576172737,
        "variance": 32233286.076464005,
        "z_arithmetic_mean_rank": 42.60435415834495,
        "z_geometric_mean_rank": 30.27381659320755,
        "z_hits_at_k": 225.72159614748227,
        "z_inverse_harmonic_mean_rank": 230.4016052209861
      },
      "pessimistic": {
        "adjusted_arithmetic_mean_rank": 0.22128880242331314,
        "adjusted_arithmetic_mean_rank_index": 0.7787617013193111,
        "adjusted_geometric_mean_rank_index": 0.9557494195220086,
        "adjusted_hits_at_k": 0.12871676784176386,
        "adjusted_inverse_harmonic_mean_rank": 0.05323393566070672,
        "arithmetic_mean_rank": 3412.247,
        "count": 1000.0,
        "geometric_mean_rank": 502.7183928333636,
        "harmonic_mean_rank": 18.66726507703939,
        "hits_at_1": 0.006,
        "hits_at_10": 0.129,
        "hits_at_3": 0.079,
        "hits_at_5": 0.103,
        "inverse_arithmetic_mean_rank": 0.00029306202042231994,
        "inverse_geometric_mean_rank": 0.0019891852262733318,
        "inverse_harmonic_mean_rank": 0.05356971124977452,
        "inverse_median_rank": 0.0010432968179447052,
        "median_absolute_deviation": 1407.730806471069,
        "median_rank": 958.5,
        "standard_deviation": 5677.441966941715,
        "variance": 32233347.287991006,
        "z_arithmetic_mean_rank": 42.604343514030624,
        "z_geometric_mean_rank": 30.27381569224262,
        "z_hits_at_k": 225.72159614748227,
        "z_inverse_harmonic_mean_rank": 230.4016039429771
      },
      "realistic": {
        "adjusted_arithmetic_mean_rank": 0.221288711986088,
        "adjusted_arithmetic_mean_rank_index": 0.7787617917624017,
        "adjusted_geometric_mean_rank_index": 0.9557494337776518,
        "adjusted_hits_at_k": 0.12871676784176386,
        "adjusted_inverse_harmonic_mean_rank": 0.05323393242928118,
        "arithmetic_mean_rank": 3412.24560546875,
        "count": 1000.0,
        "geometric_mean_rank": 502.7182312011719,
        "harmonic_mean_rank": 18.667266202684573,
        "hits_at_1": 0.006,
        "hits_at_10": 0.129,
        "hits_at_3": 0.079,
        "hits_at_5": 0.103,
        "inverse_arithmetic_mean_rank": 0.0002930621267296374,
        "inverse_geometric_mean_rank": 0.0019891858100891113,
        "inverse_harmonic_mean_rank": 0.05356970801949502,
        "inverse_median_rank": 0.0010432967683300376,
        "median_absolute_deviation": 1407.730806471069,
        "median_rank": 958.5,
        "standard_deviation": 5677.439453125,
        "variance": 32233316.0,
        "z_arithmetic_mean_rank": 42.60434846197361,
        "z_geometric_mean_rank": 30.273816143796868,
        "z_hits_at_k": 225.72159614748227,
        "z_inverse_harmonic_mean_rank": 230.4015899570559
      }
    },
    "head": {
      "optimistic": {
        "adjusted_arithmetic_mean_rank": 0.2974617741537302,
        "adjusted_arithmetic_mean_rank_index": 0.7025849398014556,
        "adjusted_geometric_mean_rank_index": 0.8551713231458751,
        "adjusted_hits_at_k": 0.0016668802488639446,
        "adjusted_inverse_harmonic_mean_rank": 0.004429857672830632,
        "arithmetic_mean_rank": 4473.87,
        "count": 500.0,
        "geometric_mean_rank": 1602.4806489110713,
        "harmonic_mean_rank": 208.7073519339099,
        "hits_at_1": 0.002,
        "hits_at_10": 0.002,
        "hits_at_3": 0.002,
        "hits_at_5": 0.002,
        "inverse_arithmetic_mean_rank": 0.00022352012910522656,
        "inverse_geometric_mean_rank": 0.0006240324965418627,
        "inverse_harmonic_mean_rank": 0.00479139805442342,
        "inverse_median_rank": 0.0005678591709256105,
        "median_absolute_deviation": 2203.8881978085774,
        "median_rank": 1761.0,
        "standard_deviation": 6197.444063248979,
        "variance": 38408312.917100005,
        "z_arithmetic_mean_rank": 27.16199670675465,
        "z_geometric_mean_rank": 19.16863844988642,
        "z_hits_at_k": 2.040115502140143,
        "z_inverse_harmonic_mean_rank": 13.381621944891759
      },
      "pessimistic": {
        "adjusted_arithmetic_mean_rank": 0.2974619071311186,
        "adjusted_arithmetic_mean_rank_index": 0.7025848068152252,
        "adjusted_geometric_mean_rank_index": 0.8551713092843176,
        "adjusted_hits_at_k": 0.0016668802488639446,
        "adjusted_inverse_harmonic_mean_rank": 0.00442985766825448,
        "arithmetic_mean_rank": 4473.872,
        "count": 500.0,
        "geometric_mean_rank": 1602.480802188838,
        "harmonic_mean_rank": 208.70735213316902,
        "hits_at_1": 0.002,
        "hits_at_10": 0.002,
        "hits_at_3": 0.002,
        "hits_at_5": 0.002,
        "inverse_arithmetic_mean_rank": 0.00022352002918277499,
        "inverse_geometric_mean_rank": 0.0006240324368529682,
        "inverse_harmonic_mean_rank": 0.00479139804984893,
        "inverse_median_rank": 0.0005678591709256105,
        "median_absolute_deviation": 2203.8881978085774,
        "median_rank": 1761.0,
        "standard_deviation": 6197.449367249078,
        "variance": 38408378.659616,
        "z_arithmetic_mean_rank": 27.161991565495068,
        "z_geometric_mean_rank": 19.16863813918004,
        "z_hits_at_k": 2.040115502140143,
        "z_inverse_harmonic_mean_rank": 13.381621931068214
      },
      "realistic": {
        "adjusted_arithmetic_mean_rank": 0.29746184687573946,
        "adjusted_arithmetic_mean_rank_index": 0.7025848670746109,
        "adjusted_geometric_mean_rank_index": 0.8551712400845861,
        "adjusted_hits_at_k": 0.0016668802488639446,
        "adjusted_inverse_harmonic_mean_rank": 0.004429857685439121,
        "arithmetic_mean_rank": 4473.87109375,
        "count": 500.0,
        "geometric_mean_rank": 1602.4815673828125,
        "harmonic_mean_rank": 208.70735138489923,
        "hits_at_1": 0.002,
        "hits_at_10": 0.002,
        "hits_at_3": 0.002,
        "hits_at_5": 0.002,
        "inverse_arithmetic_mean_rank": 0.00022352008090820163,
        "inverse_geometric_mean_rank": 0.0006240321672521532,
        "inverse_harmonic_mean_rank": 0.00479139806702733,
        "inverse_median_rank": 0.000567859155125916,
        "median_absolute_deviation": 2203.8881978085774,
        "median_rank": 1761.0,
        "standard_deviation": 6197.44677734375,
        "variance": 38408348.0,
        "z_arithmetic_mean_rank": 27.16199389512832,
        "z_geometric_mean_rank": 19.168636588070225,
        "z_hits_at_k": 2.040115502140143,
        "z_inverse_harmonic_mean_rank": 13.38162198297922
      }
    },
    "tail": {
      "optimistic": {
        "adjusted_arithmetic_mean_rank": 0.14877695406551464,
        "adjusted_arithmetic_mean_rank_index": 0.8512769255474422,
        "adjusted_geometric_mean_rank_index": 0.9865337671991067,
        "adjusted_hits_at_k": 0.2557644691740233,
        "adjusted_inverse_harmonic_mean_rank": 0.10203718488842417,