{
  "losses": [
    0.9683003297039107,
    0.2925759442881042,
    0.16069855146548329
  ],
  "metrics": {
    "both": {
      "optimistic": {
        "adjusted_arithmetic_mean_rank": 0.5623897745509747,
        "adjusted_arithmetic_mean_rank_index": 0.43770070037867925,
        "adjusted_geometric_mean_rank_index": 0.810466503257197,
        "adjusted_hits_at_k": 0.07504389020899799,
        "adjusted_inverse_harmonic_mean_rank": 0.036556704662806416,
        "arithmetic_mean_rank": 2720.736,
        "count": 1000.0,
        "geometric_mean_rank": 676.0819782539955,
        "harmonic_mean_rank": 26.646667826015197,
        "hits_at_1": 0.015,
        "hits_at_10": 0.076,
        "hits_at_3": 0.042,
        "hits_at_5": 0.054,
        "inverse_arithmetic_mean_rank": 0.0003675476047657693,
        "inverse_geometric_mean_rank": 0.001479110569671645,
        "inverse_harmonic_mean_rank": 0.037528144476800133,
        "inverse_median_rank": 0.0006435006435006435,
        "median_absolute_deviation": 2264.674888767307,
        "median_rank": 1554.0,
        "standard_deviation": 2890.146053801434,
        "variance": 8352944.212304001,
        "z_arithmetic_mean_rank": 23.970817171076693,
        "z_geometric_mean_rank": 25.70721143360212,
        "z_hits_at_k": 73.77300147040222,
        "z_inverse_harmonic_mean_rank": 88.83362807652935
      },
      "pessimistic": {
        "adjusted_arithmetic_mean_rank": 0.5623899812559894,
        "adjusted_arithmetic_mean_rank_index": 0.4377004936309288,
        "adjusted_geometric_mean_rank_index": 0.8104664657704247,
        "adjusted_hits_at_k": 0.07504389020899799,
        "adjusted_inverse_harmonic_mean_rank": 0.03655670462376402,
        "arithmetic_mean_rank": 2720.737,
        "count": 1000.0,
        "geometric_mean_rank": 676.082111774692,
        "harmonic_mean_rank": 26.646667853709097,
        "hits_at_1": 0.015,
        "hits_at_10": 0.076,
        "hits_at_3": 0.042,
        "hits_at_5": 0.054,
        "inverse_arithmetic_mean_rank": 0.00036754746967457714,
        "inverse_geometric_mean_rank": 0.0014791102775593853,
        "inverse_harmonic_mean_rank": 0.037528144437797104,
        "inverse_median_rank": 0.0006435006435006435,
        "median_absolute_deviation": 2264.674888767307,
        "median_rank": 1554.0,
        "standard_deviation": 2890.146864405164,
        "variance": 8352948.897831001,
        "z_arithmetic_mean_rank": 23.97080584847081,
        "z_geometric_mean_rank": 25.707210244558055,
        "z_hits_at_k": 73.77300147040222,
        "z_inverse_harmonic_mean_rank": 88.83362798165543
      },
      "realistic": {
        "adjusted_arithmetic_mean_rank": 0.5623898928411492,
        "adjusted_arithmetic_mean_rank_index": 0.4377005820640486,
        "adjusted_geometric_mean_rank_index": 0.8104664712422339,
        "adjusted_hits_at_k": 0.07504389020899799,
        "adjusted_inverse_harmonic_mean_rank": 0.03655670624592354,
        "arithmetic_mean_rank": 2720.736572265625,
        "count": 1000.0,
        "geometric_mean_rank": 676.0820922851562,
        "harmonic_mean_rank": 26.646666703064408,
        "hits_at_1": 0.015,
        "hits_at_10": 0.076,
        "hits_at_3": 0.042,
        "hits_at_5": 0.054,
        "inverse_arithmetic_mean_rank": 0.0003675475309137255,
        "inverse_geometric_mean_rank": 0.001479110331274569,
        "inverse_harmonic_mean_rank": 0.037528146058321,
        "inverse_median_rank": 0.000643500650767237,
        "median_absolute_deviation": 2264.674888767307,
        "median_rank": 1554.0,
        "standard_deviation": 2890.146484375,
        "variance": 8352947.0,
        "z_arithmetic_mean_rank": 23.97081069153856,
        "z_geometric_mean_rank": 25.70721041811854,
        "z_hits_at_k": 73.77300147040222,
        "z_inverse_harmonic_mean_rank": 88.83363192354015
      }
    },
    "head": {
      "optimistic": {
        "adjusted_arithmetic_mean_rank": 0.6920495812950834,
        "adjusted_arithmetic_mean_rank_index": 0.30801426379732144,
        "adjusted_geometric_mean_rank_index": 0.5313827935177653,
        "adjusted_hits_at_k": 0.010974787815983586,
        "adjusted_inverse_harmonic_mean_rank": 0.005120015146702736,
        "arithmetic_mean_rank": 3338.724,
        "count": 500.0,
        "geometric_mean_rank": 1666.2980320162499,
        "harmonic_mean_rank": 163.24711208328105,
        "hits_at_1": 0.002,
        "hits_at_10": 0.012,
        "hits_at_3": 0.002,
        "hits_at_5": 0.006,
        "inverse_arithmetic_mean_rank": 0.00029951562333394434,
        "inverse_geometric_mean_rank": 0.0006001327378332089,
        "inverse_harmonic_mean_rank": 0.006125682636822676,
        "inverse_median_rank": 0.0003872216844143272,
        "median_absolute_deviation": 3039.334547936484,
        "median_rank": 2582.5,
        "standard_deviation": 2837.6083513804365,
        "variance": 8052021.155823999,
        "z_arithmetic_mean_rank": 11.927637000761692,
        "z_geometric_mean_rank": 11.927012963192917,
        "z_hits_at_k": 7.6182065926697975,
        "z_inverse_harmonic_mean_rank": 8.785340787516963
      },
      "pessimistic": {
        "adjusted_arithmetic_mean_rank": 0.6920499958544069,
        "adjusted_arithmetic_mean_rank_index": 0.30801384915205043,
        "adjusted_geometric_mean_rank_index": 0.5313826083104178,
        "adjusted_hits_at_k": 0.010974787815983586,
        "adjusted_inverse_harmonic_mean_rank": 0.00512001506861774,
        "arithmetic_mean_rank": 3338.726,
        "count": 500.0,
        "geometric_mean_rank": 1666.2986901769552,
        "harmonic_mean_rank": 163.24711416211304,
        "hits_at_1": 0.002,
        "hits_at_10": 0.012,
        "hits_at_3": 0.002,
        "hits_at_5": 0.006,
        "inverse_arithmetic_mean_rank": 0.00029951544391483456,
        "inverse_geometric_mean_rank": 0.0006001325007906016,
        "inverse_harmonic_mean_rank": 0.006125682558816611,
        "inverse_median_rank": 0.0003872216844143272,
        "median_absolute_deviation": 3039.334547936484,
        "median_rank": 2582.5,
        "standard_deviation": 2837.6095670341965,
        "variance": 8052028.054924,
        "z_arithmetic_mean_rank": 11.927620943913496,
        "z_geometric_mean_rank": 11.927008806170031,
        "z_hits_at_k": 7.6182065926697975,
        "z_inverse_harmonic_mean_rank": 8.78534065353234
      },
      "realistic": {
        "adjusted_arithmetic_mean_rank": 0.6920498088168996,
        "adjusted_arithmetic_mean_rank_index": 0.3080140362283349,
        "adjusted_geometric_mean_rank_index": 0.5313825351408867,
        "adjusted_hits_at_k": 0.010974787815983586,
        "adjusted_inverse_harmonic_mean_rank": 0.0051200154751330496,
        "arithmetic_mean_rank": 3338.72509765625,
        "count": 500.0,
        "geometric_mean_rank": 1666.2989501953125,
        "harmonic_mean_rank": 163.24710333958606,
        "hits_at_1": 0.002,
        "hits_at_10": 0.012,
        "hits_at_3": 0.002,
        "hits_at_5": 0.006,
        "inverse_arithmetic_mean_rank": 0.00029951552278362215,
        "inverse_geometric_mean_rank": 0.000600132392719388,
        "inverse_harmonic_mean_rank": 0.006125682964920998,
        "inverse_median_rank": 0.000387221691198647,
        "median_absolute_deviation": 3039.334547936484,
        "median_rank": 2582.5,
        "standard_deviation": 2837.60888671875,
        "variance": 8052024.5,
        "z_arithmetic_mean_rank": 11.927628188311804,
        "z_geometric_mean_rank": 11.927007163862532,
        "z_hits_at_k": 7.6182065926697975,
        "z_inverse_harmonic_mean_rank": 8.78534135106456
      }
    },
    "tail": {
      "optimistic": {
        "adjusted_arithmetic_mean_rank": 0.43344689917431145,
        "adjusted_arithmetic_mean_rank_index": 0.5666699105031026,
        "adjusted_geometric_mean_rank_index": 0.9235176420581336,
        "adjusted_hits_at_k": 0.13911261968531105,
        "adjusted_inverse_harmonic_mean_rank": 0.06799323412560716,