{
  "losses": [
    0.7894307170428482,
    0.32793795434283274,
    0.27942391222014146
  ],
  "metrics": {
    "both": {
      "optimistic": {
        "adjusted_arithmetic_mean_rank": 0.21957301537209478,
        "adjusted_arithmetic_mean_rank_index": 0.7804779637750561,
        "adjusted_geometric_mean_rank_index": 0.960012324562338,
        "adjusted_hits_at_k": 0.14389502526654524,
        "adjusted_inverse_harmonic_mean_rank": 0.06770412501574816,
        "arithmetic_mean_rank": 3361.6078242806584,
        "count": 25996.0,
        "geometric_mean_rank": 450.4011333605594,
        "harmonic_mean_rank": 14.69774619109829,
        "hits_at_1": 0.025888598245883982,
        "hits_at_10": 0.1441760270810894,
        "hits_at_3": 0.08574396060932452,
        "hits_at_5": 0.11005539313740575,
        "inverse_arithmetic_mean_rank": 0.0002974766993273486,
        "inverse_geometric_mean_rank": 0.00222024308095928,
        "inverse_harmonic_mean_rank": 0.06803764243837952,
        "inverse_median_rank": 0.001100715465052284,
        "median_absolute_deviation": 1338.0485022013058,
        "median_rank": 908.5,
        "standard_deviation": 5547.5885688304825,
        "variance": 30775738.929018643,
        "z_arithmetic_mean_rank": 217.4747413496122,
        "z_geometric_mean_rank": 154.93413637011636,
        "z_hits_at_k": 1280.3747703634838,
        "z_inverse_harmonic_mean_rank": 1486.8588862475112
      },
      "pessimistic": {
        "adjusted_arithmetic_mean_rank": 0.21957328170894366,
        "adjusted_arithmetic_mean_rank_index": 0.7804776974208095,
        "adjusted_geometric_mean_rank_index": 0.9600122724304281,
        "adjusted_hits_at_k": 0.14389502526654524,
        "adjusted_inverse_harmonic_mean_rank": 0.06770412309860979,
        "arithmetic_mean_rank": 3361.611901831051,
        "count": 25996.0,
        "geometric_mean_rank": 450.40171924456416,
        "harmonic_mean_rank": 14.697746605097553,
        "hits_at_1": 0.025888598245883982,
        "hits_at_10": 0.1441760270810894,
        "hits_at_3": 0.08574396060932452,
        "hits_at_5": 0.11005539313740575,
        "inverse_arithmetic_mean_rank": 0.0002974763384956204,
        "inverse_geometric_mean_rank": 0.0022202401928599408,
        "inverse_harmonic_mean_rank": 0.06803764052192698,
        "inverse_median_rank": 0.001100715465052284,
        "median_absolute_deviation": 1338.0485022013058,
        "median_rank": 908.5,
        "standard_deviation": 5547.593904727473,
        "variance": 30775798.13176941,
        "z_arithmetic_mean_rank": 217.47466713185904,
        "z_geometric_mean_rank": 154.93412795666973,
        "z_hits_at_k": 1280.3747703634838,
        "z_inverse_harmonic_mean_rank": 1486.858844144992
      },
      "realistic": {
        "adjusted_arithmetic_mean_rank": 0.21957314855524157,
        "adjusted_arithmetic_mean_rank_index": 0.7804778305832095,
        "adjusted_geometric_mean_rank_index": 0.9600123146182425,
        "adjusted_hits_at_k": 0.14389502526654524,
        "adjusted_inverse_harmonic_mean_rank": 0.06770413405984828,
        "arithmetic_mean_rank": 3361.60986328125,
        "count": 25996.0,
        "geometric_mean_rank": 450.4012451171875,
        "harmonic_mean_rank": 14.697744369506836,
        "hits_at_1": 0.025888598245883982,
        "hits_at_10": 0.1441760270810894,
        "hits_at_3": 0.08574396060932452,
        "hits_at_5": 0.11005539313740575,
        "inverse_arithmetic_mean_rank": 0.0002974765084218234,
        "inverse_geometric_mean_rank": 0.002220242517068982,
        "inverse_harmonic_mean_rank": 0.06803765147924423,
        "inverse_median_rank": 0.0011007154826074839,
        "median_absolute_deviation": 1338.048583984375,
        "median_rank": 908.5,
        "standard_deviation": 5547.59130859375,
        "variance": 30775768.0,
        "z_arithmetic_mean_rank": 217.47470423663307,
        "z_geometric_mean_rank": 154.93413476526212,
        "z_hits_at_k": 1280.3747703634838,
        "z_inverse_harmonic_mean_rank": 1486.8590848661424
      }
    },
    "head": {
      "optimistic": {
        "adjusted_arithmetic_mean_rank": 0.2965503475111313,
        "adjusted_arithmetic_mean_rank_index": 0.7034971233091901,
        "adjusted_geometric_mean_rank_index": 0.8673425903314026,
        "adjusted_hits_at_k": 0.013589841134046298,
        "adjusted_inverse_harmonic_mean_rank": 0.007433240547240133,
        "arithmetic_mean_rank": 4394.748499769195,
        "count": 12998.0,
        "geometric_mean_rank": 1442.1994713532297,
        "harmonic_mean_rank": 128.20815871397662,
        "hits_at_1": 0.0021541775657793506,
        "hits_at_10": 0.013925219264502232,
        "hits_at_3": 0.005154639175257732,
        "hits_at_5": 0.008155100784736113,
        "inverse_arithmetic_mean_rank": 0.0002275443065860352,
        "inverse_geometric_mean_rank": 0.0006933853602523445,
        "inverse_harmonic_mean_rank": 0.0077998156281998375,
        "inverse_median_rank": 0.0005670541536716756,
        "median_absolute_deviation": 2321.0137730705196,
        "median_rank": 1763.5,
        "standard_deviation": 6022.617064708037,
        "variance": 36271916.30811246,
        "z_arithmetic_mean_rank": 138.4177626064016,
        "z_geometric_mean_rank": 98.98496093491342,
        "z_hits_at_k": 84.0118991043965,
        "z_inverse_harmonic_mean_rank": 113.41786909629381
      },
      "pessimistic": {
        "adjusted_arithmetic_mean_rank": 0.296550710911964,
        "adjusted_arithmetic_mean_rank_index": 0.7034967598838341,
        "adjusted_geometric_mean_rank_index": 0.867342413240485,
        "adjusted_hits_at_k": 0.013589841134046298,
        "adjusted_inverse_harmonic_mean_rank": 0.00743323957282803,
        "arithmetic_mean_rank": 4394.75388521311,
        "count": 12998.0,
        "geometric_mean_rank": 1442.2013952814702,
        "harmonic_mean_rank": 128.2081747247985,
        "hits_at_1": 0.0021541775657793506,
        "hits_at_10": 0.013925219264502232,
        "hits_at_3": 0.005154639175257732,
        "hits_at_5": 0.008155100784736113,
        "inverse_arithmetic_mean_rank": 0.00022754402774741687,
        "inverse_geometric_mean_rank": 0.0006933844352610912,
        "inverse_harmonic_mean_rank": 0.0077998146541476045,
        "inverse_median_rank": 0.0005670541536716756,
        "median_absolute_deviation": 2321.0137730705196,
        "median_rank": 1763.5,
        "standard_deviation": 6022.623479392118,
        "variance": 36271993.574525215,
        "z_arithmetic_mean_rank": 138.41769110003293,
        "z_geometric_mean_rank": 98.98494072451703,
        "z_hits_at_k": 84.0118991043965,
        "z_inverse_harmonic_mean_rank": 113.4178542285193
      },
      "realistic": {
        "adjusted_arithmetic_mean_rank": 0.29655051464103993,
        "adjusted_arithmetic_mean_rank_index": 0.7034969561680031,
        "adjusted_geometric_mean_rank_index": 0.8673424338042753,
        "adjusted_hits_at_k": 0.013589841134046298,
        "adjusted_inverse_harmonic_mean_rank": 0.0074332403054847476,
        "arithmetic_mean_rank": 4394.7509765625,
        "count": 12998.0,
        "geometric_mean_rank": 1442.201171875,
        "harmonic_mean_rank": 128.20816040039062,
        "hits_at_1": 0.0021541775657793506,
        "hits_at_10": 0.013925219264502232,
        "hits_at_3": 0.005154639175257732,
        "hits_at_5": 0.008155100784736113,
        "inverse_arithmetic_mean_rank": 0.00022754418023396283,
        "inverse_geometric_mean_rank": 0.0006933845579624176,
        "inverse_harmonic_mean_rank": 0.007799815386533737,
        "inverse_median_rank": 0.0005670541431754827,
        "median_absolute_deviation": 2321.013916015625,
        "median_rank": 1763.5,
        "standard_deviation": 6022.6201171875,
        "variance": 36271956.0,
        "z_arithmetic_mean_rank": 138.41772972025555,
        "z_geometric_mean_rank": 98.98494307134744,
        "z_hits_at_k": 84.0118991043965,